#chr	start	end	mean_bad	id	max_cover	ref	alt	n_reps	ref_comb_es	alt_comb_es	ref_comb_pval	alt_comb_pval	ref_fdr_comb_pval	alt_fdr_comb_pval	pref_allele	comb_es	comb_pval	fdr_comb_pval	38
chr11	44066164	44066165	2.0	rs178513	50	T	G	1	1.9660736860051542	-1.8987799012326545	0.00020512619897383207	1.0	0.09180329795892501	1.0	ref	1.9660736860051542	0.00020512619897383207	0.09180329795892501	38
chr11	86743543	86743544	2.0	rs2433437	53	G	A	1	2.0591830903888564	-2.0114810785881283	8.940405606593292e-05	1.0	0.07755637764429114	1.0	ref	2.0591830903888564	8.940405606593292e-05	0.07755637764429114	38
chr15	55897393	55897394	1.5	rs12593593	46	A	G	1	1.8853429622125417	-1.8916257391008258	0.00014178496827109898	1.0	0.07755637764429114	1.0	ref	1.8853429622125417	0.00014178496827109898	0.07755637764429114	38
chr6	36594243	36594244	1.0	rs1076931	55	G	C	1	2.3251054494347576	-2.192628016586002	1.2458518040491795e-07	0.9999889170516498	0.000613332843133411	1.0	ref	2.3251054494347576	1.2458518040491795e-07	0.000613332843133411	38
chr6	42979274	42979275	1.0	rs9462860	37	G	C	1	-2.277649270208742	2.105340706758874	0.9999192107750531	3.6705585781662564e-06	1.0	0.01807015988031248	alt	2.105340706758874	3.6705585781662564e-06	0.01807015988031248	38
chr6	73580593	73580594	1.0	rs479248	32	C	T	1	1.7915364901971818	-1.8705327950015995	0.00011574591513083443	0.9985057004955062	0.07755637764429114	1.0	ref	1.7915364901971818	0.00011574591513083443	0.07755637764429114	38
chr6	154734184	154734185	1.0	rs4452651	49	A	G	1	1.703976226429445	-1.4326271985414305	0.0001408907393096134	0.9973540547821167	0.07755637764429114	1.0	ref	1.703976226429445	0.0001408907393096134	0.07755637764429114	38
chr6	154734188	154734189	1.0	rs4385322	49	C	T	1	1.703976226429445	-1.4326271985414305	0.0001408907393096134	0.9973540547821167	0.07755637764429114	1.0	ref	1.703976226429445	0.0001408907393096134	0.07755637764429114	38
chr6	157324126	157324127	1.0	rs3812104	31	C	G	2	1.864742447625138	-0.20132280493286325	4.839701388644526e-05	0.6750500893604834	0.07755637764429114	0.8803012338545291	ref	1.864742447625138	4.839701388644526e-05	0.07755637764429114	38
chr6	159790388	159790389	1.0	rs2273826	51	A	G	1	1.6430925456798677	-1.3605473715675074	0.00019486993075692555	0.9967377813361372	0.09180329795892501	1.0	ref	1.6430925456798677	0.00019486993075692555	0.09180329795892501	38
chr6	159790391	159790392	1.0	rs2273825	51	A	C	1	1.918126490324184	-1.6866361857136543	1.7278434125876198e-05	0.9994993853515041	0.04253086560084426	1.0	ref	1.918126490324184	1.7278434125876198e-05	0.04253086560084426	38
chr6	161922984	161922985	1.0	rs9365353	36	G	T	1	1.8575122345348478	-1.814915501233377	6.767262072764746e-05	0.9984457587154785	0.07755637764429114	1.0	ref	1.8575122345348478	6.767262072764746e-05	0.07755637764429114	38
