#chr	start	end	mean_bad	id	max_cover	ref	alt	n_reps	ref_comb_es	alt_comb_es	ref_comb_pval	alt_comb_pval	ref_fdr_comb_pval	alt_fdr_comb_pval	pref_allele	comb_es	comb_pval	fdr_comb_pval	2288
chr1	59674766	59674767	1.5	rs4578243	69	C	T	7	1.2058727382132726	-0.23076334024441542	7.008732961615994e-05	0.8273561469814679	0.03053651038045614	0.9932237580427525	ref	1.2058727382132726	7.008732961615994e-05	0.03053651038045614	2288
chr1	147084778	147084779	1.0	rs4528168	24	C	G	3	-1.1214428622277872	1.2161146013252409	0.9857775209877234	0.00014218933071861656	1.0	0.03097539881500939	alt	1.2161146013252409	0.00014218933071861656	0.03097539881500939	2288
chr1	154405421	154405422	1.25	rs4845617	48	G	A	6	0.9619810886873077	-0.26466665481934243	0.0005916065430402719	0.9332601446525483	0.08059099731421553	1.0	ref	0.9619810886873077	0.0005916065430402719	0.08059099731421553	2288
chr1	157566589	157566590	1.0	rs12734708	32	A	G	3	1.6207357820089643	-0.635283681383036	1.4152387597646818e-05	0.9910278750722912	0.013665415482104794	1.0	ref	1.6207357820089643	1.4152387597646818e-05	0.013665415482104794	2288
chr1	159922297	159922298	1.2	rs2789422	34	G	A	5	1.3881580397485322	-0.8440266300098572	1.3989720743536391e-05	0.9989145909289014	0.013665415482104794	1.0	ref	1.3881580397485322	1.3989720743536391e-05	0.013665415482104794	2288
chr1	165537582	165537583	1.0	rs369231	35	G	A	1	-2.1902349794955684	2.006139916344618	0.9994189410080313	0.00013332294126037241	1.0	0.029808202867055898	alt	2.006139916344618	0.00013332294126037241	0.029808202867055898	2288
chr1	167556112	167556113	1.5	rs1005298	62	A	C	2	-2.6148932005272245	1.9304277344128722	0.999969838468439	0.00021589678352226306	1.0	0.039698322326825713	alt	1.9304277344128722	0.00021589678352226306	0.039698322326825713	2288
chr1	169891213	169891214	1.0	rs12121614	35	G	C	3	1.3867161100373036	-1.043928422130573	6.927295753998633e-05	0.9977504184427335	0.03053651038045614	1.0	ref	1.3867161100373036	6.927295753998633e-05	0.03053651038045614	2288
chr1	172286975	172286976	1.25	rs2586393	41	T	C	6	0.007017937737808146	1.0168661583803482	0.7369802280584263	0.0011400272952991981	0.9346793081949762	0.09934022462422551	alt	1.0168661583803482	0.0011400272952991981	0.09934022462422551	2288
chr1	173409773	173409774	1.0	rs142706221	41	T	C	3	1.175653211846443	-0.5971163316822372	0.000808533541705522	0.9729197835075686	0.09445684500966965	1.0	ref	1.175653211846443	0.000808533541705522	0.09445684500966965	2288
chr1	179366002	179366003	1.0	rs17369102	37	A	G	3	1.5320487196235	-0.6778632906176076	3.101789897949518e-05	0.9986750206148377	0.020271389979214696	1.0	ref	1.5320487196235	3.101789897949518e-05	0.020271389979214696	2288
chr1	182171049	182171050	1.1666666666666667	rs17447211	36	C	G	3	-0.9954637178473367	1.3958804547177959	0.9235950389414411	0.00010399306767441049	1.0	0.024206167204432645	alt	1.3958804547177959	0.00010399306767441049	0.024206167204432645	2288
chr1	182484783	182484784	1.25	rs616387	66	C	T	6	1.1182831665956576	-0.4374495965995044	3.437288681677197e-05	0.9802788818342499	0.02085943188537819	1.0	ref	1.1182831665956576	3.437288681677197e-05	0.02085943188537819	2288
chr1	200184497	200184498	1.0	rs11576498	34	C	T	3	-0.8953505996330623	1.465263904365352	0.9987583245068691	2.453423061456633e-05	1.0	0.010422141165067777	alt	1.465263904365352	2.453423061456633e-05	0.010422141165067777	2288
chr1	203287505	203287506	1.2142857142857142	rs4971220	47	T	G	7	1.1292589299182008	-0.5638684946179339	1.1653423657760403e-05	0.9743333796683166	0.013665415482104794	1.0	ref	1.1292589299182008	1.1653423657760403e-05	0.013665415482104794	2288
chr1	207321070	207321071	1.25	rs2564978	36	T	C	6	0.12833384934042563	1.188520111215586	0.9914663061370941	9.657316371044895e-05	1.0	0.02286412099648674	alt	1.188520111215586	9.657316371044895e-05	0.02286412099648674	2288
chr1	212858130	212858131	1.0	rs2201602	52	A	C	3	1.5079029679591769	-0.7497475561668897	2.1550324639210613e-05	0.9984484948100667	0.01736076552334017	1.0	ref	1.5079029679591769	2.1550324639210613e-05	0.01736076552334017	2288
chr1	218285208	218285209	1.3	rs946213	67	T	C	5	1.3505948332425504	0.36888562500444283	0.00028196820242117884	0.9591157385285166	0.05974869692783075	1.0	ref	1.3505948332425504	0.00028196820242117884	0.05974869692783075	2288
chr1	219089207	219089208	1.2142857142857142	rs1256627	45	C	T	7	-0.013177566219111113	0.983900257522288	0.885712417458919	0.0011255613403268576	0.9958170736167713	0.09909605334110862	alt	0.983900257522288	0.0011255613403268576	0.09909605334110862	2288
chr1	221794474	221794475	1.375	rs4846724	58	G	A	4	-0.9214192455709912	1.1467188335069314	0.9751119582275105	0.0005237126292395708	1.0	0.06690921049653223	alt	1.1467188335069314	0.0005237126292395708	0.06690921049653223	2288
chr1	234778380	234778381	1.1875	rs2804778	66	C	A	8	-0.32983743001077626	1.05527577399188	0.9867083899329803	1.8349469012159473e-05	1.0	0.009389690347975444	alt	1.05527577399188	1.8349469012159473e-05	0.009389690347975444	2288
chr1	243264849	243264850	1.25	rs12741781	63	T	G	6	-0.5042778726592694	1.0856508327290297	0.9764183191890419	6.933344663964748e-05	1.0	0.021197482631209734	alt	1.0856508327290297	6.933344663964748e-05	0.021197482631209734	2288
chr1	244815768	244815769	1.0	rs67064196	31	A	C	4	1.2942969975893008	-0.8198390726708418	3.911880808852843e-05	0.9703614920426396	0.022156892901342505	1.0	ref	1.2942969975893008	3.911880808852843e-05	0.022156892901342505	2288
chr10	5284722	5284723	1.0	rs1016651	36	A	G	3	1.4348626382207992	0.18137715478117067	0.0005501325463850054	0.9822160592716949	0.07989617289037618	1.0	ref	1.4348626382207992	0.0005501325463850054	0.07989617289037618	2288
chr10	5549114	5549115	1.0	rs4881476	26	C	T	3	1.1625052502404984	-1.0390059423946774	0.000503817058390515	0.9937597400444023	0.07782599505610574	1.0	ref	1.1625052502404984	0.000503817058390515	0.07782599505610574	2288
chr10	5549120	5549121	1.0	rs4881477	26	A	G	3	1.292885247462769	-1.3019147684649437	0.00011811434555690629	0.9995082653870517	0.04270210552559472	1.0	ref	1.292885247462769	0.00011811434555690629	0.04270210552559472	2288
chr10	5813439	5813440	1.0	rs3736461	40	G	C	3	-0.807580786202568	1.1391083472859587	0.980288723485377	0.0005662520275902854	1.0	0.07023178432711044	alt	1.1391083472859587	0.0005662520275902854	0.07023178432711044	2288
chr10	14560443	14560444	1.125	rs3740120	40	C	T	4	-1.2262213535627056	1.701550294634138	0.9999789437148272	1.4696111861942118e-07	1.0	0.0004652956129945471	alt	1.701550294634138	1.4696111861942118e-07	0.0004652956129945471	2288
chr10	27257537	27257538	1.0	rs2488369	49	G	C	3	1.3717763209300797	-1.0702359842191065	4.9592291197532825e-05	0.9963342271856714	0.025535521576620538	1.0	ref	1.3717763209300797	4.9592291197532825e-05	0.025535521576620538	2288
chr10	29996897	29996898	1.5	rs2256283	72	G	A	3	-0.9222194910337418	1.198464967206902	0.9337009274248435	0.0009935220336773798	1.0	0.09145552167784715	alt	1.198464967206902	0.0009935220336773798	0.09145552167784715	2288
chr10	30736999	30737000	1.0	rs11593935	33	C	T	1	1.8408384482870503	-1.9482148407699462	0.0007912147106028822	0.9975596429128547	0.09445684500966965	1.0	ref	1.8408384482870503	0.0007912147106028822	0.09445684500966965	2288
chr10	45425256	45425257	1.5	rs3780903	46	C	T	3	-1.9892536126440046	1.4489502003926646	0.9998927132710159	0.0006078159304533164	1.0	0.07263396488116391	alt	1.4489502003926646	0.0006078159304533164	0.07263396488116391	2288
chr10	88987507	88987508	1.0	rs150023236	25	T	C	2	1.341706845830458	-1.2594567407196018	0.0006748016265533711	0.9714692462357591	0.08493503139551764	1.0	ref	1.341706845830458	0.0006748016265533711	0.08493503139551764	2288
chr10	89251923	89251924	1.2857142857142858	rs1332327	63	C	T	7	0.9957401128163046	0.008546378954252337	0.00019909778250201617	0.931902769780074	0.05456563742377837	1.0	ref	0.9957401128163046	0.00019909778250201617	0.05456563742377837	2288
chr10	90181372	90181373	1.5	rs4933571	37	T	C	3	-1.7471472865926763	1.485368200414989	0.9872605171625677	0.0004952218805180405	1.0	0.06574070463876988	alt	1.485368200414989	0.0004952218805180405	0.06574070463876988	2288
chr10	95561511	95561512	1.0	rs34772783	35	C	T	3	1.3484019177818112	-0.655155604541974	0.0001622112649704893	0.9948567544602107	0.04931325919919069	1.0	ref	1.3484019177818112	0.0001622112649704893	0.04931325919919069	2288
chr10	97400205	97400206	1.2857142857142858	rs9888117	43	C	G	7	-0.5241327711906199	0.9548554662866982	0.9784841386454629	0.0002464902103744856	1.0	0.041345465250620016	alt	0.9548554662866982	0.0002464902103744856	0.041345465250620016	2288
chr10	100364986	100364987	1.0	rs2167444	38	T	A	3	1.5248739210720053	-1.0260486103322095	2.0767003551464786e-05	0.9988390937133825	0.01736076552334017	1.0	ref	1.5248739210720053	2.0767003551464786e-05	0.01736076552334017	2288
chr10	102432809	102432810	1.2	rs9665587	30	C	A	5	1.0226115765708261	-0.6924930885353145	0.0006636852796254972	0.9986492712479078	0.08479203211576278	1.0	ref	1.0226115765708261	0.0006636852796254972	0.08479203211576278	2288
chr10	111146157	111146158	1.0	rs12262597	43	C	T	2	-1.461082790852599	1.7829910703996135	0.9996514198619911	1.8477936201310275e-05	1.0	0.009389690347975444	alt	1.7829910703996135	1.8477936201310275e-05	0.009389690347975444	2288
chr10	113961668	113961669	1.5	rs462536	41	C	G	3	1.4700543065712808	-1.9702351592171492	0.0004512287966352483	0.9999212152222653	0.07402909943964399	1.0	ref	1.4700543065712808	0.0004512287966352483	0.07402909943964399	2288
chr10	113961670	113961671	1.5	rs467173	41	T	G	3	1.4700543065712808	-1.9702351592171492	0.0004512287966352483	0.9999212152222653	0.07402909943964399	1.0	ref	1.4700543065712808	0.0004512287966352483	0.07402909943964399	2288
chr10	122848308	122848309	1.0	rs11595408	24	T	C	3	1.1496153795496304	-0.7593801731667731	0.0004618105308734853	0.8568746152902136	0.07402909943964399	1.0	ref	1.1496153795496304	0.0004618105308734853	0.07402909943964399	2288
chr10	133259483	133259484	1.125	rs2995297	53	A	T	4	-0.6464631283213853	1.2589294017152812	0.998530110669309	6.608751812778401e-05	1.0	0.021197482631209734	alt	1.2589294017152812	6.608751812778401e-05	0.021197482631209734	2288
chr11	970502	970503	1.0	rs7395773	68	C	T	3	-0.5447043303015302	1.0334979303939633	0.9817224397082123	0.0010064843781636898	1.0	0.09145552167784715	alt	1.0334979303939633	0.0010064843781636898	0.09145552167784715	2288
chr11	1927953	1927954	1.0	rs3781953	40	G	A	1	2.173413787373921	-2.318239446948483	0.00011623309165484858	0.9996441711006848	0.04270210552559472	1.0	ref	2.173413787373921	0.00011623309165484858	0.04270210552559472	2288
chr11	3422924	3422925	1.0	rs113285133	36	G	A	3	1.1961337496764521	-0.9345974636817023	0.00041632402343688924	0.9852189319402388	0.07292966810556312	1.0	ref	1.1961337496764521	0.00041632402343688924	0.07292966810556312	2288
chr11	7578159	7578160	1.0	rs6578882	30	C	A	3	1.2837944093347757	-0.6642604076750912	0.00025730837575166983	0.9967130378933555	0.05974869692783075	1.0	ref	1.2837944093347757	0.00025730837575166983	0.05974869692783075	2288
chr11	8202280	8202281	1.0	rs12365701	27	G	A	2	1.5400403298801284	-1.8252791628759955	0.0001290492026838511	1.0	0.043294916462387464	1.0	ref	1.5400403298801284	0.0001290492026838511	0.043294916462387464	2288
chr11	10735877	10735878	1.0	rs12574531	44	T	C	3	1.3415081266952054	-0.7628256133083129	0.00012994590039911493	0.9924240906947849	0.043294916462387464	1.0	ref	1.3415081266952054	0.00012994590039911493	0.043294916462387464	2288
chr11	13486836	13486837	1.0	rs2004315	23	C	T	2	-1.6089816111867146	1.2554782054931988	1.0	0.0006440052397580215	1.0	0.0754685312687469	alt	1.2554782054931988	0.0006440052397580215	0.0754685312687469	2288
chr11	20360906	20360907	1.0	rs4757940	25	C	T	3	1.2939739190816586	-1.2374800585374244	0.00011097983150696504	0.9949301439819015	0.04270210552559472	1.0	ref	1.2939739190816586	0.00011097983150696504	0.04270210552559472	2288
chr11	34422483	34422484	1.0	rs12793666	40	C	A	3	-0.1667486360754451	1.2144698515246364	0.9691881294489914	0.0009508159993216991	1.0	0.09145552167784715	alt	1.2144698515246364	0.0009508159993216991	0.09145552167784715	2288
chr11	34422620	34422621	1.0	rs34329347	29	A	G	3	-0.7112411952436725	1.2264021122608595	0.9943229652560308	0.0002851431039736266	1.0	0.044862515025183916	alt	1.2264021122608595	0.0002851431039736266	0.044862515025183916	2288
chr11	34422626	34422627	1.0	rs59442348	28	T	C	3	1.1698354746040271	-0.668740966137407	0.0006936174951536531	0.9920631572768568	0.08666138586507995	1.0	ref	1.1698354746040271	0.0006936174951536531	0.08666138586507995	2288
chr11	34438683	34438684	1.125	rs1001179	38	C	T	4	0.020428058754667272	1.435785980029463	0.9940878073730276	0.0002481895866032981	1.0	0.041345465250620016	alt	1.435785980029463	0.0002481895866032981	0.041345465250620016	2288
chr11	37504198	37504199	1.0	rs141948736	29	A	T	3	-0.6317488012214273	1.491628884964853	0.9950527545102866	2.2840929585051457e-05	1.0	0.01034600564288159	alt	1.491628884964853	2.2840929585051457e-05	0.01034600564288159	2288
chr11	44066438	44066439	1.0	rs2074038	45	G	T	3	-0.9505363168397618	1.9528458844671783	0.9999911080193866	1.6429929837378077e-07	1.0	0.0004652956129945471	alt	1.9528458844671783	1.6429929837378077e-07	0.0004652956129945471	2288
chr11	45141370	45141371	1.0	rs10444284	26	T	G	3	1.223043785764089	-0.9774925197060449	0.00029423213867416385	0.97833952924772	0.05974869692783075	1.0	ref	1.223043785764089	0.00029423213867416385	0.05974869692783075	2288
chr11	46700670	46700671	1.25	rs7932354	54	T	C	6	0.8854431102937275	-0.4845905414409469	0.0005716625450025095	0.9770371397548175	0.08027842946018712	1.0	ref	0.8854431102937275	0.0005716625450025095	0.08027842946018712	2288
chr11	58686536	58686537	1.0	rs611191	32	A	C	2	-1.3252817061988058	1.4019548528418355	0.9976487700430011	0.000300037948928993	1.0	0.045930133587400446	alt	1.4019548528418355	0.000300037948928993	0.045930133587400446	2288
chr11	58686553	58686554	1.0	rs611223	33	A	G	1	-1.8016599634879973	1.7651219345468712	0.9959147922441755	0.0007302592443315873	1.0	0.0790354463674034	alt	1.7651219345468712	0.0007302592443315873	0.0790354463674034	2288
chr11	60193953	60193954	1.0714285714285714	rs10897011	40	G	A	7	0.9761978687029905	-0.33798361795200543	0.0009378121705286786	0.9731396170550582	0.0991083530112892	1.0	ref	0.9761978687029905	0.0009378121705286786	0.0991083530112892	2288
chr11	61815235	61815236	1.0	rs174561	20	T	C	5	-0.5336977830089065	0.9222763630138947	0.9187210945096316	0.000695144539766028	1.0	0.07828145435194486	alt	0.9222763630138947	0.000695144539766028	0.07828145435194486	2288
chr11	62123895	62123896	1.0	rs1675127	35	G	C	2	1.4206537799494403	-1.1611595487317334	0.0005317745858391163	0.9903589721877519	0.07857316315285447	1.0	ref	1.4206537799494403	0.0005317745858391163	0.07857316315285447	2288
chr11	62841380	62841381	1.0	rs75212707	34	G	A	3	1.8033619877143505	-1.6977995816547402	5.371559618707175e-07	0.9932766264117975	0.001521225684017872	1.0	ref	1.8033619877143505	5.371559618707175e-07	0.001521225684017872	2288
chr11	62841445	62841446	1.0	rs17157577	46	G	A	3	1.153681726372061	-0.7640637155995236	0.0005254402599792989	0.9773631112872164	0.07831825348744076	1.0	ref	1.153681726372061	0.0005254402599792989	0.07831825348744076	2288
chr11	62842103	62842104	1.0	rs11231247	38	T	C	3	1.192822539339081	-0.7147863967729552	0.0005972788466095245	0.9814161040571361	0.08059099731421553	1.0	ref	1.192822539339081	0.0005972788466095245	0.08059099731421553	2288
chr11	65633947	65633948	1.0	rs10896026	29	C	T	3	0.041084220129488355	1.4244209521202964	0.8905801740617499	0.00021961171720348498	0.9972046135126708	0.039698322326825713	alt	1.4244209521202964	0.00021961171720348498	0.039698322326825713	2288
chr11	71787307	71787308	1.5	rs12793051	40	T	A	3	1.3775531518083568	-1.9227036909497504	0.000910362515959864	0.9999393124227864	0.09805860504973644	1.0	ref	1.3775531518083568	0.000910362515959864	0.09805860504973644	2288
chr11	106077385	106077386	1.5	rs4565867	78	G	A	3	-1.281315969599993	1.3763086102492477	0.9915323761321224	0.0009231018079993419	1.0	0.08993535477849457	alt	1.3763086102492477	0.0009231018079993419	0.08993535477849457	2288
chr12	10613644	10613645	1.25	rs10772335	46	A	C	6	1.0479682299426905	0.00013636993378329798	0.0003738924665356989	0.9529778765162134	0.06831377195026447	1.0	ref	1.0479682299426905	0.0003738924665356989	0.06831377195026447	2288
chr12	31238978	31238979	1.0	rs10843919	31	T	C	3	1.1040568433664097	-0.8450705430476999	0.0008338351430938352	0.9574941771049755	0.09445684500966965	1.0	ref	1.1040568433664097	0.0008338351430938352	0.09445684500966965	2288
chr12	47356479	47356480	1.125	rs215374	41	T	C	4	1.5007801125730484	-0.6838068366545296	5.822010906594856e-06	0.9996673783776444	0.010490642285372023	1.0	ref	1.5007801125730484	5.822010906594856e-06	0.010490642285372023	2288
chr12	48682199	48682200	1.0	rs61942052	44	C	G	6	0.9291174825424914	-0.0030702770080482597	0.0008224111360744138	0.909120146144927	0.09445684500966965	1.0	ref	0.9291174825424914	0.0008224111360744138	0.09445684500966965	2288
chr12	48682200	48682201	1.0	rs61942053	44	T	G	6	0.9291174825424914	-0.0030702770080482597	0.0008224111360744138	0.909120146144927	0.09445684500966965	1.0	ref	0.9291174825424914	0.0008224111360744138	0.09445684500966965	2288
chr12	51047967	51047968	1.0	rs3759406	44	C	T	3	-0.8696484120890194	1.310756302083184	0.9944175787111917	9.608785516326273e-05	1.0	0.02286412099648674	alt	1.310756302083184	9.608785516326273e-05	0.02286412099648674	2288
chr12	51239167	51239168	1.0	rs556724277	39	G	A	3	-0.8254367223439715	1.1925234437746715	0.991478587460709	0.00030969370985520076	1.0	0.04698495998088903	alt	1.1925234437746715	0.00030969370985520076	0.04698495998088903	2288
chr12	53006393	53006394	1.0	rs10876394	50	C	T	3	-0.8781241711602789	1.5478079975713366	0.9992084831243282	1.0608897049799276e-05	1.0	0.006676532543340344	alt	1.5478079975713366	1.0608897049799276e-05	0.006676532543340344	2288
chr12	56041719	56041720	1.0	rs705705	22	G	C	3	-0.8066549542818637	1.1409920997447092	0.8756859833027865	0.000316908449123783	0.9929037920913485	0.047271819844933345	alt	1.1409920997447092	0.000316908449123783	0.047271819844933345	2288
chr12	56928486	56928487	1.0714285714285714	rs840162	39	T	A	7	1.0007617046725812	-0.087981286415388	0.0006737842376486579	0.9677197552269122	0.08493503139551764	1.0	ref	1.0007617046725812	0.0006737842376486579	0.08493503139551764	2288
chr12	63294536	63294537	1.0	rs35257284	28	G	T	6	-0.6013572027905314	0.9022426676400996	0.9923576609172611	0.00038916910556535716	1.0	0.05556942388039116	alt	0.9022426676400996	0.00038916910556535716	0.05556942388039116	2288
chr12	68451820	68451821	1.3333333333333333	rs10082915	41	T	A	3	-2.349730659402165	1.6797725265751224	0.9969417808205602	2.1623156004005432e-05	1.0	0.01034600564288159	alt	1.6797725265751224	2.1623156004005432e-05	0.01034600564288159	2288
chr12	94699974	94699975	1.5	rs56113059	50	A	G	2	-2.6325418312191413	2.0131422137575017	0.9976437415703807	0.00016155771009554194	1.0	0.03431485762429311	alt	2.0131422137575017	0.00016155771009554194	0.03431485762429311	2288
chr12	94700012	94700013	1.5	rs55676976	48	C	T	2	-2.4738573503587897	1.9356610285193558	0.9971106833320612	0.000254155008330799	1.0	0.04152501828420131	alt	1.9356610285193558	0.000254155008330799	0.04152501828420131	2288
chr12	94700024	94700025	1.5	rs78048394	50	G	C	2	-2.4263255454169217	1.9607187658332985	0.996813280831782	0.00023259857719051545	1.0	0.04071928491479009	alt	1.9607187658332985	0.00023259857719051545	0.04071928491479009	2288
chr12	96120853	96120854	1.0	rs256184	30	T	C	2	1.5641951673896584	-1.0031847451185438	0.00023325182207225618	0.9220360304573983	0.05843945050155527	1.0	ref	1.5641951673896584	0.00023325182207225618	0.05843945050155527	2288
chr12	116591754	116591755	1.25	rs11068096	27	C	T	6	-0.8625781779780102	1.173351671211074	0.9923845256189343	7.99997464741016e-06	1.0	0.005437422768351738	alt	1.173351671211074	7.99997464741016e-06	0.005437422768351738	2288
chr12	120960071	120960072	1.25	rs6489786	59	A	G	6	1.1061799079347296	-0.006908086303481738	0.00031227993575048453	0.926621809124667	0.06170070544502597	1.0	ref	1.1061799079347296	0.00031227993575048453	0.06170070544502597	2288
chr12	122659759	122659760	1.0	rs35296629	26	G	A	2	1.3320043003346296	-1.2665843394797665	0.0008299745796029322	0.9960694748447977	0.09445684500966965	1.0	ref	1.3320043003346296	0.0008299745796029322	0.09445684500966965	2288
chr12	124593020	124593021	1.25	rs837500	54	C	T	6	1.0516850521258023	-0.4876347440142143	0.000260370445110442	0.9920860159289387	0.05974869692783075	1.0	ref	1.0516850521258023	0.000260370445110442	0.05974869692783075	2288
chr12	124939955	124939956	1.0	rs7309029	28	A	G	3	1.5262383919713527	-1.492196047364458	9.072718219370068e-06	0.9861599382265671	0.011858740614118169	1.0	ref	1.5262383919713527	9.072718219370068e-06	0.011858740614118169	2288
chr12	127559912	127559913	1.0	rs11059260	42	A	G	3	-0.5883972439908074	1.1969507263920331	0.9808767331565033	0.0005328564569066316	1.0	0.06756937996833944	alt	1.1969507263920331	0.0005328564569066316	0.06756937996833944	2288
chr12	131897150	131897151	1.25	rs4964882	69	C	T	6	1.157542598052189	-0.2881361606916558	3.3058675165893416e-05	0.9793939125186434	0.02080492623773559	1.0	ref	1.157542598052189	3.3058675165893416e-05	0.02080492623773559	2288
chr12	131912668	131912669	1.25	rs75044389	41	G	A	6	0.9901355996185965	-0.9607647764098414	0.0002924853877126105	0.9995847201960436	0.05974869692783075	1.0	ref	0.9901355996185965	0.0002924853877126105	0.05974869692783075	2288
chr12	131912675	131912676	1.25	rs4964921	40	C	G	6	-1.237755759301745	1.0449771887562196	0.9999743154034196	5.645801999860177e-05	1.0	0.019186693516324824	alt	1.0449771887562196	5.645801999860177e-05	0.019186693516324824	2288
chr12	133130497	133130498	1.125	rs59312515	35	G	A	4	-0.1611815468770143	1.3446103613393263	0.994717676622982	0.00015080104772993382	1.0	0.03243558738008906	alt	1.3446103613393263	0.00015080104772993382	0.03243558738008906	2288
chr13	33251503	33251504	1.0	rs2555595	30	T	C	3	-0.5611104121527204	1.226784323485705	0.9866604618836533	0.0006731739456228047	1.0	0.0767689374766624	alt	1.226784323485705	0.0006731739456228047	0.0767689374766624	2288
chr13	36346780	36346781	1.0	rs9531842	31	C	G	3	1.2630504822606152	-0.77652485743267	0.00029211704111393766	0.993466775975451	0.05974869692783075	1.0	ref	1.2630504822606152	0.00029211704111393766	0.05974869692783075	2288
chr13	36421742	36421743	1.0	rs11839803	30	A	G	3	-0.9105243471602449	1.423737185051356	0.9994304076442267	4.377641968920299e-05	1.0	0.01617062876867255	alt	1.423737185051356	4.377641968920299e-05	0.01617062876867255	2288
chr13	43848515	43848516	1.0	rs2065925	35	G	A	3	-0.7671058745536916	1.3609758423928109	0.9980573584228878	8.965831353887194e-05	1.0	0.022431426194337457	alt	1.3609758423928109	8.965831353887194e-05	0.022431426194337457	2288
chr13	44258997	44258998	1.0	rs4941489	30	T	C	3	-1.0786483840745056	1.2300684475743433	0.9963527915079273	0.00017688467139606625	1.0	0.035767379437431975	alt	1.2300684475743433	0.00017688467139606625	0.035767379437431975	2288
chr13	45341345	45341346	1.125	rs12872310	48	A	C	4	1.1587866582246609	-0.5064736550820453	0.00029536785204436106	0.9915208777135536	0.05974869692783075	1.0	ref	1.1587866582246609	0.00029536785204436106	0.05974869692783075	2288
chr13	45341364	45341365	1.125	rs12872567	39	C	T	4	1.1030239278725849	-0.6758207757940379	0.0005958896025881024	0.9921353076131795	0.08059099731421553	1.0	ref	1.1030239278725849	0.0005958896025881024	0.08059099731421553	2288
chr13	46595283	46595284	1.0	rs912426	24	C	T	3	1.2934223740568507	-1.0875658588076913	0.00010772943030548418	0.9537774268330048	0.04270210552559472	1.0	ref	1.2934223740568507	0.00010772943030548418	0.04270210552559472	2288
chr13	50809916	50809917	1.0	rs750176	31	C	T	2	1.483320917172487	-1.2827620823758963	0.00025583487234008507	0.9662654311464542	0.05974869692783075	1.0	ref	1.483320917172487	0.00025583487234008507	0.05974869692783075	2288
chr13	60164053	60164054	1.0	rs9592021	42	A	C	6	1.0177297431539303	-0.3327602979470877	0.00016964747008223235	0.9734583719457349	0.04970085882133262	1.0	ref	1.0177297431539303	0.00016964747008223235	0.04970085882133262	2288
chr13	75788602	75788603	1.0	rs7321748	59	T	C	6	-0.6308073125364155	1.302742470622805	0.9998669574533103	4.6752083887273295e-07	1.0	0.0007221921903750434	alt	1.302742470622805	4.6752083887273295e-07	0.0007221921903750434	2288
chr13	79406473	79406474	1.0	rs2296286	29	C	A	3	-0.767514258112947	1.226476492850879	0.9953393570552806	0.0003200881845956199	1.0	0.0472951168056415	alt	1.226476492850879	0.0003200881845956199	0.0472951168056415	2288
chr13	85694428	85694429	1.125	rs7988996	33	C	A	4	1.4385785570072231	-0.2672348436380484	0.00016542230310462978	0.9363206134053739	0.04931325919919069	1.0	ref	1.4385785570072231	0.00016542230310462978	0.04931325919919069	2288
chr13	95480235	95480236	1.0	rs9590282	29	T	C	2	1.5005646239728099	-1.174417672445617	0.00030918528687443785	0.9636256557779574	0.06170070544502597	1.0	ref	1.5005646239728099	0.00030918528687443785	0.06170070544502597	2288
chr13	102584665	102584666	1.0	rs12584319	31	T	C	6	-0.362505507050365	1.0034373422421154	0.9928923815451542	0.0004707385113853164	1.0	0.06399031028367437	alt	1.0034373422421154	0.0004707385113853164	0.06399031028367437	2288
chr13	109361746	109361747	1.0	rs35345573	27	C	T	3	-1.391302017595507	1.4794473520322535	0.9979687891048082	7.639016820631128e-06	1.0	0.005408423909006838	alt	1.4794473520322535	7.639016820631128e-06	0.005408423909006838	2288
chr13	109361784	109361785	1.0	rs9587839	27	A	G	1	-2.0324000304369574	1.6598171369512453	1.0	0.0009783017128381965	1.0	0.09145552167784715	alt	1.6598171369512453	0.0009783017128381965	0.09145552167784715	2288
chr13	110047623	110047624	1.0	rs4773114	54	G	T	6	0.8771328949917677	-0.5361519522607914	0.00021343399923163622	0.9753215158411486	0.05657316888358829	1.0	ref	0.8771328949917677	0.00021343399923163622	0.05657316888358829	2288
chr13	110713241	110713242	1.0	rs1441042	58	T	G	3	1.1519169041903061	-0.7350541896806675	0.00026758550382339005	0.987750208861134	0.05974869692783075	1.0	ref	1.1519169041903061	0.00026758550382339005	0.05974869692783075	2288
chr14	20470091	20470092	1.0	rs1760940	53	A	C	6	1.1781207746908438	-0.19578986382340582	1.3507565398226462e-05	0.9924216635168674	0.013665415482104794	1.0	ref	1.1781207746908438	1.3507565398226462e-05	0.013665415482104794	2288
chr14	20683323	20683324	1.0	rs61976879	23	T	G	3	1.1521206854183461	-0.8651734374712432	0.00043418029094296774	0.894968645332423	0.07402909943964399	1.0	ref	1.1521206854183461	0.00043418029094296774	0.07402909943964399	2288
chr14	22651326	22651327	1.0	rs1242939	27	C	A	3	-0.947548177942708	1.077215564393665	0.9912042258854863	0.0007938491569654833	1.0	0.08275512193348154	alt	1.077215564393665	0.0007938491569654833	0.08275512193348154	2288
chr14	22848615	22848616	1.0	rs17882077	54	A	G	6	0.8611123345447096	-0.24460351769858057	0.0002901528587849529	0.9283268608412132	0.05974869692783075	1.0	ref	0.8611123345447096	0.0002901528587849529	0.05974869692783075	2288
chr14	24213560	24213561	1.0	rs2295320	38	C	T	3	-0.3332285852495669	1.2508685616349242	0.9809149271441824	0.0005196191995147161	1.0	0.066889162410258	alt	1.2508685616349242	0.0005196191995147161	0.066889162410258	2288
chr14	68807187	68807188	1.5	rs194749	60	T	C	3	1.5119937120328149	-1.793875743693841	0.0005190162959610974	0.9997471742179196	0.07804535310593776	1.0	ref	1.5119937120328149	0.0005190162959610974	0.07804535310593776	2288
chr15	38696558	38696559	1.5	rs7171233	80	T	A	3	-0.9122958387774569	1.2000225167420397	0.9389347498605851	0.0009262410008378383	1.0	0.08993535477849457	alt	1.2000225167420397	0.0009262410008378383	0.08993535477849457	2288
chr15	40745883	40745884	1.5	rs12372947	80	C	G	3	-1.124477608130899	1.3154541245977074	0.976431122227662	0.0006573444015674714	1.0	0.0759836467444522	alt	1.3154541245977074	0.0006573444015674714	0.0759836467444522	2288
chr15	59689519	59689520	1.125	rs754642	64	C	T	4	-0.32561356170440603	1.224250214977968	0.9686829402441589	0.000383515265214822	1.0	0.05522619819093438	alt	1.224250214977968	0.000383515265214822	0.05522619819093438	2288
chr15	89396296	89396297	1.25	rs176648	50	T	G	6	-0.7567710067137222	1.041271314826812	0.9962681798894649	2.9088445497965598e-05	1.0	0.01149467130003329	alt	1.041271314826812	2.9088445497965598e-05	0.01149467130003329	2288
chr16	392804	392805	1.4	rs390499	39	C	A	5	-1.0079244867787285	1.1556562635812808	0.9997134484899154	0.00018180899839639544	1.0	0.035767379437431975	alt	1.1556562635812808	0.00018180899839639544	0.035767379437431975	2288
chr16	477456	477457	1.2857142857142858	rs1883891	54	C	G	7	-0.6832647336964932	1.494823627534309	0.9999992096379089	7.470043400997659e-08	1.0	0.0004231032582325074	alt	1.494823627534309	7.470043400997659e-08	0.0004231032582325074	2288
chr16	477960	477961	1.25	rs926694	49	A	G	6	-0.18893184020239584	1.0109880935693631	0.9692092019993497	0.0004950804877772404	1.0	0.06574070463876988	alt	1.0109880935693631	0.0004950804877772404	0.06574070463876988	2288
chr16	12113633	12113634	1.25	rs350256	36	G	A	6	-0.07706697618820747	1.1176092399826634	0.9721810536480766	0.0007095140055475955	1.0	0.07828145435194486	alt	1.1176092399826634	0.0007095140055475955	0.07828145435194486	2288
chr16	31467389	31467390	1.3	rs13337037	63	G	A	5	-1.7683703078400055	1.8493814483823776	0.9999712753525479	1.7666324903402697e-08	1.0	0.00030018619275861867	alt	1.8493814483823776	1.7666324903402697e-08	0.00030018619275861867	2288
chr16	49530604	49530605	1.25	rs8062146	76	C	G	6	1.005827748722358	-0.5433521874588821	0.00040494185848584754	0.9974201317364113	0.07167470895199501	1.0	ref	1.005827748722358	0.00040494185848584754	0.07167470895199501	2288
chr16	56932098	56932099	1.25	rs37025	40	G	A	6	-0.09223636840973776	0.9982847804394914	0.9274954514401024	0.0010472199394014276	1.0	0.09365453268583714	alt	0.9982847804394914	0.0010472199394014276	0.09365453268583714	2288
chr16	57023766	57023767	1.0	rs12445252	33	C	T	3	-0.8337479996301862	1.3495811502577495	0.9973148288083326	8.281559124487564e-05	1.0	0.022079796968036736	alt	1.3495811502577495	8.281559124487564e-05	0.022079796968036736	2288
chr16	73396925	73396926	1.5	rs55692491	52	A	G	3	-1.8590912857406914	1.5346891024296345	0.9998595889758443	0.0004324770050682136	1.0	0.05974511601722834	alt	1.5346891024296345	0.0004324770050682136	0.05974511601722834	2288
chr16	81559016	81559017	1.0	rs72829043	46	T	C	3	1.7793993324928508	-1.3356301932942531	1.0112119997861098e-06	0.999925899732439	0.002454644900052225	1.0	ref	1.7793993324928508	1.0112119997861098e-06	0.002454644900052225	2288
chr16	84088828	84088829	1.25	rs3785019	58	C	G	6	-1.4720922462284944	1.5359511998978959	0.9999980307645354	4.9690266776962275e-08	1.0	0.0004221685065370715	alt	1.5359511998978959	4.9690266776962275e-08	0.0004221685065370715	2288
chr16	84504851	84504852	1.0	rs8056424	28	C	G	3	1.495352624779421	-1.4091692991531342	1.4476075722568637e-05	0.9982648098579169	0.013665415482104794	1.0	ref	1.495352624779421	1.4476075722568637e-05	0.013665415482104794	2288
chr16	89534309	89534310	1.2857142857142858	rs463930	58	C	T	7	-0.24702512705690433	1.0304859526680414	0.9845127136697794	4.661800521984608e-05	1.0	0.01685389669565159	alt	1.0304859526680414	4.661800521984608e-05	0.01685389669565159	2288
chr16	89534393	89534394	1.2857142857142858	rs463181	63	T	C	7	-0.19593069463302318	0.9279429423099719	0.9362152815653197	0.00020107676766751336	1.0	0.03796329373562653	alt	0.9279429423099719	0.00020107676766751336	0.03796329373562653	2288
chr16	89701647	89701648	1.0	rs396742	30	C	G	3	-0.35277087273302643	1.2152989306270563	0.9319445789247075	0.0004025235347277722	1.0	0.056997332517452544	alt	1.2152989306270563	0.0004025235347277722	0.056997332517452544	2288
chr17	601647	601648	1.0	rs117255969	41	T	C	3	1.439572130504115	-0.9795552034297833	4.3036346823425325e-05	0.9971358956659601	0.023589471136246553	1.0	ref	1.439572130504115	4.3036346823425325e-05	0.023589471136246553	2288
chr17	40100836	40100837	1.0	rs2071570	31	C	A	2	1.4445882919954818	-1.2827620823758963	0.0003343984935728145	0.9662654311464542	0.06320715794336214	1.0	ref	1.4445882919954818	0.0003343984935728145	0.06320715794336214	2288
chr17	44611091	44611092	1.5	rs11867858	47	C	T	3	-2.1900816809312267	1.5429372112136885	0.9999206073538003	0.0002898305796939394	1.0	0.04518166247852678	alt	1.5429372112136885	0.0002898305796939394	0.04518166247852678	2288
chr17	45229317	45229318	1.5	rs57344356	83	G	A	3	-0.7789586489278647	1.225596677899469	0.9375590058737374	0.0008452568400819195	1.0	0.08704608622225439	alt	1.225596677899469	0.0008452568400819195	0.08704608622225439	2288
chr17	73591437	73591438	1.5	rs11655934	36	G	A	3	1.401109117090823	-1.6379915686841846	0.0008212322786003432	0.9829970590192683	0.09445684500966965	1.0	ref	1.401109117090823	0.0008212322786003432	0.09445684500966965	2288
chr17	78365088	78365089	1.5	rs532833327	71	G	C	3	1.8131782080354266	-2.3839032912296285	2.9974055761663426e-05	0.9999985464462879	0.020271389979214696	1.0	ref	1.8131782080354266	2.9974055761663426e-05	0.020271389979214696	2288
chr17	82604342	82604343	1.5	rs12944611	59	T	A	2	1.8501836982724345	-1.9012980305097837	0.0006570896798428729	0.9997364613493249	0.08478475441712299	1.0	ref	1.8501836982724345	0.0006570896798428729	0.08478475441712299	2288
chr17	82604343	82604344	1.5	rs12939611	59	C	T	2	1.8525895460167314	-1.6691066296989316	0.0009056322195691239	0.9996037846114105	0.09805860504973644	1.0	ref	1.8525895460167314	0.0009056322195691239	0.09805860504973644	2288
chr18	21600916	21600917	1.2857142857142858	rs11662724	65	C	T	7	-0.3636461633853266	0.9594544076269717	0.9512457684088895	0.0002357617092582149	1.0	0.04071928491479009	alt	0.9594544076269717	0.0002357617092582149	0.04071928491479009	2288
chr18	56651271	56651272	1.0	rs12956085	65	C	T	3	-0.40230250530132633	1.084559090053205	0.9813063571575021	0.0009064474557984942	1.0	0.08954857656353496	alt	1.084559090053205	0.0009064474557984942	0.08954857656353496	2288
chr18	77053171	77053172	1.0	rs559418	30	G	C	3	-0.3093093413803937	1.3804953864070564	0.9965673128146904	0.0001809143093048198	1.0	0.035767379437431975	alt	1.3804953864070564	0.0001809143093048198	0.035767379437431975	2288
chr18	77053178	77053179	1.0	rs559399	33	G	A	3	-0.12797587306691188	1.251187221715046	0.9800991938188925	0.0009202830956171791	1.0	0.08993535477849457	alt	1.251187221715046	0.0009202830956171791	0.08993535477849457	2288
chr18	79393994	79393995	1.0	rs75298862	31	C	G	3	-0.8930936623946275	1.1513795151223611	0.9878963330187107	0.0005177887113592075	1.0	0.066889162410258	alt	1.1513795151223611	0.0005177887113592075	0.066889162410258	2288
chr19	511795	511796	1.0	rs8107593	38	C	G	2	-0.3523357595288458	1.4872393961318744	0.9838431675970543	0.0010058686507452743	1.0	0.09145552167784715	alt	1.4872393961318744	0.0010058686507452743	0.09145552167784715	2288
chr19	940847	940848	1.0	rs10404117	28	G	A	3	-0.26089433048409544	1.247610075888283	0.9860082180022514	0.0010696647047107033	1.0	0.09516095634787577	alt	1.247610075888283	0.0010696647047107033	0.09516095634787577	2288
chr19	2019758	2019759	1.0	rs10414516	28	G	C	3	1.1684192489788003	-0.7576505552436019	0.0005632248140996166	0.9755750745451665	0.08027842946018712	1.0	ref	1.1684192489788003	0.0005632248140996166	0.08027842946018712	2288
chr19	2152018	2152019	1.25	rs35166564	43	T	C	6	1.0050765753612891	-0.21572231158315863	0.000564588929107853	0.9827811800870984	0.08027842946018712	1.0	ref	1.0050765753612891	0.000564588929107853	0.08027842946018712	2288
chr19	2950833	2950834	1.4375	rs78161636	63	G	T	8	-0.4633792264177201	0.9570181846455924	0.9631995261457633	8.976794851782881e-05	1.0	0.022431426194337457	alt	0.9570181846455924	8.976794851782881e-05	0.022431426194337457	2288
chr19	5205614	5205615	1.5	rs12840	37	C	T	3	-2.152501341803621	1.523228304961918	0.9968112177822435	0.0003362278938073444	1.0	0.04883063565448202	alt	1.523228304961918	0.0003362278938073444	0.04883063565448202	2288
chr19	34678007	34678008	1.0	rs67231489	29	G	C	3	-0.6954321329052332	1.2807905386931309	0.9692812787365638	0.00016840021986376375	1.0	0.03489581141372041	alt	1.2807905386931309	0.00016840021986376375	0.03489581141372041	2288
chr19	35001224	35001225	1.0	rs12610663	35	C	T	3	1.2133791327248904	-0.7879737700825489	0.00045631043352704513	0.9866721145461177	0.07402909943964399	1.0	ref	1.2133791327248904	0.00045631043352704513	0.07402909943964399	2288
chr19	35217554	35217555	1.0	rs1688011	25	G	T	3	-0.5731673260625822	1.2508465705664258	0.945925715687616	0.0002513894938495326	1.0	0.04147194446108017	alt	1.2508465705664258	0.0002513894938495326	0.04147194446108017	2288
chr19	35702477	35702478	1.0	rs12461285	44	G	T	7	0.02924159575418457	0.9843596718482609	0.9227800220184095	0.0007349970089688965	1.0	0.07904474162278158	alt	0.9843596718482609	0.0007349970089688965	0.07904474162278158	2288
chr19	35717546	35717547	1.0	rs12463059	46	C	T	7	-0.05717103854573938	1.4758289308582626	0.9987245705807974	1.5711702411770062e-06	1.0	0.0017798216492053126	alt	1.4758289308582626	1.5711702411770062e-06	0.0017798216492053126	2288
chr19	36838128	36838129	1.0	rs1644632	44	T	C	1	2.0656936903289993	-1.994131142995828	0.00023442831347747736	0.9985568512004104	0.05843945050155527	1.0	ref	2.0656936903289993	0.00023442831347747736	0.05843945050155527	2288
chr19	39252524	39252525	1.0	rs8099917	35	T	G	3	-1.0049406201993034	1.5416761571837156	0.9993866422928058	1.3066448368124773e-05	1.0	0.0077949476512449095	alt	1.5416761571837156	1.3066448368124773e-05	0.0077949476512449095	2288
chr19	39944140	39944141	1.0	rs2231738	26	T	C	2	-0.807124328261851	1.2773132655967312	0.8732801975192146	0.0010261165484516984	0.9922948452752772	0.09274347016644288	alt	1.2773132655967312	0.0010261165484516984	0.09274347016644288	2288
chr19	40348546	40348547	1.0	rs11667774	38	C	G	3	1.4708682594214153	0.44226682813938084	0.000911797292717653	0.9683868855934207	0.09805860504973644	1.0	ref	1.4708682594214153	0.000911797292717653	0.09805860504973644	2288
chr19	40363274	40363275	1.0	rs10407447	25	A	G	2	1.405405665825659	-1.4182222443973878	0.0003927716555169424	0.9823414386735935	0.07025237863730406	1.0	ref	1.405405665825659	0.0003927716555169424	0.07025237863730406	2288
chr19	40570842	40570843	1.125	rs1675389	58	C	G	4	1.1461744850460154	-0.7850820850447767	0.0001636021881548269	0.990872871575954	0.04931325919919069	1.0	ref	1.1461744850460154	0.0001636021881548269	0.04931325919919069	2288
chr19	41407525	41407526	1.0	rs11670757	36	G	T	1	2.0996536952624063	-2.4293205757414627	0.00015171124272988658	1.0	0.04780773242902084	1.0	ref	2.0996536952624063	0.00015171124272988658	0.04780773242902084	2288
chr19	43450762	43450763	1.0	rs2247798	22	C	A	2	-1.5680058899171898	1.205574560993441	1.0	0.0008980456597460565	1.0	0.08923737924213446	alt	1.205574560993441	0.0008980456597460565	0.08923737924213446	2288
chr19	44754568	44754569	1.0	rs147415072	23	C	T	3	-1.0217421633116235	1.109037930771893	0.9920348459625727	0.0004251370223973022	1.0	0.05921252692274556	alt	1.109037930771893	0.0004251370223973022	0.05921252692274556	2288
chr19	44784591	44784592	1.0	rs2927448	32	G	T	3	-1.4001842698657103	1.5520658091457977	0.999847655052381	4.883829332327164e-06	1.0	0.0037720921824955984	alt	1.5520658091457977	4.883829332327164e-06	0.0037720921824955984	2288
chr19	45515148	45515149	1.0	rs7256865	34	T	G	1	1.8933058681811858	-2.004535398228213	0.0005946731480108687	0.998083116657453	0.08059099731421553	1.0	ref	1.8933058681811858	0.0005946731480108687	0.08059099731421553	2288
chr19	48624232	48624233	1.2857142857142858	rs386243	45	C	T	7	0.06064774321440822	0.9480203099357801	0.9431753922367058	0.0007602948574392508	1.0	0.08074331386004845	alt	0.9480203099357801	0.0007602948574392508	0.08074331386004845	2288
chr19	49453432	49453433	1.1	rs3760670	64	C	T	5	0.06005664429970136	1.2677842246607633	0.9641090524628155	0.0006982070162322416	1.0	0.07828145435194486	alt	1.2677842246607633	0.0006982070162322416	0.07828145435194486	2288
chr19	50025460	50025461	1.0	rs2278410	64	G	A	3	-0.9967511890515388	1.3864727681969753	0.9993557243523993	1.8198347279419266e-05	1.0	0.009389690347975444	alt	1.3864727681969753	1.8198347279419266e-05	0.009389690347975444	2288
chr19	50025639	50025640	1.0	rs245111	48	C	T	3	-1.1484972848459114	1.7034614885584523	0.9999039915340737	1.3507177121448686e-06	1.0	0.0016393853831975433	alt	1.7034614885584523	1.3507177121448686e-06	0.0016393853831975433	2288
chr19	51127907	51127908	1.0	rs867188	36	C	A	3	1.5488799994761173	-0.94449542115399	1.863062039633478e-05	0.9991034009042816	0.016661657988132662	1.0	ref	1.5488799994761173	1.863062039633478e-05	0.016661657988132662	2288
chr19	51547898	51547899	1.0	rs11673517	49	G	A	3	1.4341369801819095	-0.9605565709627851	3.030595516564991e-05	0.9976573693310359	0.020271389979214696	1.0	ref	1.4341369801819095	3.030595516564991e-05	0.020271389979214696	2288
chr19	52190023	52190024	1.0	rs13344984	58	T	C	3	1.4162154962153723	-0.7938834617602089	3.8526732948660644e-05	0.9974115527200842	0.022156892901342505	1.0	ref	1.4162154962153723	3.8526732948660644e-05	0.022156892901342505	2288
chr19	52190044	52190045	1.0	rs17554825	52	A	G	3	1.3267204555374743	-0.6973210595540257	0.00011072488223293767	0.9931016578173644	0.04270210552559472	1.0	ref	1.3267204555374743	0.00011072488223293767	0.04270210552559472	2288
chr19	53520823	53520824	1.0	rs17207142	50	C	T	3	-0.8968163007223	1.3331496817882353	0.9960333397110072	6.671429938067423e-05	1.0	0.021197482631209734	alt	1.3331496817882353	6.671429938067423e-05	0.021197482631209734	2288
chr19	54190113	54190114	1.0	rs3810233	81	A	G	3	1.0818526930121202	-0.20651476015423229	0.0008473050893481168	0.9833807014691323	0.09534707336558411	1.0	ref	1.0818526930121202	0.0008473050893481168	0.09534707336558411	2288
chr19	55251893	55251894	1.0	rs73068668	70	G	A	3	1.753922342384372	-1.2816603953089822	1.9867893045939675e-07	0.9999893199983283	0.0008439880965915174	1.0	ref	1.753922342384372	1.9867893045939675e-07	0.0008439880965915174	2288
chr19	55421456	55421457	1.0	rs111656335	34	A	G	3	1.2757272569064095	-0.5911053383504451	0.0003254702617024712	0.9923659122647023	0.06284534871418625	1.0	ref	1.2757272569064095	0.0003254702617024712	0.06284534871418625	2288
chr19	58440318	58440319	1.375	rs11669378	58	C	T	4	1.2648501734352036	-1.5198776491436803	0.0002823856928849327	0.9994343768033448	0.05974869692783075	1.0	ref	1.2648501734352036	0.0002823856928849327	0.05974869692783075	2288
chr19	58440325	58440326	1.375	rs11084545	58	G	C	4	1.1625970006429363	-1.3394068655914533	0.0008582785197376701	0.9966395739183758	0.09594650399593743	1.0	ref	1.1625970006429363	0.0008582785197376701	0.09594650399593743	2288
chr19	58559548	58559549	1.0	rs3794964	24	T	C	2	-1.4740382715220566	1.3029773579874129	0.9860877966614816	0.00045360732761934465	1.0	0.062158836378289554	alt	1.3029773579874129	0.00045360732761934465	0.062158836378289554	2288
chr19	58559683	58559684	1.0	rs3794963	43	C	G	3	-0.9950859864183863	1.8655599368749194	0.9999807112348824	3.125931232157514e-07	1.0	0.000663947793710256	alt	1.8655599368749194	3.125931232157514e-07	0.000663947793710256	2288
chr2	6890409	6890410	1.0	rs2305258	26	C	T	2	1.4772554250128775	-1.492196047364458	0.00023152643678770048	0.9861599382265671	0.05843945050155527	1.0	ref	1.4772554250128775	0.00023152643678770048	0.05843945050155527	2288
chr2	7008167	7008168	1.0	rs6712731	79	G	T	3	-0.6220063366387524	1.1462210927033292	0.9962383070700255	0.0003171485088466573	1.0	0.047271819844933345	alt	1.1462210927033292	0.0003171485088466573	0.047271819844933345	2288
chr2	8422027	8422028	1.0	rs2102243	38	A	G	3	1.3760686769481263	-0.1879381070595576	0.0003834200777545195	0.9849803705485899	0.06930929745962548	1.0	ref	1.3760686769481263	0.0003834200777545195	0.06930929745962548	2288
chr2	9690491	9690492	1.0	rs4669419	41	G	A	2	-1.914242163179296	1.9770293095786131	0.9999535217553294	2.462175062307468e-06	1.0	0.0026148299161705313	alt	1.9770293095786131	2.462175062307468e-06	0.0026148299161705313	2288
chr2	47071669	47071670	1.5	rs7609058	61	G	C	6	-0.3831909206302172	0.9620777175767369	0.976685226575039	0.0008913849762702474	1.0	0.08923737924213446	alt	0.9620777175767369	0.0008913849762702474	0.08923737924213446	2288
chr2	48344276	48344277	1.5	rs62137005	42	C	T	3	1.4628898914508688	-1.6873041343105202	0.00048259474334593063	0.9700843449486615	0.07523165026545003	1.0	ref	1.4628898914508688	0.00048259474334593063	0.07523165026545003	2288
chr2	65377776	65377777	1.5	rs34928603	34	G	C	3	-2.0065330195654507	1.3777564748120494	0.9956567838401696	0.0008873681765765926	1.0	0.08923737924213446	alt	1.3777564748120494	0.0008873681765765926	0.08923737924213446	2288
chr2	85328354	85328355	1.4375	rs10460587	43	C	T	8	-0.6268764454627795	0.9469123873571739	0.9998731271846092	0.00022502210710526329	1.0	0.04024816467297509	alt	0.9469123873571739	0.00022502210710526329	0.04024816467297509	2288
chr2	85595558	85595559	1.5	rs2232739	53	T	G	6	0.9656427197649639	-0.7114902057393994	0.0009319528224976117	0.9835225426991308	0.0991083530112892	1.0	ref	0.9656427197649639	0.0009319528224976117	0.0991083530112892	2288
chr2	98749180	98749181	1.5	rs13012495	53	C	G	4	-1.0193624943125803	1.1834775198943137	0.9976944343244509	0.0009745412051436434	1.0	0.09145552167784715	alt	1.1834775198943137	0.0009745412051436434	0.09145552167784715	2288
chr2	102104655	102104656	1.5	rs75664449	79	G	A	3	-1.2030033293548152	1.3726862314062291	0.9919478271420531	0.0007051488874408441	1.0	0.07828145435194486	alt	1.3726862314062291	0.0007051488874408441	0.07828145435194486	2288
chr2	152717635	152717636	1.5	rs76489218	53	G	A	6	-1.5007905220786846	1.4725605193947298	0.9999842313471521	6.897937025733841e-06	1.0	0.005096075910489975	alt	1.4725605193947298	6.897937025733841e-06	0.005096075910489975	2288
chr2	159249653	159249654	1.0	rs72955997	38	A	G	2	-1.032880023783076	1.3174890388035516	0.9864344499836253	0.0008835371305858506	1.0	0.08923737924213446	alt	1.3174890388035516	0.0008835371305858506	0.08923737924213446	2288
chr2	159249736	159249737	1.0	rs72955998	26	A	G	2	-1.3550038002633586	1.2749579134161584	0.9966746778195721	0.0007145518630333203	1.0	0.07828145435194486	alt	1.2749579134161584	0.0007145518630333203	0.07828145435194486	2288
chr2	180125824	180125825	1.1666666666666667	rs1518431	38	G	A	3	1.3702617140117717	-1.5901765596537474	0.00012166877824854458	0.9989888355453428	0.04307074749998478	1.0	ref	1.3702617140117717	0.00012166877824854458	0.04307074749998478	2288
chr2	187475668	187475669	1.0	rs8176546	34	T	C	3	1.135093694256667	-0.8309376449363531	0.0008240582457302895	0.9852695097933626	0.09445684500966965	1.0	ref	1.135093694256667	0.0008240582457302895	0.09445684500966965	2288
chr2	196068463	196068464	1.25	rs13028754	62	T	C	6	-0.3479629041554804	0.9533903490812615	0.9505069742128763	0.0006619488981892771	1.0	0.07599888971643375	alt	0.9533903490812615	0.0006619488981892771	0.07599888971643375	2288
chr2	207073934	207073935	1.0	rs2075339	24	A	G	3	1.250057354993142	-0.8651734374712432	0.00019443424327907782	0.894968645332423	0.05416109281636213	1.0	ref	1.250057354993142	0.00019443424327907782	0.05416109281636213	2288
chr2	207424074	207424075	1.5	rs114541968	56	C	G	3	1.8672516127405232	-1.1210900279070226	6.405666796375783e-05	0.9999498507482601	0.029417591947031703	1.0	ref	1.8672516127405232	6.405666796375783e-05	0.029417591947031703	2288
chr2	216412328	216412329	1.0	rs17335817	36	C	T	3	-0.8823819172624899	1.4208358582082847	0.9975832805077319	4.997546553673772e-05	1.0	0.017691314800005152	alt	1.4208358582082847	4.997546553673772e-05	0.017691314800005152	2288
chr2	216808100	216808101	1.25	rs1014680	41	G	A	6	0.8784579364992955	-0.5581432568462986	0.0008763496371188877	0.996899819738746	0.09732635969885059	1.0	ref	0.8784579364992955	0.0008763496371188877	0.09732635969885059	2288
chr2	217223722	217223723	1.2857142857142858	rs2373039	32	A	G	7	-0.28383590579645657	0.9228590787815478	0.9841417564609001	0.000482724107504187	1.0	0.06509879392627893	alt	0.9228590787815478	0.000482724107504187	0.06509879392627893	2288
chr2	222426421	222426422	1.0	rs6436317	25	G	A	2	-0.7218886960860749	1.3170828244722306	0.8430277222908262	0.0009704550420406924	0.9808097950815282	0.09145552167784715	alt	1.3170828244722306	0.0009704550420406924	0.09145552167784715	2288
chr2	222426504	222426505	1.0	rs4499418	31	C	A	2	-1.964412116035117	1.6994108666497505	0.9981241427630286	1.8222999440293413e-05	1.0	0.009389690347975444	alt	1.6994108666497505	1.8222999440293413e-05	0.009389690347975444	2288
chr2	223836071	223836072	1.0	rs7582757	31	A	G	3	-0.48596704906481525	1.2200624510944336	0.9863988093244266	0.0005880270550085169	1.0	0.07086351573549446	alt	1.2200624510944336	0.0005880270550085169	0.07086351573549446	2288
chr2	226423597	226423598	1.2857142857142858	rs4569468	56	T	C	7	-0.12361156311466232	0.9060558313148867	0.9087889323708924	0.000575139475729424	1.0	0.07030769763736958	alt	0.9060558313148867	0.000575139475729424	0.07030769763736958	2288
chr2	230127363	230127364	1.2	rs10183352	32	T	C	5	1.339206606352798	-1.481332786012505	4.702506451040824e-06	0.9999496430108784	0.00998812370201071	1.0	ref	1.339206606352798	4.702506451040824e-06	0.00998812370201071	2288
chr2	234291989	234291990	1.0	rs62186795	37	T	C	3	-1.5634248690760344	1.8721074049771	0.9995537414958592	1.0797744499051205e-07	1.0	0.00045868818631969525	alt	1.8721074049771	1.0797744499051205e-07	0.00045868818631969525	2288
chr2	234292137	234292138	1.0	rs62186796	32	G	A	3	-0.659380557969928	1.2207622379403509	0.9884638848131791	0.0005735509716762404	1.0	0.07030769763736958	alt	1.2207622379403509	0.0005735509716762404	0.07030769763736958	2288
chr2	234292573	234292574	1.0	rs1519187	36	C	T	3	-1.2523765190855807	1.5488228793145429	0.9998755402460221	8.833639194216838e-06	1.0	0.005773122968774328	alt	1.5488228793145429	8.833639194216838e-06	0.005773122968774328	2288
chr2	237687725	237687726	1.0	rs56203686	51	C	T	3	-0.503507762849443	1.1628226316144332	0.9790181628983186	0.000654792278998638	1.0	0.0759836467444522	alt	1.1628226316144332	0.000654792278998638	0.0759836467444522	2288
chr2	240893704	240893705	1.5	rs34977557	56	C	T	3	-1.4628711028834158	1.4195833182639146	0.9995644296180496	0.0007705482606656005	1.0	0.08132395059148996	alt	1.4195833182639146	0.0007705482606656005	0.08132395059148996	2288
chr20	4814735	4814736	1.5	rs2245786	86	G	A	7	-0.3568605748806546	0.8877522823986709	0.8693884919480469	0.0005794278780807443	0.9909993089058687	0.07032598931677149	alt	0.8877522823986709	0.0005794278780807443	0.07032598931677149	2288
chr20	13247423	13247424	1.5	rs1073378	58	C	T	3	1.7788487040267476	-2.1063906702709114	4.930679323409597e-05	0.9999729070515114	0.025535521576620538	1.0	ref	1.7788487040267476	4.930679323409597e-05	0.025535521576620538	2288
chr20	20233291	20233292	1.5	rs56849896	63	C	A	3	1.6539045188572872	-1.3083436931409005	0.0005175248323223406	0.999322501648161	0.07804535310593776	1.0	ref	1.6539045188572872	0.0005175248323223406	0.07804535310593776	2288
chr20	38799289	38799290	1.0	rs8115770	29	T	C	2	-1.284383862094396	1.5799177332096859	0.9693277748789185	7.132116950629046e-05	1.0	0.021197482631209734	alt	1.5799177332096859	7.132116950629046e-05	0.021197482631209734	2288
chr20	45910852	45910853	1.2857142857142858	rs441346	68	G	C	7	-0.35606139764424194	0.9462505424824936	0.9638298137937054	0.00028140450993747556	1.0	0.044688088157547524	alt	0.9462505424824936	0.00028140450993747556	0.044688088157547524	2288
chr20	45935390	45935391	1.2857142857142858	rs56324610	73	G	C	7	-0.5018627807972166	1.0460978637462186	0.9848730016811698	2.313725367405252e-05	1.0	0.01034600564288159	alt	1.0460978637462186	2.313725367405252e-05	0.01034600564288159	2288
chr20	47727673	47727674	1.125	rs7272299	74	T	G	4	0.930715685508073	-0.34134034972563704	0.0009448889587940708	0.9351885494537058	0.0991083530112892	1.0	ref	0.930715685508073	0.0009448889587940708	0.0991083530112892	2288
chr20	47727721	47727722	1.125	rs11905856	75	A	G	4	-0.43599235687951277	0.9703273066870749	0.9495794518919014	0.0009693703631066845	1.0	0.09145552167784715	alt	0.9703273066870749	0.0009693703631066845	0.09145552167784715	2288
chr20	48772727	48772728	1.5	rs6125464	43	C	G	3	-1.813922956045541	1.384010819089855	0.9999339633358528	0.0009998183928231214	1.0	0.09145552167784715	alt	1.384010819089855	0.0009998183928231214	0.09145552167784715	2288
chr20	48772735	48772736	1.5	rs6125465	41	G	A	3	-1.92639297539188	1.4593296959093398	0.9999736415375015	0.0006112674775192113	1.0	0.07263396488116391	alt	1.4593296959093398	0.0006112674775192113	0.07263396488116391	2288
chr20	51631719	51631720	1.25	rs3746417	65	C	T	6	-0.47241624233592994	0.9220056818501507	0.9350197990236274	0.00018840934807154696	1.0	0.03638013230036052	alt	0.9220056818501507	0.00018840934807154696	0.03638013230036052	2288
chr20	58818885	58818886	1.25	rs3746709	49	C	T	6	0.05610239621553151	1.329364197652597	0.9998479700192094	2.3010849242514766e-05	1.0	0.01034600564288159	alt	1.329364197652597	2.3010849242514766e-05	0.01034600564288159	2288
chr20	62832831	62832832	1.0	rs1018439	29	C	T	3	1.1743740332718913	-1.0025249103338199	0.0005120510359877064	0.9906542250395747	0.07804535310593776	1.0	ref	1.1743740332718913	0.0005120510359877064	0.07804535310593776	2288
chr21	19833433	19833434	1.5	rs1156407	47	C	G	6	1.1727556445859575	-0.9586599750689229	0.00021641101562107105	0.9982601448363418	0.05657316888358829	1.0	ref	1.1727556445859575	0.00021641101562107105	0.05657316888358829	2288
chr21	38930963	38930964	1.0	rs13051086	39	C	T	3	-0.7530836434408718	1.0895354510827486	0.9752512691026026	0.0008954057315944091	1.0	0.08923737924213446	alt	1.0895354510827486	0.0008954057315944091	0.08923737924213446	2288
chr22	22369495	22369496	1.375	rs9611592	44	G	A	4	1.456972173710849	-1.8311267382441825	0.00012730832923534173	0.9985940437135346	0.043294916462387464	1.0	ref	1.456972173710849	0.00012730832923534173	0.043294916462387464	2288
chr22	30196497	30196498	1.125	rs713875	61	C	G	4	1.204271502632275	-0.7908773557683113	5.614130148153998e-05	0.9915505566101714	0.02745326179379905	1.0	ref	1.204271502632275	5.614130148153998e-05	0.02745326179379905	2288
chr22	32881212	32881213	1.25	rs137503	75	C	G	6	0.8669187300455626	-0.2767543492851407	0.0009438042167031652	0.8623206046057827	0.0991083530112892	1.0	ref	0.8669187300455626	0.0009438042167031652	0.0991083530112892	2288
chr22	32881563	32881564	1.25	rs241902	71	C	T	6	-0.14923722027413144	1.0018100182275371	0.8854893808392741	0.0005401272683085641	0.9958170736167713	0.06798401883777128	alt	1.0018100182275371	0.0005401272683085641	0.06798401883777128	2288
chr22	38176432	38176433	1.5	rs4384	80	G	C	6	-0.5027345490262275	1.2425237771910584	0.9994438894599393	9.125484770515639e-05	1.0	0.022472498147913297	alt	1.2425237771910584	9.125484770515639e-05	0.022472498147913297	2288
chr22	38176518	38176519	1.5	rs133015	71	C	G	6	-1.2476163310236652	1.2737942231151844	0.9998957642115036	5.561200472747385e-05	1.0	0.019186693516324824	alt	1.2737942231151844	5.561200472747385e-05	0.019186693516324824	2288
chr22	38176574	38176575	1.5	rs133016	65	C	T	6	-1.1464362333943119	1.154554454864477	0.9993828378624505	0.0002035710414230652	1.0	0.038011858635832126	alt	1.154554454864477	0.0002035710414230652	0.038011858635832126	2288
chr22	38176629	38176630	1.5	rs133017	50	A	C	6	-1.1221375632211663	1.0502256475443923	0.9993354994651551	0.0005019338809177527	1.0	0.06611519770972445	alt	1.0502256475443923	0.0005019338809177527	0.06611519770972445	2288
chr22	38705613	38705614	1.5	rs2267393	78	G	C	6	0.9985425566248459	-0.683641557744713	0.0006154890807192697	0.9898048042234052	0.08218033271947532	1.0	ref	0.9985425566248459	0.0006154890807192697	0.08218033271947532	2288
chr3	14439765	14439766	1.25	rs893084	66	A	T	6	0.9556674325684708	-0.4559589765756659	0.0003715997615188945	0.9527437490964022	0.06831377195026447	1.0	ref	0.9556674325684708	0.0003715997615188945	0.06831377195026447	2288
chr3	16312032	16312033	1.25	rs28421777	57	G	T	6	1.058439876355803	-0.31786012381484163	0.00010121249388938153	0.973339643891187	0.0419464072236188	1.0	ref	1.058439876355803	0.00010121249388938153	0.0419464072236188	2288
chr3	52498274	52498275	1.5	rs34736619	71	G	C	4	-0.8951999593533392	1.1282507670912505	0.9682463123989495	0.0009832138945705781	1.0	0.09145552167784715	alt	1.1282507670912505	0.0009832138945705781	0.09145552167784715	2288
chr4	3305910	3305911	1.375	rs3135146	55	C	G	4	1.1719700400082593	-0.9218787677802769	0.0006190608867757086	0.9918077533741303	0.08218033271947532	1.0	ref	1.1719700400082593	0.0006190608867757086	0.08218033271947532	2288
chr4	12118838	12118839	1.25	rs113352957	55	G	A	6	-1.0232092728842699	1.3078552344785488	0.9997810487317861	2.8513453440739065e-06	1.0	0.0028500035345002247	alt	1.3078552344785488	2.8513453440739065e-06	0.0028500035345002247	2288
chr4	94534107	94534108	1.0	rs11731606	27	C	T	3	-1.010299032343795	1.1960987121587943	0.99736543972128	0.00022960355131781892	1.0	0.04063982858325395	alt	1.1960987121587943	0.00022960355131781892	0.04063982858325395	2288
chr4	108502468	108502469	1.0	rs6813930	29	T	C	3	-0.43566878261513126	1.182745835010963	0.9888329016075835	0.0006218863883830766	1.0	0.07338259382920304	alt	1.182745835010963	0.0006218863883830766	0.07338259382920304	2288
chr4	139808636	139808637	1.0	rs809478	32	T	A	3	1.3066318920826812	-0.5234223878990258	0.0004211048467050071	0.9914662978726041	0.07301442403277021	1.0	ref	1.3066318920826812	0.0004211048467050071	0.07301442403277021	2288
chr4	140095052	140095053	1.2857142857142858	rs4863732	68	G	C	7	-0.18256921756067457	0.9241213769267074	0.9252654431230645	0.0003334789602992777	1.0	0.04883063565448202	alt	0.9241213769267074	0.0003334789602992777	0.04883063565448202	2288
chr4	140103963	140103964	1.25	rs55762155	68	T	G	6	1.084381684686973	0.143952460029189	0.0004615461583577496	0.8684072023855232	0.07402909943964399	1.0	ref	1.084381684686973	0.0004615461583577496	0.07402909943964399	2288
chr4	140103964	140103965	1.25	rs56028824	68	G	T	6	1.084381684686973	0.143952460029189	0.0004615461583577496	0.8684072023855232	0.07402909943964399	1.0	ref	1.084381684686973	0.0004615461583577496	0.07402909943964399	2288
chr4	156575900	156575901	1.0	rs1521701	37	T	A	3	1.2274135101616745	-0.4990685041553341	0.0006418746102933264	0.981468256483258	0.08389794906234001	1.0	ref	1.2274135101616745	0.0006418746102933264	0.08389794906234001	2288
chr4	176195757	176195758	1.25	rs2170577	36	G	T	6	-0.7480591998404276	1.1131119290342892	0.9999630667845796	7.79773331882058e-05	1.0	0.02154155248067743	alt	1.1131119290342892	7.79773331882058e-05	0.02154155248067743	2288
chr4	180630427	180630428	1.0	rs72699449	37	C	T	3	-0.9973980566257286	1.5477262159919756	0.9996187210528282	1.3303524122298869e-05	1.0	0.0077949476512449095	alt	1.5477262159919756	1.3303524122298869e-05	0.0077949476512449095	2288
chr4	183411482	183411483	1.25	rs59685464	64	G	C	6	-0.4158764557505843	0.8966022300941181	0.9180910459690866	0.00029684335444305046	1.0	0.04585420253360285	alt	0.8966022300941181	0.00029684335444305046	0.04585420253360285	2288
chr5	1104822	1104823	1.375	rs35188965	58	C	T	4	1.3199538635969685	-1.705334019973931	0.00017940950888108517	0.999741601967845	0.05080877291512332	1.0	ref	1.3199538635969685	0.00017940950888108517	0.05080877291512332	2288
chr5	14809958	14809959	1.2857142857142858	rs42679	53	C	T	7	-0.49779754444286967	0.9798449141010876	0.9949373266944166	0.0008321966916241841	1.0	0.08622369624437888	alt	0.9798449141010876	0.0008321966916241841	0.08622369624437888	2288
chr5	56909529	56909530	1.3	rs185220	36	A	G	5	-0.6342411886322027	1.2378832812935885	0.9974986910444441	7.493662941375422e-05	1.0	0.021222053449975194	alt	1.2378832812935885	7.493662941375422e-05	0.021222053449975194	2288
chr5	61408983	61408984	1.0	rs79942193	36	C	G	3	1.131178146661816	-0.8463498008095086	0.0008022452217704804	0.9788267613388711	0.09445684500966965	1.0	ref	1.131178146661816	0.0008022452217704804	0.09445684500966965	2288
chr5	76738937	76738938	1.25	rs250734	32	C	G	6	-0.6326707116596	0.9425565122006557	0.9974420336184208	0.0005089452984593712	1.0	0.06652306547247411	alt	0.9425565122006557	0.0005089452984593712	0.06652306547247411	2288
chr5	102049085	102049086	1.0	rs78767024	30	T	C	3	1.1223079813970294	-0.9010121775687745	0.0007775168837193866	0.9896493639845124	0.09445684500966965	1.0	ref	1.1223079813970294	0.0007775168837193866	0.09445684500966965	2288
chr5	106895196	106895197	1.1666666666666667	rs1580831	37	G	A	3	-1.00046354737866	1.6903482104371508	0.9998036235131003	1.878822221228608e-05	1.0	0.009389690347975444	alt	1.6903482104371508	1.878822221228608e-05	0.009389690347975444	2288
chr5	113513780	113513781	1.0	rs929774	33	A	G	3	-0.9427254965586614	1.4022060264167373	0.9988665159505405	4.3628044025283564e-05	1.0	0.01617062876867255	alt	1.4022060264167373	4.3628044025283564e-05	0.01617062876867255	2288
chr5	116076585	116076586	1.0	rs11241352	25	G	A	3	1.1488797404810438	-0.9193968092667503	0.0006586386289465769	0.9959339352185544	0.08478475441712299	1.0	ref	1.1488797404810438	0.0006586386289465769	0.08478475441712299	2288
chr5	116076624	116076625	1.0	rs17138834	31	A	G	3	-0.7969643740534189	1.2161274658548313	0.9955199693417558	0.00025797240080225323	1.0	0.04174730508982749	alt	1.2161274658548313	0.00025797240080225323	0.04174730508982749	2288
chr5	118533365	118533366	1.0	rs7728910	24	A	C	3	-1.2334046032721073	1.262743329843131	0.9947044014518066	7.295157993700159e-05	1.0	0.021197482631209734	alt	1.262743329843131	7.295157993700159e-05	0.021197482631209734	2288
chr5	119397768	119397769	1.0714285714285714	rs17386422	58	G	A	7	-0.2712538797421458	1.0821622197460683	0.9871815145038713	3.883360104806355e-05	1.0	0.014996830659288541	alt	1.0821622197460683	3.883360104806355e-05	0.014996830659288541	2288
chr5	122126453	122126454	1.0	rs1991451	30	T	G	3	-0.7204343659866843	1.4412541754187482	0.9234094408249531	8.446250017198611e-05	1.0	0.022079796968036736	alt	1.4412541754187482	8.446250017198611e-05	0.022079796968036736	2288
chr5	123721915	123721916	1.0	rs331578	24	C	G	2	-1.4740382715220566	1.2221115354201357	0.9860877966614816	0.000892511208539305	1.0	0.08923737924213446	alt	1.2221115354201357	0.000892511208539305	0.08923737924213446	2288
chr5	128927781	128927782	1.2857142857142858	rs2577492	35	G	T	7	1.0180655756752115	-0.45386034093932504	0.0005460641325715735	0.9910935372472269	0.07989617289037618	1.0	ref	1.0180655756752115	0.0005460641325715735	0.07989617289037618	2288
chr5	132263676	132263677	1.5	rs932019	40	T	C	3	1.4509935639040417	-1.4951674612430457	0.0007756260208109102	0.9974605891026903	0.09445684500966965	1.0	ref	1.4509935639040417	0.0007756260208109102	0.09445684500966965	2288
chr5	133148515	133148516	1.0	rs4958125	26	A	G	3	-1.0528584552065894	1.1820992367822014	0.9959585481656016	0.0002605225915966166	1.0	0.04176226298499726	alt	1.1820992367822014	0.0002605225915966166	0.04176226298499726	2288
chr5	147658771	147658772	1.5	rs13162410	55	G	C	3	-2.2441597975014274	1.6016678625708098	0.9999647028089171	0.00017371787723123006	1.0	0.03556402614353086	alt	1.6016678625708098	0.00017371787723123006	0.03556402614353086	2288
chr5	149240660	149240661	1.25	rs3797315	55	T	G	6	1.3373825481805646	-0.48297429193526165	7.389534964563682e-06	0.9998471634944466	0.01141481619253328	1.0	ref	1.3373825481805646	7.389534964563682e-06	0.01141481619253328	2288
chr5	150790320	150790321	1.25	rs74973123	56	A	T	6	1.0085970052044015	-0.129860864557243	0.0005712236627053843	0.9139545732339364	0.08027842946018712	1.0	ref	1.0085970052044015	0.0005712236627053843	0.08027842946018712	2288
chr5	151805900	151805901	1.2	rs10036616	43	A	T	5	0.30222126261685056	1.2147036586995064	0.9907644613109092	0.00021797849386814288	1.0	0.039698322326825713	alt	1.2147036586995064	0.00021797849386814288	0.039698322326825713	2288
chr5	157272118	157272119	1.0	rs727588	44	A	C	3	1.367681227446266	-0.5910710005264892	0.00015193135305832894	0.9922203231840063	0.04780773242902084	1.0	ref	1.367681227446266	0.00015193135305832894	0.04780773242902084	2288
chr5	159412503	159412504	1.25	rs1422877	78	A	G	6	1.0878090426143	-0.29277290964505276	0.0003509810517122114	0.9797318629611593	0.06553703330432852	1.0	ref	1.0878090426143	0.0003509810517122114	0.06553703330432852	2288
chr5	168852134	168852135	1.0	rs2974426	31	A	G	2	-2.257266656263575	1.873156682045288	1.0	3.507224900844668e-06	1.0	0.00297973827575763	alt	1.873156682045288	3.507224900844668e-06	0.00297973827575763	2288
chr5	170572604	170572605	1.0	rs76504197	31	A	G	2	-1.964412116035117	1.670767222787547	0.9981241427630286	2.4181887055689507e-05	1.0	0.010422141165067777	alt	1.670767222787547	2.4181887055689507e-05	0.010422141165067777	2288
chr5	176361894	176361895	1.2857142857142858	rs2278229	45	T	C	7	1.0291446917535843	-0.5383145582265663	0.0001390774367557685	0.9885884834356834	0.045446227026038816	1.0	ref	1.0291446917535843	0.0001390774367557685	0.045446227026038816	2288
chr5	178249880	178249881	1.0	rs2913850	35	G	T	3	-0.7784854885243278	1.4668712303253073	0.9980426182346178	6.596504915077317e-05	1.0	0.021197482631209734	alt	1.4668712303253073	6.596504915077317e-05	0.021197482631209734	2288
chr5	180861454	180861455	1.0	rs2591464	30	G	C	2	1.3687320488333392	-1.204686282854358	0.0007827653971827233	0.9941451056439191	0.09445684500966965	1.0	ref	1.3687320488333392	0.0007827653971827233	0.09445684500966965	2288
chr6	2793704	2793705	1.0	rs160692	58	C	T	6	0.9860347489552442	-0.09282164923949357	0.00024468377397472306	0.9417212150449941	0.05855868573772527	1.0	ref	0.9860347489552442	0.00024468377397472306	0.05855868573772527	2288
chr6	2951920	2951921	1.0	rs1980652	27	G	A	3	-0.3788467002992374	1.2536441546833588	0.9973882690846131	0.0005636186518299832	1.0	0.07023178432711044	alt	1.2536441546833588	0.0005636186518299832	0.07023178432711044	2288
chr6	3023721	3023722	1.0	rs1040861	50	C	A	6	-0.3135683763007528	0.8759270347817478	0.9662214700275984	0.0004205430958799136	1.0	0.059056762687532995	alt	0.8759270347817478	0.0004205430958799136	0.059056762687532995	2288
chr6	15299607	15299608	1.0	rs72834551	39	A	G	4	1.2768022103558148	-0.5099143384424485	0.000237786065413576	0.9914195845223956	0.05843945050155527	1.0	ref	1.2768022103558148	0.000237786065413576	0.05843945050155527	2288
chr6	24721558	24721559	1.0	rs9379687	26	C	A	3	-0.8385953352759602	1.0724093851524046	0.9896462507304206	0.000989926808767448	1.0	0.09145552167784715	alt	1.0724093851524046	0.000989926808767448	0.09145552167784715	2288
chr6	25036266	25036267	1.0	rs895674	44	C	T	3	1.4711326234857913	-1.1323507049380075	2.349915295649858e-05	0.9982049199097698	0.01736076552334017	1.0	ref	1.4711326234857913	2.349915295649858e-05	0.01736076552334017	2288
chr6	25036268	25036269	1.0	rs895675	44	G	A	3	1.4711326234857913	-1.1323507049380075	2.349915295649858e-05	0.9982049199097698	0.01736076552334017	1.0	ref	1.4711326234857913	2.349915295649858e-05	0.01736076552334017	2288
chr6	29966244	29966245	1.5	rs6914699	50	T	C	6	1.149161634133139	-0.5165044906264445	0.000632685769372923	0.9817042943378559	0.08333795808670316	1.0	ref	1.149161634133139	0.000632685769372923	0.08333795808670316	2288
chr6	32610033	32610034	1.5	rs9271166	41	C	T	6	1.0742966389106288	-0.9573758800265315	0.0009034458928408359	0.9952795677508891	0.09805860504973644	1.0	ref	1.0742966389106288	0.0009034458928408359	0.09805860504973644	2288
chr6	33019044	33019045	1.4285714285714286	rs6906405	57	A	C	7	-0.32264618255051947	0.9953017809300349	0.9923151500475526	0.00023867004941021893	1.0	0.04071928491479009	alt	0.9953017809300349	0.00023867004941021893	0.04071928491479009	2288
chr6	155314489	155314490	1.4375	rs1334688	67	A	G	8	0.9357521762679546	-0.37133572441417506	0.00026649577694657007	0.9976008883482377	0.05974869692783075	1.0	ref	0.9357521762679546	0.00026649577694657007	0.05974869692783075	2288
chr6	155314502	155314503	1.4375	rs1334687	70	A	C	8	1.0821490536806773	-0.26428678962194396	0.0001751967738460438	0.9990923969500067	0.05045667086766062	1.0	ref	1.0821490536806773	0.0001751967738460438	0.05045667086766062	2288
chr7	115339	115340	1.0	rs6583345	31	C	T	2	-1.538621925128011	1.561576352581263	0.9990727436080599	8.440346662653883e-05	1.0	0.022079796968036736	alt	1.561576352581263	8.440346662653883e-05	0.022079796968036736	2288
chr7	1012496	1012497	1.0	rs12539012	32	G	A	3	-1.0524026553690364	1.4365031377416175	0.9993027613831822	2.5297032019903525e-05	1.0	0.010484077270297577	alt	1.4365031377416175	2.5297032019903525e-05	0.010484077270297577	2288
chr7	1044290	1044291	1.25	rs77760339	54	G	T	6	-0.4985823097900851	1.0363653443466623	0.9918476244935772	8.835068650293733e-05	1.0	0.022431426194337457	alt	1.0363653443466623	8.835068650293733e-05	0.022431426194337457	2288
chr7	2399951	2399952	1.0	rs10244138	37	C	A	3	1.5986367432334623	-1.2444737660156793	8.394783535847798e-06	0.9996579850797256	0.011858740614118169	1.0	ref	1.5986367432334623	8.394783535847798e-06	0.011858740614118169	2288
chr7	2715737	2715738	1.0	rs13438342	35	G	T	3	1.330416381094464	-1.1257981383239128	0.00011597845749232409	0.9961201544451713	0.04270210552559472	1.0	ref	1.330416381094464	0.00011597845749232409	0.04270210552559472	2288
chr7	5456052	5456053	1.125	rs66483545	64	G	A	4	-0.4056007679869059	1.3083573167365687	0.9975267559047806	0.0001325884398473638	1.0	0.029808202867055898	alt	1.3083573167365687	0.0001325884398473638	0.029808202867055898	2288
chr7	21366506	21366507	1.0	rs62439683	36	C	A	3	1.629190102274762	-1.2568096697819975	6.173871401466586e-06	0.9996915447857354	0.010490642285372023	1.0	ref	1.629190102274762	6.173871401466586e-06	0.010490642285372023	2288
chr7	21967870	21967871	1.125	rs1174944	34	T	C	4	1.235359586202199	-0.6144101346897002	0.0004821016022761198	0.9913383350691749	0.07523165026545003	1.0	ref	1.235359586202199	0.0004821016022761198	0.07523165026545003	2288
chr7	26912519	26912520	1.25	rs2960785	34	T	C	4	-1.070011092859441	1.3235793684353963	0.9994071435177511	7.860029742243412e-05	1.0	0.02154155248067743	alt	1.3235793684353963	7.860029742243412e-05	0.02154155248067743	2288
chr7	32490323	32490324	1.0	rs1584614	34	G	C	3	-0.6178473833450995	1.3555991194506356	0.8819903320392907	0.00016718958834782563	0.9958170736167713	0.03489581141372041	alt	1.3555991194506356	0.00016718958834782563	0.03489581141372041	2288
chr7	38318500	38318501	1.125	rs2240844	33	C	G	4	-0.5390759151073069	1.3511159323080721	0.9974936208586445	9.68818686291811e-05	1.0	0.02286412099648674	alt	1.3511159323080721	9.68818686291811e-05	0.02286412099648674	2288
chr7	39621924	39621925	1.25	rs10254562	42	C	A	6	-0.06173918393048876	1.3859170114360602	0.9994070213341728	4.0012279973616176e-06	1.0	0.0032375650538651714	alt	1.3859170114360602	4.0012279973616176e-06	0.0032375650538651714	2288
chr7	39733395	39733396	1.125	rs12701758	58	G	A	4	-0.5459333339548337	0.9598535420097856	0.9685030301127627	0.0010348244371610805	1.0	0.0930356446361962	alt	0.9598535420097856	0.0010348244371610805	0.0930356446361962	2288
chr7	45607188	45607189	1.0	rs75119980	55	C	T	3	1.2703439839559612	-0.4238400958184148	0.00033478367554746894	0.9840743380800546	0.06320715794336214	1.0	ref	1.2703439839559612	0.00033478367554746894	0.06320715794336214	2288
chr7	45769153	45769154	1.0	rs113588468	32	A	G	2	1.6857204453886374	-1.6632084278399988	5.816369024109968e-05	0.9995555679278434	0.02745326179379905	1.0	ref	1.6857204453886374	5.816369024109968e-05	0.02745326179379905	2288
chr7	47648824	47648825	1.0	rs10081231	29	C	T	3	1.2671497600340902	-0.8184915671872481	0.0002931304801517694	0.9942324310518558	0.05974869692783075	1.0	ref	1.2671497600340902	0.0002931304801517694	0.05974869692783075	2288
chr7	77831177	77831178	1.0	rs117995313	29	C	T	2	-1.3511756873350906	1.4632303834734726	0.9985760711085621	0.00018313100347555213	1.0	0.035767379437431975	alt	1.4632303834734726	0.00018313100347555213	0.035767379437431975	2288
chr7	83468340	83468341	1.0	rs2249189	45	C	G	3	1.5404102911338924	-0.46459755142112136	9.16687571345773e-05	0.9959408756300063	0.03894088803076844	1.0	ref	1.5404102911338924	9.16687571345773e-05	0.03894088803076844	2288
chr7	98218425	98218426	1.0	rs73151174	39	A	G	3	-0.8940995718594605	1.3495950269508983	0.9958855998813921	7.360237024725602e-05	1.0	0.021197482631209734	alt	1.3495950269508983	7.360237024725602e-05	0.021197482631209734	2288
chr7	101370983	101370984	1.0	rs73173757	50	A	G	3	1.844341084315405	-1.104613861695303	4.77490898032214e-07	0.999969961478803	0.001521225684017872	1.0	ref	1.844341084315405	4.77490898032214e-07	0.001521225684017872	2288
chr7	101371080	101371081	1.0	rs13235901	32	C	G	3	1.4223718548611517	-1.0450670364522534	5.662635522310167e-05	0.9986602088649612	0.02745326179379905	1.0	ref	1.4223718548611517	5.662635522310167e-05	0.02745326179379905	2288
chr7	107561129	107561130	1.0	rs62483725	29	G	A	1	-1.8365309010447044	1.6717208772740593	0.9966877165043364	0.001076265749682308	1.0	0.09524951884688426	alt	1.6717208772740593	0.001076265749682308	0.09524951884688426	2288
chr7	108203794	108203795	1.0	rs11980184	47	C	T	3	-0.7919070049662766	1.2390816710164083	0.9907416501986718	0.00019903751936430387	1.0	0.03796329373562653	alt	1.2390816710164083	0.00019903751936430387	0.03796329373562653	2288
chr7	127392752	127392753	1.125	rs6956825	36	C	G	4	-0.4504592319682344	1.2796445205978433	0.9965006217096115	6.96498255613152e-05	1.0	0.021197482631209734	alt	1.2796445205978433	6.96498255613152e-05	0.021197482631209734	2288
chr7	135661513	135661514	1.0	rs35150201	32	T	G	3	-2.0240523848244454	1.787266511523016	0.998576329839203	1.965546842943027e-07	1.0	0.00047712245650411307	alt	1.787266511523016	1.965546842943027e-07	0.00047712245650411307	2288
chr7	140084460	140084461	1.25	rs59618522	41	T	C	6	-1.1636346287861696	1.4862894179893484	0.9999965434210117	3.890459940078223e-07	1.0	0.0006884153238035881	alt	1.4862894179893484	3.890459940078223e-07	0.0006884153238035881	2288
chr7	142346065	142346066	1.0	rs361402	32	C	T	1	1.9003448870389996	-2.21124924660374	0.0004825588506960953	1.0	0.07523165026545003	1.0	ref	1.9003448870389996	0.0004825588506960953	0.07523165026545003	2288
chr7	142711900	142711901	1.2	rs3823473	43	G	T	5	-1.0659778193502498	1.3807650327632266	0.999532441941259	3.2135823930760487e-06	1.0	0.0029432742261921835	alt	1.3807650327632266	3.2135823930760487e-06	0.0029432742261921835	2288
chr7	149028657	149028658	1.25	rs2306170	59	C	T	6	0.12179258078811767	1.5816907895938643	0.9997957593507224	5.101369777240322e-07	1.0	0.0007223539604572296	alt	1.5816907895938643	5.101369777240322e-07	0.0007223539604572296	2288
chr7	150556979	150556980	1.0	rs9690525	54	G	A	3	-0.22414554843769224	1.3383418135730376	0.9895975889414346	0.0002396379761934445	1.0	0.04071928491479009	alt	1.3383418135730376	0.0002396379761934445	0.04071928491479009	2288
chr7	151028634	151028635	1.25	rs2303922	32	A	C	6	1.0554386282951318	-0.22866793356108578	0.0007750238049302776	0.9962159165111326	0.09445684500966965	1.0	ref	1.0554386282951318	0.0007750238049302776	0.09445684500966965	2288
chr7	151309442	151309443	1.0	rs6964641	43	A	G	3	1.2326533604087886	-0.9032355641424132	0.0002407463238646933	0.9871275131317575	0.05843945050155527	1.0	ref	1.2326533604087886	0.0002407463238646933	0.05843945050155527	2288
chr7	151415881	151415882	1.0	rs6967439	42	C	G	3	-0.77738038146555	1.851739282289013	0.9999851206640253	4.051408449879873e-07	1.0	0.0006884153238035881	alt	1.851739282289013	4.051408449879873e-07	0.0006884153238035881	2288
chr7	156893406	156893407	1.0	rs78436524	36	C	T	3	-0.7182452582605143	1.1271622119941558	0.9795225154215591	0.0007186856684853695	1.0	0.07828145435194486	alt	1.1271622119941558	0.0007186856684853695	0.07828145435194486	2288
chr8	11862717	11862718	1.5	rs1293303	52	G	C	7	1.2593348120961376	0.15633109682058324	0.00020269191889556672	0.9998356263213524	0.05466890612497571	1.0	ref	1.2593348120961376	0.00020269191889556672	0.05466890612497571	2288
chr8	22918341	22918342	1.5	rs10503722	36	G	A	6	0.9530395408624653	-0.8128277237203445	0.0009008662324428089	0.9964226102228565	0.09805860504973644	1.0	ref	0.9530395408624653	0.0009008662324428089	0.09805860504973644	2288
chr8	27405589	27405590	1.5	rs10088702	47	C	T	6	-1.1372842613759289	0.9226144678266899	0.9998206019823836	0.0011376425710699072	1.0	0.09934022462422551	alt	0.9226144678266899	0.0011376425710699072	0.09934022462422551	2288
chr8	81106907	81106908	1.5	rs16908611	52	T	C	3	-1.8701911047903765	1.7191974735220081	0.9999727453656467	0.0001399788284423047	1.0	0.030889873414177167	alt	1.7191974735220081	0.0001399788284423047	0.030889873414177167	2288
chr8	104329960	104329961	1.5	rs10087820	78	G	A	6	-0.4811863170353081	0.9474748757700022	0.962930164691679	0.0007524778210056475	1.0	0.08041574298445259	alt	0.9474748757700022	0.0007524778210056475	0.08041574298445259	2288
chr8	141327690	141327691	1.5	rs6986779	51	C	T	3	1.5810014481279326	-1.650417747297833	0.0003234989415875399	0.9997378109163998	0.06284534871418625	1.0	ref	1.5810014481279326	0.0003234989415875399	0.06284534871418625	2288
chr9	258246	258247	1.0	rs516619	27	G	C	5	0.9654916355531393	-0.46039187369430495	0.0008160166691119903	0.9861844061462419	0.09445684500966965	1.0	ref	0.9654916355531393	0.0008160166691119903	0.09445684500966965	2288
chr9	5499977	5499978	1.0	rs7864497	50	G	A	6	0.047970191272367305	1.4049039284084468	0.9978785534885815	3.2910905306998287e-06	1.0	0.0029432742261921835	alt	1.4049039284084468	3.2910905306998287e-06	0.0029432742261921835	2288
chr9	16987380	16987381	1.0	rs10962795	34	C	A	3	-0.8719685028337898	1.1125569821981653	0.9818758925855496	0.0007123419754693698	1.0	0.07828145435194486	alt	1.1125569821981653	0.0007123419754693698	0.07828145435194486	2288
chr9	22052810	22052811	1.125	rs10757267	29	G	C	4	-1.2747373091256429	1.2792871864238347	0.9996874416854454	2.871325066296793e-05	1.0	0.01149467130003329	alt	1.2792871864238347	2.871325066296793e-05	0.01149467130003329	2288
chr9	31211160	31211161	1.0	rs1333610	23	T	C	3	-1.392086828983007	1.1834755031586597	0.9813598076869885	0.00012834283432833554	1.0	0.02947028974198753	alt	1.1834755031586597	0.00012834283432833554	0.02947028974198753	2288
chr9	33001450	33001451	1.0	rs1197774	36	C	A	5	0.9851880327752276	-0.44249994003827403	0.0004390940643736164	0.9824619497965239	0.07402909943964399	1.0	ref	0.9851880327752276	0.0004390940643736164	0.07402909943964399	2288
chr9	33523483	33523484	1.0	rs4119545	32	C	G	3	-1.2122984765605318	1.6586181198989411	0.9994493231458451	1.2876799136052494e-06	1.0	0.0016393853831975433	alt	1.6586181198989411	1.2876799136052494e-06	0.0016393853831975433	2288
chr9	37422522	37422523	1.0	rs13299681	33	C	T	3	-0.8555058692533766	1.1124608235895794	0.9836319313596807	0.0007841387348180738	1.0	0.08224744062980685	alt	1.1124608235895794	0.0007841387348180738	0.08224744062980685	2288
chr9	38227216	38227217	1.0	rs10121288	53	C	T	3	-0.616746286700268	1.3737720499853496	0.9963648167345958	7.05003837729576e-05	1.0	0.021197482631209734	alt	1.3737720499853496	7.05003837729576e-05	0.021197482631209734	2288
chrX	1316734	1316735	1.5	rs35246447	80	C	T	3	-0.6531008934172199	1.2291744905369433	0.9261683335745198	0.0009934078242405503	1.0	0.09145552167784715	alt	1.2291744905369433	0.0009934078242405503	0.09145552167784715	2288
chrX	2717447	2717448	1.25	rs311077	42	G	C	6	1.149405621924049	0.08094860345676198	0.0005976027343215135	0.9624697572576214	0.08059099731421553	1.0	ref	1.149405621924049	0.0005976027343215135	0.08059099731421553	2288
