#chr	start	end	mean_bad	id	max_cover	ref	alt	n_reps	ref_comb_es	alt_comb_es	ref_comb_pval	alt_comb_pval	ref_fdr_comb_pval	alt_fdr_comb_pval	pref_allele	comb_es	comb_pval	fdr_comb_pval	1176
1	1659219	1659220	1.5	rs9661500	104	A	G	1	-1.0364229892235794	2.068852561276353	0.9970821735634222	1.249022759650313e-07	1.0	0.0008093667482534028	alt	2.068852561276353	1.249022759650313e-07	0.0008093667482534028	1176
1	21262109	21262110	1.0	rs212532	50	C	G	1	-1.4407554643326042	1.7242809237578687	0.9982601907779326	0.00012093643872321432	1.0	0.03918340614632144	alt	1.7242809237578687	0.00012093643872321432	0.03918340614632144	1176
1	21440169	21440170	1.0	rs1566523	39	G	C	1	1.5571734010360658	-1.300342328403619	0.0008554888424872253	0.9883024735676825	0.07968430672288085	1.0	ref	1.5571734010360658	0.0008554888424872253	0.07968430672288085	1176
1	29124989	29124990	1.0	rs2993710	29	A	G	1	1.6146587281131022	-1.6822426255392502	0.0005309733419225698	0.9958692252587875	0.06255831373924095	1.0	ref	1.6146587281131022	0.0005309733419225698	0.06255831373924095	1176
1	39026789	39026790	1.0	rs3768324	28	C	T	1	1.5505283906933864	-1.6179595188760194	0.0008730842248957625	0.9943784217321462	0.07968430672288085	1.0	ref	1.5505283906933864	0.0008730842248957625	0.07968430672288085	1176
1	54581721	54581722	1.0	rs300265	53	G	A	1	1.7170931271236451	-1.4456280862098594	8.758986569072733e-05	0.9983283170788052	0.02027079748842547	1.0	ref	1.7170931271236451	8.758986569072733e-05	0.02027079748842547	1176
1	55443631	55443632	1.0	rs10888920	55	T	G	1	-1.6368252532882006	1.9071449809076793	0.9997061784050715	1.4468002075790965e-05	1.0	0.011719081681390681	alt	1.9071449809076793	1.4468002075790965e-05	0.011719081681390681	1176
1	108746613	108746614	1.0	rs1124426	115	C	A	1	-0.8289298530489866	1.0267890074781318	0.9962721222703689	0.000496224543219275	1.0	0.08461934315949741	alt	1.0267890074781318	0.000496224543219275	0.08461934315949741	1176
1	157046075	157046076	1.0	rs551972398	36	G	C	1	-2.2259785560388696	2.058034991980518	0.9998753449417742	6.400901950772569e-06	1.0	0.006912974106834374	alt	2.058034991980518	6.400901950772569e-06	0.006912974106834374	1176
1	244863419	244863420	1.0	rs139217814	40	A	G	1	1.6060830015170127	-1.3541968083672429	0.0005651427722458571	0.9913910194065303	0.06424780989742375	1.0	ref	1.6060830015170127	0.0005651427722458571	0.06424780989742375	1176
10	25016441	25016442	1.0	rs2291583	77	G	A	1	1.632577390228498	-1.3711365297382203	1.3813844241073509e-05	0.9996666064214189	0.0047112479306398065	1.0	ref	1.632577390228498	1.3813844241073509e-05	0.0047112479306398065	1176
10	25016444	25016445	1.0	rs2291584	92	C	A	1	1.451196807490403	-1.2148303587209615	1.9615870379657878e-05	0.9995851960961742	0.0063555420030091524	1.0	ref	1.451196807490403	1.9615870379657878e-05	0.0063555420030091524	1176
10	25016448	25016449	1.0	rs2291585	93	A	G	1	1.394063684340633	-1.1603825746985859	3.3682470605559744e-05	0.9993646531726785	0.009094267063501131	1.0	ref	1.394063684340633	3.3682470605559744e-05	0.009094267063501131	1176
10	38402790	38402791	1.0	rs61837215	25	C	G	1	1.486230824371408	-1.7424617604750776	0.001181815783374248	1.0	0.09226706356945936	1.0	ref	1.486230824371408	0.001181815783374248	0.09226706356945936	1176
11	207697	207698	1.0	rs56186913	67	C	T	1	1.6774537440968489	-1.4058927733410247	2.7905463585732097e-05	0.9993975434288842	0.008219427456161091	1.0	ref	1.6774537440968489	2.7905463585732097e-05	0.008219427456161091	1176
11	5808620	5808621	1.0	rs11039111	36	C	G	1	-2.2259785560388696	2.058034991980518	0.9998753449417742	6.400901950772569e-06	1.0	0.006912974106834374	alt	2.058034991980518	6.400901950772569e-06	0.006912974106834374	1176
11	20112644	20112645	1.0	rs76034120	72	G	A	1	1.4007878269677674	-1.1310549055646373	0.0002083831708678249	0.9970783628457957	0.036495214789824475	1.0	ref	1.4007878269677674	0.0002083831708678249	0.036495214789824475	1176
11	34916531	34916532	1.0	rs375130125	71	G	C	1	1.7884850564855928	-1.5196866279417325	5.820949571550767e-06	0.9998223411220155	0.00254896354602505	1.0	ref	1.7884850564855928	5.820949571550767e-06	0.00254896354602505	1176
11	59053514	59053515	1.0	rs3740948	47	G	A	1	2.187978864023759	-2.1071292112559012	1.3109078354392139e-06	0.9999265772570528	0.0010618353467057632	1.0	ref	2.187978864023759	1.3109078354392139e-06	0.0010618353467057632	1176
11	69075543	69075544	1.0	rs2034688	33	G	C	1	1.5464328349362346	-1.3932726996779454	0.0010617399405815273	0.9876692893850849	0.08558583725867999	1.0	ref	1.5464328349362346	0.0010617399405815273	0.08558583725867999	1176
11	71787453	71787454	1.0	rs12786196	62	G	T	1	1.3009341042667133	-1.005504842399021	0.0010698229657335	0.9886841235249818	0.08558583725867999	1.0	ref	1.3009341042667133	0.0010698229657335	0.08558583725867999	1176
11	73242794	73242795	1.0	rs10898910	67	T	C	1	1.4596318502857715	-1.1797982635997641	0.00019695855425361813	0.9971005117982952	0.0364654694732413	1.0	ref	1.4596318502857715	0.00019695855425361813	0.0364654694732413	1176
12	116359223	116359224	1.0	rs12230486	69	T	C	1	1.8463499303220883	-1.579384813785226	4.170773177927565e-06	0.9998634996049456	0.002252217516080885	1.0	ref	1.8463499303220883	4.170773177927565e-06	0.002252217516080885	1176
13	111153692	111153693	1.0	rs9555774	49	T	G	1	1.8441259088804065	-1.6015554710713023	4.154626604649128e-05	0.9989565075225735	0.01076879215925054	1.0	ref	1.8441259088804065	4.154626604649128e-05	0.01076879215925054	1176
14	24141523	24141524	1.0	rs2236352	67	T	C	1	-1.1883519316613214	1.4901989963151978	0.9978500735329187	0.00017948078154207401	1.0	0.04652141857570559	alt	1.4901989963151978	0.00017948078154207401	0.04652141857570559	1176
14	60092010	60092011	1.0	rs2297295	83	G	T	1	1.2396927022966908	-0.9926249064844903	0.00036431755353755766	0.9956830158560807	0.0502293137643271	1.0	ref	1.2396927022966908	0.00036431755353755766	0.0502293137643271	1176
14	72927169	72927170	1.0	rs1076458	39	G	A	1	-1.862611770929898	1.934220335089349	0.9993610125098735	3.0744360389639195e-05	1.0	0.015879186100004918	alt	1.934220335089349	3.0744360389639195e-05	0.015879186100004918	1176
14	101964336	101964337	1.0	rs17540547	44	G	T	1	-1.686564410235993	1.8838869299039414	0.9991567267059429	4.413024998456751e-05	1.0	0.019064267993333165	alt	1.8838869299039414	4.413024998456751e-05	0.019064267993333165	1176
14	103333976	103333977	1.0	rs2281825	86	A	C	1	1.152390515581148	-0.9070490859917335	0.0006601102136770764	0.9929155934433446	0.07250024041741449	1.0	ref	1.152390515581148	0.0006601102136770764	0.07250024041741449	1176
14	105090716	105090717	1.0	rs11160833	26	C	G	1	-1.9497094201163656	1.6060321171247414	1.0	0.000404823661120733	1.0	0.0771546271783044	alt	1.6060321171247414	0.000404823661120733	0.0771546271783044	1176
15	42575191	42575192	1.0	rs11631193	65	C	G	1	-1.2316559615457248	1.5323246776701542	0.9981743883401956	0.0001508104041384334	1.0	0.04248919212248037	alt	1.5323246776701542	0.0001508104041384334	0.04248919212248037	1176
15	66386580	66386581	1.0	rs11071888	39	A	C	1	-1.862611770929898	1.934220335089349	0.9993610125098735	3.0744360389639195e-05	1.0	0.015879186100004918	alt	1.934220335089349	3.0744360389639195e-05	0.015879186100004918	1176
15	90249451	90249452	1.0	rs71405691	52	C	G	1	1.4164928485125303	-1.1106991036540679	0.0010005250794715014	0.9887102886310308	0.08558583725867999	1.0	ref	1.4164928485125303	0.0010005250794715014	0.08558583725867999	1176
15	100918223	100918224	1.0	rs4646694	27	T	C	1	-2.018970447631695	1.673146312983278	1.0	0.00023321107450403528	1.0	0.05037359209287162	alt	1.673146312983278	0.00023321107450403528	0.05037359209287162	1176
16	2905946	2905947	1.0	rs12925794	114	C	T	1	1.2489035011813492	-1.0594116122098	3.269605606562929e-05	0.9994994425715403	0.009094267063501131	1.0	ref	1.2489035011813492	3.269605606562929e-05	0.009094267063501131	1176
16	31460056	31460057	1.0	rs9926717	43	A	G	1	-1.63934034168746	1.8408182080120556	0.9987672373758606	6.983218912129727e-05	1.0	0.025139588083667015	alt	1.8408182080120556	6.983218912129727e-05	0.025139588083667015	1176
17	15263333	15263334	1.0	rs231017	82	C	G	1	1.2141576101895533	-0.9655326490821556	0.0004945702422419422	0.9944940339722013	0.05934842906903306	1.0	ref	1.2141576101895533	0.0004945702422419422	0.05934842906903306	1176
17	22521490	22521491	1.0	rs80284949	45	T	C	1	-2.1411951824736963	2.189477390331424	0.9999478586045872	1.4428256331222545e-06	1.0	0.0032157648039597008	alt	2.189477390331424	1.4428256331222545e-06	0.0032157648039597008	1176
17	22521493	22521494	1.0	rs78042660	43	A	G	1	-1.838567503681043	1.9765138604821377	0.9995844847749624	1.8143587571795532e-05	1.0	0.013063383051692782	alt	1.9765138604821377	1.8143587571795532e-05	0.013063383051692782	1176
17	38870541	38870542	1.0	rs12939116	26	G	C	1	1.556620152262806	-1.81333544497747	0.0007023631008980094	1.0	0.07340827248095323	1.0	ref	1.556620152262806	0.0007023631008980094	0.07340827248095323	1176
17	43361250	43361251	1.0	rs115252215	42	G	A	1	2.2610217734984013	-2.38822345744072	5.52814541651224e-07	0.9999702457046319	0.0005117483185571331	1.0	ref	2.2610217734984013	5.52814541651224e-07	0.0005117483185571331	1176
17	43361251	43361252	1.0	rs114197224	42	C	A	1	2.2610217734984013	-2.38822345744072	5.52814541651224e-07	0.9999702457046319	0.0005117483185571331	1.0	ref	2.2610217734984013	5.52814541651224e-07	0.0005117483185571331	1176
17	47279415	47279416	1.0	rs2292866	28	T	C	1	-1.7559360417979013	1.6105760150092965	0.9971658410497857	0.000478827489091746	1.0	0.08385951700850038	alt	1.6105760150092965	0.000478827489091746	0.08385951700850038	1176
17	77374385	77374386	1.0	rs93075	40	T	G	1	-1.6926867694875858	1.8432473296186735	0.9986558912703793	7.620504934302917e-05	1.0	0.02598993261804363	alt	1.8432473296186735	7.620504934302917e-05	0.02598993261804363	1176
17	78324753	78324754	1.0	rs4789577	35	C	T	1	-1.6503304350178203	1.7349115268659423	0.9971080529693042	0.00021769108717366518	1.0	0.05037359209287162	alt	1.7349115268659423	0.00021769108717366518	0.05037359209287162	1176
17	82023014	82023015	1.0	rs4444402	105	C	T	1	1.0082096265588962	-0.8010343605440511	0.0008665668283254975	0.9920434921677944	0.07968430672288085	1.0	ref	1.0082096265588962	0.0008665668283254975	0.07968430672288085	1176
18	23489773	23489774	1.0	rs2565016	38	C	T	1	1.809467240770029	-1.676124903254605	0.00010765794686414571	0.9975532442031801	0.02250398373160207	1.0	ref	1.809467240770029	0.00010765794686414571	0.02250398373160207	1176
18	76406211	76406212	1.0	rs948646	26	G	A	1	1.556620152262806	-1.81333544497747	0.0007023631008980094	1.0	0.07340827248095323	1.0	ref	1.556620152262806	0.0007023631008980094	0.07340827248095323	1176
19	934997	934998	1.0	rs149054433	56	G	A	1	1.564591487501664	-1.2757737625422996	0.00023219948229390386	0.9965070146240124	0.03956794988486126	1.0	ref	1.564591487501664	0.00023219948229390386	0.03956794988486126	1176
19	9324253	9324254	1.0	rs10411624	48	T	C	1	1.5244480491812489	-1.2283318872169349	0.0006232216237801503	0.9917796096279908	0.06962889865681679	1.0	ref	1.5244480491812489	0.0006232216237801503	0.06962889865681679	1176
19	17144923	17144924	1.0	rs4808579	30	T	C	1	1.523093195464289	-1.459850204202802	0.0012111744269607625	0.9888363833591907	0.09343345579411597	1.0	ref	1.523093195464289	0.0012111744269607625	0.09343345579411597	1176
19	36973404	36973405	1.0	rs1644647	36	G	A	1	1.709931567219114	-1.5701644452934111	0.00027331217563011473	0.9952651448449481	0.04118750925774752	1.0	ref	1.709931567219114	0.00027331217563011473	0.04118750925774752	1176
19	38831258	38831259	1.0	rs73930206	25	G	A	1	1.486230824371408	-1.7424617604750776	0.001181815783374248	1.0	0.09226706356945936	1.0	ref	1.486230824371408	0.001181815783374248	0.09226706356945936	1176
19	38850541	38850542	1.0	rs862458	195	G	T	1	0.7323813796075243	-0.6114808420887732	0.0008355873584162383	0.9946692552725072	0.07968430672288085	1.0	ref	0.7323813796075243	0.0008355873584162383	0.07968430672288085	1176
19	41218781	41218782	1.0	rs2569692	50	C	T	1	1.6046183978652326	-1.3171499811214944	0.0002885761567377171	0.9955155711513631	0.04198774652971498	1.0	ref	1.6046183978652326	0.0002885761567377171	0.04198774652971498	1176
19	46513626	46513627	1.0	rs59506633	51	C	T	1	1.5086065583722883	-1.2102347772049824	0.000553394038963935	0.992738449984983	0.06403559593725534	1.0	ref	1.5086065583722883	0.000553394038963935	0.06403559593725534	1176
19	52190044	52190045	1.0	rs17554825	88	A	G	1	1.1240941165832696	-0.886636410853713	0.0007533270662112314	0.9924798349769727	0.07748506966744094	1.0	ref	1.1240941165832696	0.0007533270662112314	0.07748506966744094	1176
19	57633150	57633151	1.0	rs9749442	28	C	G	1	1.5505283906933864	-1.6179595188760194	0.0008730842248957625	0.9943784217321462	0.07968430672288085	1.0	ref	1.5505283906933864	0.0008730842248957625	0.07968430672288085	1176
2	45827055	45827056	1.0	rs61471257	41	A	G	1	-1.961268436574822	2.0244181440609275	0.9997168249444911	1.1256544177726262e-05	1.0	0.01042034375309517	alt	2.0244181440609275	1.1256544177726262e-05	0.01042034375309517	1176
2	100786534	100786535	1.0	rs61141521	33	A	G	1	1.5464328349362346	-1.3932726996779454	0.0010617399405815273	0.9876692893850849	0.08558583725867999	1.0	ref	1.5464328349362346	0.0010617399405815273	0.08558583725867999	1176
2	119291055	119291056	1.0	rs12470189	48	G	A	1	2.0869457122399933	-1.937204209813589	3.961298125144187e-06	0.9998297861104015	0.002252217516080885	1.0	ref	2.0869457122399933	3.961298125144187e-06	0.002252217516080885	1176
2	127649923	127649924	1.0	rs2243805	60	G	A	1	1.698892579213255	-1.4215045543908547	4.993121559125393e-05	0.9989806177969655	0.012444395270435593	1.0	ref	1.698892579213255	4.993121559125393e-05	0.012444395270435593	1176
2	152401997	152401998	1.0	rs60292351	37	C	T	1	2.045293082442964	-2.145512151846039	8.363735583214846e-06	0.9997645401402737	0.0033873129112020127	1.0	ref	2.045293082442964	8.363735583214846e-06	0.0033873129112020127	1176
2	202634996	202634997	1.0	rs933969	44	G	A	1	2.0725016466038224	-1.973185958161876	5.900378578761689e-06	0.9997446784801449	0.00254896354602505	1.0	ref	2.0725016466038224	5.900378578761689e-06	0.00254896354602505	1176
2	203682236	203682237	1.0	rs75329808	26	G	A	1	1.556620152262806	-1.81333544497747	0.0007023631008980094	1.0	0.07340827248095323	1.0	ref	1.556620152262806	0.0007023631008980094	0.07340827248095323	1176
2	227325268	227325269	1.0	rs28365988	43	C	A	1	-1.63934034168746	1.8408182080120556	0.9987672373758606	6.983218912129727e-05	1.0	0.025139588083667015	alt	1.8408182080120556	6.983218912129727e-05	0.025139588083667015	1176
20	327544	327545	1.0	rs1047506	27	G	C	1	1.6237343481213427	-1.8809939247098133	0.0004152148041094872	1.0	0.05275670452214661	1.0	ref	1.6237343481213427	0.0004152148041094872	0.05275670452214661	1176
20	327548	327549	1.0	rs1047507	27	A	G	1	1.6237343481213427	-1.8809939247098133	0.0004152148041094872	1.0	0.05275670452214661	1.0	ref	1.6237343481213427	0.0004152148041094872	0.05275670452214661	1176
20	16574974	16574975	1.0	rs6105631	27	G	C	1	1.6237343481213427	-1.8809939247098133	0.0004152148041094872	1.0	0.05275670452214661	1.0	ref	1.6237343481213427	0.0004152148041094872	0.05275670452214661	1176
20	36461202	36461203	1.0	rs545920719	59	A	C	1	2.0491117124781324	-1.8114002655099553	1.895421437686389e-06	0.9999188647262393	0.0012282330916207802	1.0	ref	2.0491117124781324	1.895421437686389e-06	0.0012282330916207802	1176
20	50034996	50034997	1.0	rs78974852	42	C	T	1	1.5503947058236962	-1.2710430339298977	0.0007730732850517732	0.9894336826800546	0.07827367011149204	1.0	ref	1.5503947058236962	0.0007730732850517732	0.07827367011149204	1176
21	36156557	36156558	1.0	rs12152094	110	C	T	1	1.0486293764063213	-0.85366874762728	0.00043666905203481454	0.9957192614245718	0.054415681868953805	1.0	ref	1.0486293764063213	0.00043666905203481454	0.054415681868953805	1176
21	37072589	37072590	1.0	rs2298682	34	A	G	1	-1.5931973118680505	1.6804637428435667	0.9958739944669676	0.00035081375093074874	1.0	0.07333139051713715	alt	1.6804637428435667	0.00035081375093074874	0.07333139051713715	1176
21	43702831	43702832	1.0	rs4819290	42	C	T	1	2.3737560951129955	-2.6956616043752244	9.815293366505046e-08	1.0	0.0001272062020299054	1.0	ref	2.3737560951129955	9.815293366505046e-08	0.0001272062020299054	1176
22	19144866	19144867	1.0	rs1936950	57	A	T	1	1.3555256492094871	-1.0586049631006125	0.0010516812276988373	0.9890460472976256	0.08558583725867999	1.0	ref	1.3555256492094871	0.0010516812276988373	0.08558583725867999	1176
22	19144871	19144872	1.0	rs1936951	67	G	A	1	1.2519244410532853	-0.9702355952495534	0.0010691590722961297	0.9892174998937594	0.08558583725867999	1.0	ref	1.2519244410532853	0.0010691590722961297	0.08558583725867999	1176
22	42688673	42688674	1.0	rs736015	34	G	C	1	1.7544187415707442	-1.7073030662740218	0.00018072082012663058	0.9969596018501854	0.03548699740668382	1.0	ref	1.7544187415707442	0.00018072082012663058	0.03548699740668382	1176
22	50562961	50562962	1.0	rs3752396	67	C	G	1	1.2519244410532853	-0.9702355952495534	0.0010691590722961297	0.9892174998937594	0.08558583725867999	1.0	ref	1.2519244410532853	0.0010691590722961297	0.08558583725867999	1176
3	130111581	130111582	1.0	rs72990317	52	A	G	1	1.5470807061869234	-1.2536321676509954	0.0003805187441869442	0.9946339015559386	0.051370030465237464	1.0	ref	1.5470807061869234	0.0003805187441869442	0.051370030465237464	1176
3	130111649	130111650	1.0	rs10934907	39	T	C	1	1.7084340889862633	-1.506199901812293	0.0002579864871394404	0.9951943947055475	0.03980362944437081	1.0	ref	1.7084340889862633	0.0002579864871394404	0.03980362944437081	1176
3	143971774	143971775	1.0	rs7651567	107	T	C	1	1.1150477544465582	-0.9137278551182195	0.00025260381523272953	0.9971626262227078	0.03980362944437081	1.0	ref	1.1150477544465582	0.00025260381523272953	0.03980362944437081	1176
3	158571020	158571021	1.0	rs9819631	39	C	G	1	1.5571734010360658	-1.300342328403619	0.0008554888424872253	0.9883024735676825	0.07968430672288085	1.0	ref	1.5571734010360658	0.0008554888424872253	0.07968430672288085	1176
3	158571032	158571033	1.0	rs16829118	42	C	A	1	1.699192405908494	-1.4621501739903304	0.00024252834627534772	0.9955926515545546	0.03956794988486126	1.0	ref	1.699192405908494	0.00024252834627534772	0.03956794988486126	1176
3	194583893	194583894	1.0	rs75411436	33	T	G	1	1.8459842742195574	-1.92969548761047	6.900169713979595e-05	0.9989558553458853	0.016560407313551028	1.0	ref	1.8459842742195574	6.900169713979595e-05	0.016560407313551028	1176
3	196503919	196503920	1.0	rs9837772	67	G	T	1	1.3542762277413942	-1.0744346713437487	0.00047435827440682607	0.99429554687171	0.057997011663325146	1.0	ref	1.3542762277413942	0.00047435827440682607	0.057997011663325146	1176
4	55546701	55546702	1.0	rs10529258	36	G	A	1	1.5564309955412128	-1.3447329868893139	0.0009510237892988092	0.987897737492009	0.08558583725867999	1.0	ref	1.5564309955412128	0.0009510237892988092	0.08558583725867999	1176
5	34656184	34656185	1.0	rs465697	38	A	C	1	-1.5886239313362598	1.7470320143593705	0.9971821304901534	0.00019387577467529463	1.0	0.04831980845753497	alt	1.7470320143593705	0.00019387577467529463	0.04831980845753497	1176
5	34839190	34839191	1.0	rs145737002	28	C	A	1	-2.0857899111466724	1.7372766504029937	1.0	0.00013377010280679418	1.0	0.041277631723239346	alt	1.7372766504029937	0.00013377010280679418	0.041277631723239346	1176
5	56270772	56270773	1.0	rs27008	30	G	T	1	1.6760592727772452	-1.74553587524335	0.0003211671190963815	0.9970063363383561	0.04524267242922939	1.0	ref	1.6760592727772452	0.0003211671190963815	0.04524267242922939	1176
5	56909529	56909530	1.0	rs185220	44	A	G	1	-1.3287016999687138	1.6081776761434083	0.9944483332905732	0.0004752587135338109	1.0	0.08385951700850038	alt	1.6081776761434083	0.0004752587135338109	0.08385951700850038	1176
5	111681207	111681208	1.0	rs7702562	28	T	C	1	1.5505283906933864	-1.6179595188760194	0.0008730842248957625	0.9943784217321462	0.07968430672288085	1.0	ref	1.5505283906933864	0.0008730842248957625	0.07968430672288085	1176
5	149357845	149357846	1.0	rs58729522	99	G	C	1	1.3707340841663944	-1.1384871509419217	2.5736811681149335e-05	0.9994505886309167	0.00794164474732608	1.0	ref	1.3707340841663944	2.5736811681149335e-05	0.00794164474732608	1176
5	179023691	179023692	1.0	rs10479519	63	T	C	1	-1.762983549897967	2.0389934477013365	0.9999572255111936	1.4887800018331948e-06	1.0	0.0032157648039597008	alt	2.0389934477013365	1.4887800018331948e-06	0.0032157648039597008	1176
6	1893911	1893912	1.0	rs3800120	33	G	C	1	1.5464328349362346	-1.3932726996779454	0.0010617399405815273	0.9876692893850849	0.08558583725867999	1.0	ref	1.5464328349362346	0.0010617399405815273	0.08558583725867999	1176
6	2971354	2971355	1.0	rs9378747	38	G	A	1	1.809467240770029	-1.676124903254605	0.00010765794686414571	0.9975532442031801	0.02250398373160207	1.0	ref	1.809467240770029	0.00010765794686414571	0.02250398373160207	1176
6	31815430	31815431	1.0	rs1008438	51	A	C	1	1.6430925456798677	-1.3605473715675074	0.00019486993075692555	0.9967377813361372	0.0364654694732413	1.0	ref	1.6430925456798677	0.00019486993075692555	0.0364654694732413	1176
6	46217746	46217747	1.0	rs4530856	28	A	C	1	1.6878646855410584	-1.945277031373044	0.0002442466042275386	1.0	0.03956794988486126	1.0	ref	1.6878646855410584	0.0002442466042275386	0.03956794988486126	1176
6	134882640	134882641	1.0	rs9389237	34	T	C	1	2.022283724611617	-2.300342328403619	9.257409083958262e-06	1.0	0.0035287065214146783	1.0	ref	2.022283724611617	9.257409083958262e-06	0.0035287065214146783	1176
6	152983589	152983590	1.0	rs2207610	70	T	C	1	-1.1780210491768104	1.4794463042503763	0.9981035673040018	0.00014921398250402528	1.0	0.04248919212248037	alt	1.4794463042503763	0.00014921398250402528	0.04248919212248037	1176
6	158047323	158047324	1.0	rs2257191	41	C	T	1	-1.5406836760425358	1.7506203990404772	0.9974224342908509	0.00017241346463750233	1.0	0.04652141857570559	alt	1.7506203990404772	0.00017241346463750233	0.04652141857570559	1176
7	44885707	44885708	1.0	rs77200619	71	C	T	1	1.3722186747709966	-1.101038191812603	0.0002915815731230207	0.9961967676189963	0.04198774652971498	1.0	ref	1.3722186747709966	0.0002915815731230207	0.04198774652971498	1176
7	76302436	76302437	1.0	rs142955150	72	C	T	1	-1.046776515898558	1.347504717854802	0.9957311229196174	0.00039345059763370164	1.0	0.0771546271783044	alt	1.347504717854802	0.00039345059763370164	0.0771546271783044	1176
7	107168610	107168611	1.0	rs4730220	42	A	G	1	-1.79134343513251	1.933445138590252	0.9993811246740598	2.9400423969473288e-05	1.0	0.015879186100004918	alt	1.933445138590252	2.9400423969473288e-05	0.015879186100004918	1176
8	688502	688503	1.0	rs1703908	35	G	C	1	-1.6503304350178203	1.7349115268659423	0.9971080529693042	0.00021769108717366518	1.0	0.05037359209287162	alt	1.7349115268659423	0.00021769108717366518	0.05037359209287162	1176
8	27311289	27311290	1.0	rs112997548	40	G	C	1	2.1785596133064282	-2.2975817618264305	1.6542264321902819e-06	0.9999320320211831	0.001191043031177003	1.0	ref	2.1785596133064282	1.6542264321902819e-06	0.001191043031177003	1176
8	30156275	30156276	1.0	rs562181077	82	A	C	1	1.6590998225591589	-1.4126831804048567	5.840269591043492e-06	0.9998520183748397	0.00254896354602505	1.0	ref	1.6590998225591589	5.840269591043492e-06	0.00254896354602505	1176
8	33566248	33566249	1.0	rs55894413	28	A	C	1	-1.7559360417979013	1.6105760150092965	0.9971658410497857	0.000478827489091746	1.0	0.08385951700850038	alt	1.6105760150092965	0.000478827489091746	0.08385951700850038	1176
8	38386346	38386347	1.0	rs6996860	30	T	G	1	-2.212295840929005	1.857570884120705	1.0	4.349232363960706e-05	1.0	0.019064267993333165	alt	1.857570884120705	4.349232363960706e-05	0.019064267993333165	1176
8	41799320	41799321	1.0	rs13272013	60	G	T	1	-1.4096671134453507	1.7089939877034985	0.9991892510716713	5.343666765052304e-05	1.0	0.02164185039846183	alt	1.7089939877034985	5.343666765052304e-05	0.02164185039846183	1176
8	97643978	97643979	1.0	rs2512449	36	A	G	1	-1.9511940107209678	1.9260687510662198	0.9994022641371437	3.185639186729382e-05	1.0	0.015879186100004918	alt	1.9260687510662198	3.185639186729382e-05	0.015879186100004918	1176
8	100950668	100950669	1.0	rs71506349	38	A	G	1	1.809467240770029	-1.676124903254605	0.00010765794686414571	0.9975532442031801	0.02250398373160207	1.0	ref	1.809467240770029	0.00010765794686414571	0.02250398373160207	1176
8	100950672	100950673	1.0	rs71506350	32	A	G	1	1.7915364901971818	-1.8705327950015995	0.00011574591513083443	0.9985057004955062	0.023438547813993973	1.0	ref	1.7915364901971818	0.00011574591513083443	0.023438547813993973	1176
8	140673685	140673686	1.0	rs56916892	40	T	C	1	-2.153913514517218	2.1124818752971013	0.999887321086724	3.87142788033807e-06	1.0	0.006271713166147673	alt	2.1124818752971013	3.87142788033807e-06	0.006271713166147673	1176
9	35657861	35657862	1.0	rs7021463	81	C	G	1	-1.048257811938221	1.3258644178019043	0.9974513226201307	0.00022946642828976612	1.0	0.05037359209287162	alt	1.3258644178019043	0.00022946642828976612	0.05037359209287162	1176
9	101533481	101533482	1.0	rs3818337	72	G	T	1	1.4007878269677674	-1.1310549055646373	0.0002083831708678249	0.9970783628457957	0.036495214789824475	1.0	ref	1.4007878269677674	0.0002083831708678249	0.036495214789824475	1176
9	121529737	121529738	1.0	rs72762190	44	G	A	1	1.4945228608004948	-1.1991157681565365	0.0010237799165600905	0.9874620048053299	0.08558583725867999	1.0	ref	1.4945228608004948	0.0010237799165600905	0.08558583725867999	1176
9	128160147	128160148	1.0	rs143107189	72	G	T	1	1.7067657090333883	-1.4372244677497594	1.172205534955394e-05	0.9996919372320305	0.004219939925839419	1.0	ref	1.7067657090333883	1.172205534955394e-05	0.004219939925839419	1176
9	129835341	129835342	1.0	rs11790613	77	T	C	1	-1.0178924924731465	1.3071670184631472	0.9960066888100596	0.000374114820883839	1.0	0.07575825122897739	alt	1.3071670184631472	0.000374114820883839	0.07575825122897739	1176
