#chr	start	end	mean_bad	id	max_cover	ref	alt	n_reps	ref_comb_es	alt_comb_es	ref_comb_pval	alt_comb_pval	ref_fdr_comb_pval	alt_fdr_comb_pval	pref_allele	comb_es	comb_pval	fdr_comb_pval	1638
chr1	1659059	1659060	1.5	rs79113395	85	G	A	1	-0.22144075525186224	1.275818104628736	0.7083005751179956	0.0012301265871863737	0.9039521952678192	0.09111500917621602	alt	1.275818104628736	0.0012301265871863737	0.09111500917621602	1638
chr1	11908290	11908291	1.5	rs75534118	105	A	G	1	1.8606078997009527	-0.813559633384795	8.688935807294135e-07	0.9837602155423539	0.0005649256430709069	1.0	ref	1.8606078997009527	8.688935807294135e-07	0.0005649256430709069	1638
chr1	11908298	11908299	1.5	rs11121840	112	G	A	1	1.6833201135686995	-1.2976061534010928	1.1776910032826086e-06	0.9995564734449323	0.0006891258905708184	1.0	ref	1.6833201135686995	1.1776910032826086e-06	0.0006891258905708184	1638
chr1	11908300	11908301	1.5	rs530423161	100	T	G	1	1.759573286289406	-1.4199916201694776	1.7040594685472807e-06	0.9996282935893485	0.0008452360890701796	1.0	ref	1.759573286289406	1.7040594685472807e-06	0.0008452360890701796	1638
chr1	16889584	16889585	1.5	rs3738618	88	T	C	1	-0.4888764972399233	1.5438642046013413	0.8977352747506495	0.00011581026654894091	0.984648164986584	0.023777676305653608	alt	1.5438642046013413	0.00011581026654894091	0.023777676305653608	1638
chr1	34732964	34732965	1.0	rs2064886	25	A	G	1	1.486230824371408	-1.7424617604750776	0.001181815783374248	1.0	0.07903308635902186	1.0	ref	1.486230824371408	0.001181815783374248	0.07903308635902186	1638
chr1	38758979	38758980	1.0	rs2483119	50	G	A	1	-1.1479866513872352	1.4649379311724733	0.9911718471459122	0.0009159151494168142	1.0	0.07824054739872247	alt	1.4649379311724733	0.0009159151494168142	0.07824054739872247	1638
chr1	44730954	44730955	1.0	rs9988580	33	C	T	1	1.5464328349362346	-1.3932726996779454	0.0010617399405815273	0.9876692893850849	0.07485266581099767	1.0	ref	1.5464328349362346	0.0010617399405815273	0.07485266581099767	1638
chr1	51235788	51235789	1.0	rs71651179	31	T	G	1	-1.6640332744030668	1.653050256659804	0.9960934514958988	0.00040428689146749977	1.0	0.0488199386305866	alt	1.653050256659804	0.00040428689146749977	0.0488199386305866	1638
chr1	54581721	54581722	1.0	rs300265	51	G	A	1	1.5086065583722883	-1.2102347772049824	0.000553394038963935	0.992738449984983	0.05264712898171409	1.0	ref	1.5086065583722883	0.000553394038963935	0.05264712898171409	1638
chr1	108816671	108816672	1.5	rs1277215	96	C	T	1	1.435733644827418	-0.34717805139268343	0.00014072273466053767	0.8184035657729599	0.02138802810041912	0.947075737193805	ref	1.435733644827418	0.00014072273466053767	0.02138802810041912	1638
chr1	151371966	151371967	1.0	rs370481433	32	G	C	1	1.4875391458826663	-1.3304983759645062	0.0016492423294805281	0.9833474902118295	0.09190991896147914	1.0	ref	1.4875391458826663	0.0016492423294805281	0.09190991896147914	1638
chr1	154587121	154587122	1.0	rs2131902	36	T	C	1	-1.7055904795464238	1.7873789467600778	0.9979892147151844	0.0001343956574163666	1.0	0.02496559331339267	alt	1.7873789467600778	0.0001343956574163666	0.02496559331339267	1638
chr1	167524901	167524902	1.0	rs4657666	48	C	T	1	-2.261152896456373	2.3019521195898367	0.999985689958552	2.985627996033612e-07	1.0	0.000582346740626356	alt	2.3019521195898367	2.985627996033612e-07	0.000582346740626356	1638
chr1	167715485	167715486	1.0	rs12724854	100	C	G	1	1.10482075388295	-0.8878837898430199	0.0004325207838520093	0.9953111691926637	0.04601627939472786	1.0	ref	1.10482075388295	0.0004325207838520093	0.04601627939472786	1638
chr1	169110441	169110442	1.0	rs1358715	32	C	T	1	1.4875391458826663	-1.3304983759645062	0.0016492423294805281	0.9833474902118295	0.09190991896147914	1.0	ref	1.4875391458826663	0.0016492423294805281	0.09190991896147914	1638
chr1	174724439	174724440	1.0	rs3862942	34	T	G	1	-1.3642989343740552	1.532907209006523	0.989091596765075	0.0011776858519752375	1.0	0.08964950633277773	alt	1.532907209006523	0.0011776858519752375	0.08964950633277773	1638
chr1	179814786	179814787	1.0	rs2236589	52	T	A	1	-1.2343045868651776	1.545108279856457	0.9952102985728449	0.00043393845001473173	1.0	0.04978805569139613	alt	1.545108279856457	0.00043393845001473173	0.04978805569139613	1638
chr1	180925809	180925810	1.0	rs11581837	43	A	T	1	1.4487191711873697	-1.145512151846039	0.0014971053901611077	0.9830027640301606	0.08716728547788778	1.0	ref	1.4487191711873697	0.0014971053901611077	0.08716728547788778	1638
chr1	180982555	180982556	1.0	rs3789362	56	A	G	1	2.088051491766496	-1.868963531362076	1.7990879960262732e-06	0.9999170508230857	0.0008452360890701796	1.0	ref	2.088051491766496	1.7990879960262732e-06	0.0008452360890701796	1638
chr1	183338382	183338383	1.0	rs4992781	71	A	G	1	1.273811301596151	-0.9988935284528546	0.0006662812851331145	0.9925302174997177	0.056915984524911235	1.0	ref	1.273811301596151	0.0006662812851331145	0.056915984524911235	1638
chr1	201565442	201565443	1.0	rs58946049	166	G	T	1	-0.8449465039027393	0.9968495804198616	0.9994834933458945	5.761534152295694e-05	1.0	0.01618292726739788	alt	0.9968495804198616	5.761534152295694e-05	0.01618292726739788	1638
chr1	204267231	204267232	1.0	rs4951339	43	G	A	1	1.8890063346280836	-1.7126192611052744	4.212146685368942e-05	0.9988439447070462	0.008962682301613224	1.0	ref	1.8890063346280836	4.212146685368942e-05	0.008962682301613224	1638
chr1	204279082	204279083	1.0	rs11240714	38	C	G	1	-1.8109410567600257	1.8869146203109928	0.9990499416048546	5.0495113962580993e-05	1.0	0.01597146807308339	alt	1.8869146203109928	5.0495113962580993e-05	0.01597146807308339	1638
chr1	211024440	211024441	1.0	rs75776122	34	G	A	1	-2.4366208378912098	2.0716956894735525	1.0	4.410571397895927e-06	1.0	0.0036869226478268595	alt	2.0716956894735525	4.410571397895927e-06	0.0036869226478268595	1638
chr1	221995091	221995092	1.0	rs12125383	68	G	A	1	2.1765247457609425	-1.9382196049705755	1.3123832956116672e-07	0.9999912761494246	0.00015358821708543342	1.0	ref	2.1765247457609425	1.3123832956116672e-07	0.00015358821708543342	1638
chr1	223278407	223278408	1.0	rs9442043	28	G	C	1	-2.0857899111466724	1.7372766504029937	1.0	0.00013377010280679418	1.0	0.02496559331339267	alt	1.7372766504029937	0.00013377010280679418	0.02496559331339267	1638
chr1	237307079	237307080	1.0	rs16835134	30	C	G	1	1.523093195464289	-1.459850204202802	0.0012111744269607625	0.9888363833591907	0.0796313163973135	1.0	ref	1.523093195464289	0.0012111744269607625	0.0796313163973135	1638
chr1	244789386	244789387	1.0	rs140445599	46	A	C	1	1.439559151594736	-1.1330859112474472	0.0013169988276276548	0.9852217516509479	0.08468591911937606	1.0	ref	1.439559151594736	0.0013169988276276548	0.08468591911937606	1638
chr1	248361345	248361346	1.0	rs1544176	46	G	A	1	1.5819857020508339	-1.2975817618264305	0.0004705537344907049	0.9931763323263824	0.04856528227336874	1.0	ref	1.5819857020508339	0.0004705537344907049	0.04856528227336874	1638
chr10	5412494	5412495	1.0	rs10795275	83	A	G	1	1.1570244870397834	-0.91108486505978	0.0007700134657745814	0.9922650809876261	0.06031517769973935	1.0	ref	1.1570244870397834	0.0007700134657745814	0.06031517769973935	1638
chr10	21049665	21049666	1.0	rs643674	27	A	C	1	-2.018970447631695	1.673146312983278	1.0	0.00023321107450403528	1.0	0.03499063083231699	alt	1.673146312983278	0.00023321107450403528	0.03499063083231699	1638
chr10	43138326	43138327	1.0	rs72783205	54	A	C	1	-1.601847699400452	1.8723795627470023	0.99958549050011	2.231225146423352e-05	1.0	0.009671121440219439	alt	1.8723795627470023	2.231225146423352e-05	0.009671121440219439	1638
chr10	44978844	44978845	1.0	rs74469250	37	C	A	1	1.6088984154353483	-1.400239443851099	0.0006191573949999596	0.9910366263584937	0.05442957211267984	1.0	ref	1.6088984154353483	0.0006191573949999596	0.05442957211267984	1638
chr10	50393380	50393381	1.0	rs61739586	38	C	T	1	2.091096772056089	-2.1991157681565365	4.889268759657605e-06	0.9998450505556074	0.0017880972591960297	1.0	ref	2.091096772056089	4.889268759657605e-06	0.0017880972591960297	1638
chr10	50539234	50539235	1.0	rs1010930	110	T	C	1	-0.9015098833750672	1.1089379117337126	0.9977265128070562	0.0002677852901183332	1.0	0.037462940991671044	alt	1.1089379117337126	0.0002677852901183332	0.037462940991671044	1638
chr10	69247094	69247095	1.0	rs1021964	56	C	T	1	1.4403575706462521	-1.1460678043509516	0.0006093889655885236	0.9927631083532698	0.05442957211267984	1.0	ref	1.4403575706462521	0.0006093889655885236	0.05442957211267984	1638
chr10	71319685	71319686	1.0	rs7068179	34	C	T	1	1.6030163633026029	-1.4554952957227556	0.0006793093868346834	0.9910223131969732	0.057193940677167626	1.0	ref	1.6030163633026029	0.0006793093868346834	0.057193940677167626	1638
chr10	74114133	74114134	1.0	rs10824072	35	C	T	1	-1.8982355574888197	1.8754426779962516	0.9991205407592936	5.3434004079913135e-05	1.0	0.01618292726739788	alt	1.8754426779962516	5.3434004079913135e-05	0.01618292726739788	1638
chr10	75210854	75210855	1.0	rs11543	34	G	C	1	2.022283724611617	-2.300342328403619	9.257409083958262e-06	1.0	0.0027779348335785522	1.0	ref	2.022283724611617	9.257409083958262e-06	0.0027779348335785522	1638
chr10	86254591	86254592	1.0	rs2814352	35	C	T	1	-2.4890129618726635	2.1206052899544994	1.0	2.4701348785102e-06	1.0	0.0024797914700344023	alt	2.1206052899544994	2.4701348785102e-06	0.0024797914700344023	1638
chr10	92568225	92568226	1.0	rs12355977	30	G	C	1	-1.6003630839764305	1.591649711995661	0.994455539050166	0.0006621228905581248	1.0	0.0662292665658268	alt	1.591649711995661	0.0006621228905581248	0.0662292665658268	1638
chr10	95350693	95350694	1.0	rs117065926	32	A	G	1	1.7915364901971818	-1.8705327950015995	0.00011574591513083443	0.9985057004955062	0.01881353395522438	1.0	ref	1.7915364901971818	0.00011574591513083443	0.01881353395522438	1638
chr10	100341132	100341133	1.0	rs78663664	29	G	C	1	1.7492652302052014	-2.008570281077144	0.00014300797746524997	1.0	0.021456696926613082	1.0	ref	1.7492652302052014	0.00014300797746524997	0.021456696926613082	1638
chr10	105189291	105189292	1.0	rs67010465	32	G	A	1	-1.7268690137587632	1.7119439457133723	0.9972949200550434	0.000245544397392652	1.0	0.03592007603357758	alt	1.7119439457133723	0.000245544397392652	0.03592007603357758	1638
chr10	107788949	107788950	1.0	rs7908795	34	G	A	1	1.7544187415707442	-1.7073030662740218	0.00018072082012663058	0.9969596018501854	0.025481635637854914	1.0	ref	1.7544187415707442	0.00018072082012663058	0.025481635637854914	1638
chr10	110932050	110932051	1.0	rs34040476	35	C	T	1	-1.6503304350178203	1.7349115268659423	0.9971080529693042	0.00021769108717366518	1.0	0.03352156306833426	alt	1.7349115268659423	0.00021769108717366518	0.03352156306833426	1638
chr10	114035465	114035466	1.0	rs72823017	43	G	A	1	1.4487191711873697	-1.145512151846039	0.0014971053901611077	0.9830027640301606	0.08716728547788778	1.0	ref	1.4487191711873697	0.0014971053901611077	0.08716728547788778	1638
chr10	114035476	114035477	1.0	rs4619105	41	G	A	1	1.8015434933777446	-1.6141532674353805	0.00010525337068800518	0.9976334540821794	0.0182597239442188	1.0	ref	1.8015434933777446	0.00010525337068800518	0.0182597239442188	1638
chr10	122458115	122458116	1.0	rs2014307	45	T	G	1	-1.5490608864860578	1.7898733557628725	0.9984074670326136	9.928402467683262e-05	1.0	0.021923036618735323	alt	1.7898733557628725	9.928402467683262e-05	0.021923036618735323	1638
chr10	124589888	124589889	1.0	rs11595762	37	G	T	1	-1.328402340130458	1.5513115908170705	0.9900074977959391	0.000987180405583141	1.0	0.08193597366340069	alt	1.5513115908170705	0.000987180405583141	0.08193597366340069	1638
chr10	127854189	127854190	1.0	rs12263273	50	G	A	1	1.74245037424408	-1.4760245889874435	9.333171495231516e-05	0.9981061346242518	0.01790591901781876	1.0	ref	1.74245037424408	9.333171495231516e-05	0.01790591901781876	1638
chr10	127854197	127854198	1.0	rs4751541	45	T	C	1	2.1120300107904604	-2.0175896992625866	3.586215596613184e-06	0.9998281873274321	0.0013989827042388031	1.0	ref	2.1120300107904604	3.586215596613184e-06	0.0013989827042388031	1638
chr10	127854199	127854200	1.0	rs4751542	45	T	C	1	2.1120300107904604	-2.0175896992625866	3.586215596613184e-06	0.9998281873274321	0.0013989827042388031	1.0	ref	2.1120300107904604	3.586215596613184e-06	0.0013989827042388031	1638
chr11	783721	783722	1.5	rs549663294	53	A	G	1	1.5119871648497547	-1.3280996334862616	0.001033169315810241	0.9913845967014141	0.07417902149035123	1.0	ref	1.5119871648497547	0.001033169315810241	0.07417902149035123	1638
chr11	22779005	22779006	1.0	rs7115745	27	C	T	1	1.4834141948348498	-1.550301039143676	0.0014273540224738323	0.9923721848361747	0.08716728547788778	1.0	ref	1.4834141948348498	0.0014273540224738323	0.08716728547788778	1638
chr11	26748088	26748089	1.0	rs10501068	38	T	G	1	-1.5886239313362598	1.7470320143593705	0.9971821304901534	0.00019387577467529463	1.0	0.030773075357689982	alt	1.7470320143593705	0.00019387577467529463	0.030773075357689982	1638
chr11	46700670	46700671	1.0	rs7932354	162	T	C	1	1.206469513533028	-1.0592740884614136	1.9500448094415835e-06	0.9999577830971791	0.0008452360890701796	1.0	ref	1.206469513533028	1.9500448094415835e-06	0.0008452360890701796	1638
chr11	57712259	57712260	1.0	rs1424751	65	G	C	1	2.2224433153636936	-1.99442231306407	1.202055175679873e-07	0.9999910993324288	0.00015358821708543342	1.0	ref	2.2224433153636936	1.202055175679873e-07	0.00015358821708543342	1638
chr11	86103987	86103988	1.5	rs1237999	58	G	A	1	1.8517582413582936	-1.70448432299226	6.58201388788506e-05	0.9989025106416398	0.013055815005070992	1.0	ref	1.8517582413582936	6.58201388788506e-05	0.013055815005070992	1638
chr12	959011	959012	1.0	rs7300039	31	A	T	1	-1.4077180060340346	1.5035859807594871	0.9885247300110827	0.0014197661897006365	1.0	0.09890192689325326	alt	1.5035859807594871	0.0014197661897006365	0.09890192689325326	1638
chr12	3670470	3670471	1.0	rs11062759	56	T	A	1	-1.3953968219330255	1.6932069188455907	0.9987102503001762	9.166469418698998e-05	1.0	0.021455038321406876	alt	1.6932069188455907	9.166469418698998e-05	0.021455038321406876	1638
chr12	6471147	6471148	1.0	rs12426815	33	A	G	1	-1.7858423898104463	1.7685274740797405	0.9981238836578458	0.00014838434159844134	1.0	0.026342300890031135	alt	1.7685274740797405	0.00014838434159844134	0.026342300890031135	1638
chr12	6873357	6873358	1.0	rs112225089	44	C	G	1	1.786655247158833	-1.5606161676602244	0.00010193787928723869	0.997766220114201	0.0182597239442188	1.0	ref	1.786655247158833	0.00010193787928723869	0.0182597239442188	1638
chr12	7995743	7995744	1.0	rs7308997	36	T	C	1	1.5564309955412128	-1.3447329868893139	0.0009510237892988092	0.987897737492009	0.07089064589913353	1.0	ref	1.5564309955412128	0.0009510237892988092	0.07089064589913353	1638
chr12	14260188	14260189	1.0	rs12425125	51	C	T	1	1.5086065583722883	-1.2102347772049824	0.000553394038963935	0.992738449984983	0.05264712898171409	1.0	ref	1.5086065583722883	0.000553394038963935	0.05264712898171409	1638
chr12	15114637	15114638	1.0	rs374197279	31	G	A	1	-1.6640332744030668	1.653050256659804	0.9960934514958988	0.00040428689146749977	1.0	0.0488199386305866	alt	1.653050256659804	0.00040428689146749977	0.0488199386305866	1638
chr12	21649387	21649388	1.0	rs117568580	33	G	A	1	1.5464328349362346	-1.3932726996779454	0.0010617399405815273	0.9876692893850849	0.07485266581099767	1.0	ref	1.5464328349362346	0.0010617399405815273	0.07485266581099767	1638
chr12	38316656	38316657	1.0	rs4882284	131	A	G	1	0.9802167439337346	-0.8145454402064658	0.00032298165719638224	0.9969998144508274	0.03705739543303197	1.0	ref	0.9802167439337346	0.00032298165719638224	0.03705739543303197	1638
chr12	41212877	41212878	1.0	rs4768335	58	C	T	1	1.2738063017572827	-0.9761428029086394	0.0017478475280192278	0.9839349517224083	0.09513981218794894	1.0	ref	1.2738063017572827	0.0017478475280192278	0.09513981218794894	1638
chr12	46214834	46214835	1.0	rs4768108	30	G	A	1	1.523093195464289	-1.459850204202802	0.0012111744269607625	0.9888363833591907	0.0796313163973135	1.0	ref	1.523093195464289	0.0012111744269607625	0.0796313163973135	1638
chr12	47100345	47100346	1.0	rs727363	27	G	T	1	1.6237343481213427	-1.8809939247098133	0.0004152148041094872	1.0	0.045588791579968244	1.0	ref	1.6237343481213427	0.0004152148041094872	0.045588791579968244	1638
chr12	57905466	57905467	1.0	rs7954957	83	C	T	1	1.1570244870397834	-0.91108486505978	0.0007700134657745814	0.9922650809876261	0.06031517769973935	1.0	ref	1.1570244870397834	0.0007700134657745814	0.06031517769973935	1638
chr12	62803196	62803197	1.0	rs2652030	39	T	C	1	-1.862611770929898	1.934220335089349	0.9993610125098735	3.0744360389639195e-05	1.0	0.011606491923869275	alt	1.934220335089349	3.0744360389639195e-05	0.011606491923869275	1638
chr12	62803215	62803216	1.0	rs2663957	41	A	G	1	-2.469914746274598	2.2804274133169655	0.9999866809037904	3.8528492721834535e-07	1.0	0.000644141357605185	alt	2.2804274133169655	3.8528492721834535e-07	0.000644141357605185	1638
chr12	69684606	69684607	1.0	rs11177791	32	T	C	1	1.4875391458826663	-1.3304983759645062	0.0016492423294805281	0.9833474902118295	0.09190991896147914	1.0	ref	1.4875391458826663	0.0016492423294805281	0.09190991896147914	1638
chr12	70843234	70843235	1.0	rs4378480	53	A	G	1	-1.4142993165806117	1.7096858224483769	0.9984699922270466	0.00010548473870198474	1.0	0.022445234491442315	alt	1.7096858224483769	0.00010548473870198474	0.022445234491442315	1638
chr12	76156916	76156917	1.0	rs10746137	70	T	C	1	-0.9867180704916709	1.2873837254172313	0.9929138965938624	0.000754658681055652	1.0	0.06918006442772649	alt	1.2873837254172313	0.000754658681055652	0.06918006442772649	1638
chr12	76719298	76719299	1.0	rs10746217	32	G	C	1	1.7915364901971818	-1.8705327950015995	0.00011574591513083443	0.9985057004955062	0.01881353395522438	1.0	ref	1.7915364901971818	0.00011574591513083443	0.01881353395522438	1638
chr12	82358763	82358764	1.0	rs112592060	74	T	G	1	1.6560290630892753	-1.3907318096680825	1.5392192242523306e-05	0.9996324326634118	0.004393532336932933	1.0	ref	1.6560290630892753	1.5392192242523306e-05	0.004393532336932933	1638
chr12	82358779	82358780	1.0	rs113882703	90	T	G	1	1.4068026881319495	-1.1718090933124623	3.849910486009797e-05	0.9993127766515568	0.008664519695725513	1.0	ref	1.4068026881319495	3.849910486009797e-05	0.008664519695725513	1638
chr12	89538815	89538816	1.0	rs2407987	48	G	A	1	1.3866160339936773	-1.0751893404899824	0.0016480444144875313	0.9829888361222069	0.09190991896147914	1.0	ref	1.3866160339936773	0.0016480444144875313	0.09190991896147914	1638
chr12	94616594	94616595	1.0	rs2625923	70	G	A	1	-1.0799357683201256	1.3820404811239806	0.9962007711000541	0.00034577491913181366	1.0	0.0449622653177735	alt	1.3820404811239806	0.00034577491913181366	0.0449622653177735	1638
chr12	96062092	96062093	1.0	rs2660885	56	C	T	1	1.3189997731843732	-1.0196663700055622	0.0014725529086957142	0.9858231106516279	0.08716728547788778	1.0	ref	1.3189997731843732	0.0014725529086957142	0.08716728547788778	1638
chr12	108358685	108358686	1.0	rs10778631	79	G	C	1	-1.6298948748402333	1.9156533172216599	0.999981726614489	6.341661284035098e-07	1.0	0.0009277057750882844	alt	1.9156533172216599	6.341661284035098e-07	0.0009277057750882844	1638
chr12	124940866	124940867	1.0	rs143601678	49	C	T	1	1.5650900336785947	-1.2727462400207838	0.00042519399162987314	0.9938835082182895	0.04601627939472786	1.0	ref	1.5650900336785947	0.00042519399162987314	0.04601627939472786	1638
chr12	128240376	128240377	1.0	rs11059598	29	C	A	1	-2.149460101573309	1.7986771950671367	1.0	7.64208310100919e-05	1.0	0.01944245620241534	alt	1.7986771950671367	7.64208310100919e-05	0.01944245620241534	1638
chr12	131599422	131599423	1.0	rs7138341	32	T	C	1	-1.471388196460671	1.5649865254236301	0.9917482578769475	0.0008961913362066843	1.0	0.07778204888064663	alt	1.5649865254236301	0.0008961913362066843	0.07778204888064663	1638
chr12	132189815	132189816	1.0	rs112664491	29	C	G	1	-1.5335436204614532	1.5275193745759452	0.992172926325508	0.0010782916812603599	1.0	0.0864332023684246	alt	1.5275193745759452	0.0010782916812603599	0.0864332023684246	1638
chr13	26025586	26025587	1.0	rs1048787	37	G	A	1	-1.5356654781041117	1.6964059412894024	0.9960089276281592	0.0003069137449629091	1.0	0.04081604042387415	alt	1.6964059412894024	0.0003069137449629091	0.04081604042387415	1638
chr13	29963292	29963293	1.0	rs10467438	91	C	G	1	1.195647377608303	-0.9650957721306641	0.0003134183683031176	0.996357526013274	0.03705739543303197	1.0	ref	1.195647377608303	0.0003134183683031176	0.03705739543303197	1638
chr13	35531607	35531608	1.0	rs12861167	38	A	G	1	1.9537275497941509	-1.9231197305095908	2.488755870125925e-05	0.9992647042519665	0.006537060294861174	1.0	ref	1.9537275497941509	2.488755870125925e-05	0.006537060294861174	1638
chr13	39655586	39655587	1.0	rs7327779	65	A	G	1	-1.2316559615457248	1.5323246776701542	0.9981743883401956	0.0001508104041384334	1.0	0.026342300890031135	alt	1.5323246776701542	0.0001508104041384334	0.026342300890031135	1638
chr13	41782219	41782220	1.0	rs7323193	49	C	A	1	1.4284362096883045	-1.1214166833004229	0.001151907991118709	0.9870999835872315	0.07792357930671821	1.0	ref	1.4284362096883045	0.001151907991118709	0.07792357930671821	1638
chr13	42981700	42981701	1.0	rs9533333	33	C	T	1	-1.5342239358163674	1.6238802144771984	0.9941672896546704	0.0005623068415491703	1.0	0.05772523654956089	alt	1.6238802144771984	0.0005623068415491703	0.05772523654956089	1638
chr13	80615165	80615166	1.0	rs10507911	35	G	T	1	1.5019832115188372	-1.2855702942804434	0.0014519164072268004	0.9836407706972448	0.08716728547788778	1.0	ref	1.5019832115188372	0.0014519164072268004	0.08716728547788778	1638
chr13	96053484	96053485	1.0	rs2277419	56	T	C	1	-1.1341913973878768	1.4508411710473808	0.9935932830716877	0.0006400908022934855	1.0	0.0645774367175919	alt	1.4508411710473808	0.0006400908022934855	0.0645774367175919	1638
chr13	98976471	98976472	1.0	rs2031447	24	A	G	1	-1.8034025555480224	1.4616422077895659	1.0	0.0012026807223999062	1.0	0.08964950633277773	alt	1.4616422077895659	0.0012026807223999062	0.08964950633277773	1638
chr13	101474504	101474505	1.0	rs1577448	27	G	A	1	-2.018970447631695	1.673146312983278	1.0	0.00023321107450403528	1.0	0.03499063083231699	alt	1.673146312983278	0.00023321107450403528	0.03499063083231699	1638
chr13	106416198	106416199	1.0	rs1322739	37	A	T	1	-1.758548932778572	1.838005019830046	0.998607297893971	8.256971564012153e-05	1.0	0.020131528794507133	alt	1.838005019830046	8.256971564012153e-05	0.020131528794507133	1638
chr13	110629252	110629253	1.0	rs2148081	35	C	T	1	2.071193325092564	-2.354196808367243	5.29726623353673e-06	1.0	0.0018786032342751622	1.0	ref	2.071193325092564	5.29726623353673e-06	0.0018786032342751622	1638
chr14	20343172	20343173	1.5	rs3093872	216	C	T	1	1.3586154968150588	-0.3167211317034999	9.694014607212216e-08	0.8924978428957707	0.0001435854728352607	0.9782618952336054	ref	1.3586154968150588	9.694014607212216e-08	0.0001435854728352607	1638
chr14	52730021	52730022	1.0	rs2065051	49	A	C	1	1.4284362096883045	-1.1214166833004229	0.001151907991118709	0.9870999835872315	0.07792357930671821	1.0	ref	1.4284362096883045	0.001151907991118709	0.07792357930671821	1638
chr14	54774330	54774331	1.0	rs9323270	28	C	A	1	1.5505283906933864	-1.6179595188760194	0.0008730842248957625	0.9943784217321462	0.06722174134180993	1.0	ref	1.5505283906933864	0.0008730842248957625	0.06722174134180993	1638
chr14	59483957	59483958	1.0	rs34741399	37	A	C	1	1.6088984154353483	-1.400239443851099	0.0006191573949999596	0.9910366263584937	0.05442957211267984	1.0	ref	1.6088984154353483	0.0006191573949999596	0.05442957211267984	1638
chr14	65168944	65168945	1.0	rs4899166	38	T	A	1	1.809467240770029	-1.676124903254605	0.00010765794686414571	0.9975532442031801	0.0182597239442188	1.0	ref	1.809467240770029	0.00010765794686414571	0.0182597239442188	1638
chr14	65240039	65240040	1.0	rs1270077	54	A	G	1	1.492441701745829	-1.2002386156473825	0.0004869280024094192	0.9938588991082067	0.049254395817435265	1.0	ref	1.492441701745829	0.0004869280024094192	0.049254395817435265	1638
chr14	65240042	65240043	1.0	rs56231407	72	C	T	1	1.7067657090333883	-1.4372244677497594	1.172205534955394e-05	0.9996919372320305	0.003429580343895744	1.0	ref	1.7067657090333883	1.172205534955394e-05	0.003429580343895744	1638
chr14	73949896	73949897	1.0	rs11621743	41	T	C	1	1.50308899104534	-1.2166932846173077	0.0011490668206150523	0.9856124635469572	0.07792357930671821	1.0	ref	1.50308899104534	0.0011490668206150523	0.07792357930671821	1638
chr14	74084814	74084815	1.0	rs2006731	174	T	A	1	1.2689886553150158	-1.132416712045635	2.6299630180585824e-07	0.9999929171485745	0.00023675736307953533	1.0	ref	1.2689886553150158	2.6299630180585824e-07	0.00023675736307953533	1638
chr14	77761288	77761289	1.0	rs2277917	70	C	G	1	-1.1780210491768104	1.4794463042503763	0.9981035673040018	0.00014921398250402528	1.0	0.026342300890031135	alt	1.4794463042503763	0.00014921398250402528	0.026342300890031135	1638
chr14	82756073	82756074	1.0	rs61975345	38	T	C	1	1.809467240770029	-1.676124903254605	0.00010765794686414571	0.9975532442031801	0.0182597239442188	1.0	ref	1.809467240770029	0.00010765794686414571	0.0182597239442188	1638
chr14	84727398	84727399	1.0	rs12588177	40	A	G	1	-1.4890129618726635	1.703314684262121	0.9963136390599606	0.0002688957569256061	1.0	0.037462940991671044	alt	1.703314684262121	0.0002688957569256061	0.037462940991671044	1638
chr14	95501058	95501059	1.0	rs17092581	42	G	A	1	-1.4031801522926006	1.6566068248994084	0.9953952298794251	0.0003623760737232243	1.0	0.04560093753529993	alt	1.6566068248994084	0.0003623760737232243	0.04560093753529993	1638
chr14	96146271	96146272	1.0	rs72704813	65	G	A	1	1.9715785347148334	-1.7160174062857938	1.9472696304722396e-06	0.9999252016185922	0.0008452360890701796	1.0	ref	1.9715785347148334	1.9472696304722396e-06	0.0008452360890701796	1638
chr14	96146344	96146345	1.0	rs12894970	53	C	T	1	-1.7173249168203881	1.9657296807614921	0.9997810596276708	9.951565682654744e-06	1.0	0.005661083921402082	alt	1.9657296807614921	9.951565682654744e-06	0.005661083921402082	1638
chr14	102184870	102184871	1.0	rs28550549	41	C	T	1	-1.3515094381227284	1.6093011101210521	0.9935381288435088	0.0005520962882633343	1.0	0.05772523654956089	alt	1.6093011101210521	0.0005520962882633343	0.05772523654956089	1638
chr15	23797995	23797996	1.0	rs1722802	37	G	A	1	-1.328402340130458	1.5513115908170705	0.9900074977959391	0.000987180405583141	1.0	0.08193597366340069	alt	1.5513115908170705	0.000987180405583141	0.08193597366340069	1638
chr15	33585457	33585458	1.0	rs11639151	33	A	G	1	1.6999709575483686	-1.6481403736651514	0.0002931650128494557	0.9957279129385057	0.03689150693953957	1.0	ref	1.6999709575483686	0.0002931650128494557	0.03689150693953957	1638
chr15	36051589	36051590	1.0	rs11636093	44	C	T	1	1.4945228608004948	-1.1991157681565365	0.0010237799165600905	0.9874620048053299	0.07395861952779469	1.0	ref	1.4945228608004948	0.0010237799165600905	0.07395861952779469	1638
chr15	45158124	45158125	1.0	rs1648317	68	G	A	1	-1.0201518563520127	1.3206399364598376	0.9937028362464226	0.0006718995977289408	1.0	0.06663763552730334	alt	1.3206399364598376	0.0006718995977289408	0.06663763552730334	1638
chr15	50135092	50135093	1.0	rs12902997	35	A	G	1	1.5019832115188372	-1.2855702942804434	0.0014519164072268004	0.9836407706972448	0.08716728547788778	1.0	ref	1.5019832115188372	0.0014519164072268004	0.08716728547788778	1638
chr15	51313210	51313211	1.0	rs16964258	55	A	G	1	-1.6368252532882006	1.9071449809076793	0.9997061784050715	1.4468002075790965e-05	1.0	0.006772761131719267	alt	1.9071449809076793	1.4468002075790965e-05	0.006772761131719267	1638
chr15	51681427	51681428	1.0	rs2606135	70	A	G	1	1.2440639582020987	-0.968294158406052	0.0009131272969668229	0.9905242939237212	0.06894405649292083	1.0	ref	1.2440639582020987	0.0009131272969668229	0.06894405649292083	1638
chr15	58556809	58556810	1.0	rs6494018	56	T	G	1	-1.8247046127241946	2.0676092947807057	0.9999300191069794	2.5427238862183052e-06	1.0	0.0024797914700344023	alt	2.0676092947807057	2.5427238862183052e-06	0.0024797914700344023	1638
chr15	64894124	64894125	1.0	rs1962185	101	C	T	1	-0.890704284151874	1.1156225140004263	0.9963778604588704	0.0004295530488162477	1.0	0.04977286465640145	alt	1.1156225140004263	0.0004295530488162477	0.04977286465640145	1638
chr15	77507314	77507315	1.0	rs4886869	39	A	G	1	-1.4366208378912098	1.6544050837811741	0.9948008550735461	0.0004171574692863932	1.0	0.0488199386305866	alt	1.6544050837811741	0.0004171574692863932	0.0488199386305866	1638
chr15	90248150	90248151	1.0	rs12595130	35	A	C	1	-2.173586432057416	2.009125391499571	0.9998103928121572	1.1125773749658027e-05	1.0	0.005661083921402082	alt	2.009125391499571	1.1125773749658027e-05	0.005661083921402082	1638
chr15	101486898	101486899	1.0	rs35406709	39	C	T	1	-1.6410160553177136	1.7959416148403173	0.9980401208974998	0.00012184614980070312	1.0	0.024168906629112346	alt	1.7959416148403173	0.00012184614980070312	0.024168906629112346	1638
chr16	7524479	7524480	1.0	rs17676059	35	A	G	1	-1.4232723104257383	1.5894907373728913	0.9921274698700537	0.0007566477182559165	1.0	0.06918006442772649	alt	1.5894907373728913	0.0007566477182559165	0.06918006442772649	1638
chr16	28001380	28001381	1.0	rs74015195	66	G	A	1	1.220215581325947	-0.9360777272206127	0.0014622296890044535	0.9862231047612847	0.08716728547788778	1.0	ref	1.220215581325947	0.0014622296890044535	0.08716728547788778	1638
chr16	46400896	46400897	1.0	rs4967559	37	A	C	1	-2.5917361058025077	2.2137146943459807	1.0	7.685560457275806e-07	1.0	0.0009993790447944306	alt	2.2137146943459807	7.685560457275806e-07	0.0009993790447944306	1638
chr16	50079861	50079862	1.0	rs8051216	50	C	T	1	2.1590954979958283	-2.012739356708506	1.4985780485056932e-06	0.9999189380691741	0.000835136138174387	1.0	ref	2.1590954979958283	1.4985780485056932e-06	0.000835136138174387	1638
chr16	62738514	62738515	1.0	rs72802073	24	A	G	1	-1.8034025555480224	1.4616422077895659	1.0	0.0012026807223999062	1.0	0.08964950633277773	alt	1.4616422077895659	0.0012026807223999062	0.08964950633277773	1638
chr16	68553377	68553378	1.0	rs72783088	43	C	T	1	1.4487191711873697	-1.145512151846039	0.0014971053901611077	0.9830027640301606	0.08716728547788778	1.0	ref	1.4487191711873697	0.0014971053901611077	0.08716728547788778	1638
chr16	72425617	72425618	1.0	rs17608557	42	G	A	1	1.5503947058236962	-1.2710430339298977	0.0007730732850517732	0.9894336826800546	0.06031517769973935	1.0	ref	1.5503947058236962	0.0007730732850517732	0.06031517769973935	1638
chr16	74183960	74183961	1.0	rs34935263	34	A	G	1	-1.8429755129602161	1.8229752581021161	0.9987104821784041	8.924447333176465e-05	1.0	0.021314858600033505	alt	1.8229752581021161	8.924447333176465e-05	0.021314858600033505	1638
chr16	74183966	74183967	1.0	rs6565035	39	T	C	1	-2.1063092786322657	2.068087755938648	0.9998284296283699	6.5928181233752445e-06	1.0	0.0049934004982363734	alt	2.068087755938648	6.5928181233752445e-06	0.0049934004982363734	1638
chr16	79592338	79592339	1.0	rs113194286	54	C	G	1	1.8868402835792555	-1.63263267940542	1.718747804249179e-05	0.9995038993157148	0.004789167988840034	1.0	ref	1.8868402835792555	1.718747804249179e-05	0.004789167988840034	1638
chr16	79994515	79994516	1.0	rs12149105	33	C	T	1	-1.7858423898104463	1.7685274740797405	0.9981238836578458	0.00014838434159844134	1.0	0.026342300890031135	alt	1.7685274740797405	0.00014838434159844134	0.026342300890031135	1638
chr17	3531664	3531665	1.0	rs436591	36	C	T	1	1.709931567219114	-1.5701644452934111	0.00027331217563011473	0.9952651448449481	0.034767091210861224	1.0	ref	1.709931567219114	0.00027331217563011473	0.034767091210861224	1638
chr17	5419885	5419886	1.0	rs1058117	143	T	G	1	0.7989421107821526	-0.6495982909188944	0.0017015000697467115	0.9895687679251975	0.0939276194162536	1.0	ref	0.7989421107821526	0.0017015000697467115	0.0939276194162536	1638
chr17	8222222	8222223	1.0	rs12938531	54	A	G	1	-1.0537323412233572	1.3748923178140822	0.9886791873031183	0.001295345853334109	1.0	0.09534234290295017	alt	1.3748923178140822	0.001295345853334109	0.09534234290295017	1638
chr17	9241093	9241094	1.0	rs117971919	26	G	A	1	-1.9497094201163656	1.6060321171247414	1.0	0.000404823661120733	1.0	0.0488199386305866	alt	1.6060321171247414	0.000404823661120733	0.0488199386305866	1638
chr17	10040764	10040765	1.0	rs75776629	36	C	T	1	-1.9511940107209678	1.9260687510662198	0.9994022641371437	3.185639186729382e-05	1.0	0.01165047981321686	alt	1.9260687510662198	3.185639186729382e-05	0.01165047981321686	1638
chr17	15231943	15231944	1.0	rs230942	63	G	A	1	1.3341009682019127	-1.0441660650809377	0.0007699172676573665	0.9914281477331337	0.06031517769973935	1.0	ref	1.3341009682019127	0.0007699172676573665	0.06031517769973935	1638
chr17	22521333	22521334	1.5	rs80316373	38	T	G	1	-1.7355307069837527	1.6774624245559435	1.0	0.0009672181376850709	1.0	0.08143420046998838	alt	1.6774624245559435	0.0009672181376850709	0.08143420046998838	1638
chr17	31500410	31500411	1.5	rs2097719	60	G	A	1	-1.7365220882792167	1.8533809269011696	0.9995413559368198	5.8059000196242674e-05	1.0	0.01618292726739788	alt	1.8533809269011696	5.8059000196242674e-05	0.01618292726739788	1638
chr17	38867642	38867643	1.5	rs60162494	104	G	A	1	1.470643939826961	-0.33736877069133	5.949122018329301e-05	0.8216442911608774	0.012003892238018588	0.9476404181942684	ref	1.470643939826961	5.949122018329301e-05	0.012003892238018588	1638
chr17	41992904	41992905	1.5	rs12952314	66	A	G	1	-1.8740420356276681	2.010921999327702	0.9998718522738358	8.758325156541547e-06	1.0	0.005661083921402082	alt	2.010921999327702	8.758325156541547e-06	0.005661083921402082	1638
chr17	46193442	46193443	1.5	rs113417378	198	A	G	1	0.1542857244903626	0.9033137767019523	0.2607518803474696	0.00041667645849572857	0.7481505238135514	0.0488199386305866	alt	0.9033137767019523	0.00041667645849572857	0.0488199386305866	1638
chr17	46194145	46194146	1.5	rs62060951	129	G	C	1	0.9615280651099187	-0.12893581477269755	0.0014273758123160144	0.6522229035921048	0.08716728547788778	0.8767476040361133	ref	0.9615280651099187	0.0014273758123160144	0.08716728547788778	1638
chr17	46286842	46286843	1.5	rs2732614	107	C	T	1	1.830400206356364	-0.7537881001034563	1.0040845882441848e-06	0.9776743508036706	0.0006184632598011418	1.0	ref	1.830400206356364	1.0040845882441848e-06	0.0006184632598011418	1638
chr17	83051718	83051719	1.0	rs11868631	77	C	T	1	1.535717407053876	-1.2736549444444876	3.654591419027962e-05	0.9992720847364683	0.008386212426840046	1.0	ref	1.535717407053876	3.654591419027962e-05	0.008386212426840046	1638
chr18	11902722	11902723	1.0	rs672147	71	T	G	1	-1.3116028329420821	1.6080354866090554	0.9993612513182436	4.181481503591319e-05	1.0	0.014829053950463397	alt	1.6080354866090554	4.181481503591319e-05	0.014829053950463397	1638
chr18	12991393	12991394	1.0	rs11663049	44	T	C	1	2.0725016466038224	-1.973185958161876	5.900378578761689e-06	0.9997446784801449	0.00203094501491906	1.0	ref	2.0725016466038224	5.900378578761689e-06	0.00203094501491906	1638
chr18	13565249	13565250	1.0	rs8096821	53	A	G	1	-1.2732729671720024	1.5835824276710921	0.9964383859557433	0.0002963471882042547	1.0	0.03986380624775164	alt	1.5835824276710921	0.0002963471882042547	0.03986380624775164	1638
chr18	14466928	14466929	1.0	rs9945919	30	C	G	1	1.6760592727772452	-1.74553587524335	0.0003211671190963815	0.9970063363383561	0.03705739543303197	1.0	ref	1.6760592727772452	0.0003211671190963815	0.03705739543303197	1638
chr19	1040046	1040047	1.0	rs3764642	106	G	A	1	-0.8135302775828617	1.0264757515417395	0.994152810612266	0.000796864628463598	1.0	0.07189255334205664	alt	1.0264757515417395	0.000796864628463598	0.07189255334205664	1638
chr19	1347646	1347647	1.0	rs117913726	58	T	C	1	1.2738063017572827	-0.9761428029086394	0.0017478475280192278	0.9839349517224083	0.09513981218794894	1.0	ref	1.2738063017572827	0.0017478475280192278	0.09513981218794894	1638
chr19	2900820	2900821	1.0	rs12973219	240	T	C	1	0.675038303392987	-0.5708354459571066	0.0006381856916201547	0.9960238125882294	0.055323608511338294	1.0	ref	0.675038303392987	0.0006381856916201547	0.055323608511338294	1638
chr19	2900842	2900843	1.0	rs12979208	149	G	A	1	0.8920515151736339	-0.7502892464947184	0.0004410462684496771	0.9966983838733855	0.046500580897897034	1.0	ref	0.8920515151736339	0.0004410462684496771	0.046500580897897034	1638
chr19	2962276	2962277	1.0	rs8111642	52	A	G	1	1.6805672510985312	-1.406689493114809	0.00013095379707834363	0.997712744569883	0.020219202375090818	1.0	ref	1.6805672510985312	0.00013095379707834363	0.020219202375090818	1638
chr19	6737227	6737228	1.0	rs340135	55	T	C	1	-1.6368252532882006	1.9071449809076793	0.9997061784050715	1.4468002075790965e-05	1.0	0.006772761131719267	alt	1.9071449809076793	1.4468002075790965e-05	0.006772761131719267	1638
chr19	7436913	7436914	1.0	rs11670340	41	G	A	1	1.8015434933777446	-1.6141532674353805	0.00010525337068800518	0.9976334540821794	0.0182597239442188	1.0	ref	1.8015434933777446	0.00010525337068800518	0.0182597239442188	1638
chr19	7829685	7829686	1.0	rs62125113	244	T	G	1	0.6658786237778758	-0.5603095677219523	0.000678256107397393	0.9957085097822858	0.057193940677167626	1.0	ref	0.6658786237778758	0.000678256107397393	0.057193940677167626	1638
chr19	10380645	10380646	1.0	rs280501	99	C	T	1	1.0831256827836313	-0.8708759575036007	0.0005713668289480113	0.9944663741421118	0.05265122833998879	1.0	ref	1.0831256827836313	0.0005713668289480113	0.05265122833998879	1638
chr19	10380798	10380799	1.0	rs280502	163	G	T	1	-0.6516342063011971	0.7941024532776213	0.9942682672791049	0.0010721598415126502	1.0	0.0864332023684246	alt	0.7941024532776213	0.0010721598415126502	0.0864332023684246	1638
chr19	11923790	11923791	1.0	rs10404066	27	G	C	1	1.4834141948348498	-1.550301039143676	0.0014273540224738323	0.9923721848361747	0.08716728547788778	1.0	ref	1.4834141948348498	0.0014273540224738323	0.08716728547788778	1638
chr19	18636885	18636886	1.5	rs3764627	41	C	T	1	-1.8359247719785827	1.6063754840018176	0.9993546387443933	0.0013422929629226	1.0	0.09657690592913218	alt	1.6063754840018176	0.0013422929629226	0.09657690592913218	1638
chr19	20052131	20052132	1.5	rs6511073	71	A	G	1	1.5297091512621597	-1.2904318741005083	0.00021470891692997295	0.9961514695878415	0.028553846077630382	1.0	ref	1.5297091512621597	0.00021470891692997295	0.028553846077630382	1638
chr19	34639682	34639683	1.0	rs2198902	49	A	T	1	-2.091227895014061	2.2109791141191613	0.9999645837417782	9.249463157809199e-07	1.0	0.0010824646733584107	alt	2.2109791141191613	9.249463157809199e-07	0.0010824646733584107	1638
chr19	39440390	39440391	1.0	rs4390710	41	T	C	1	-1.5406836760425358	1.7506203990404772	0.9974224342908509	0.00017241346463750233	1.0	0.02841908136130549	alt	1.7506203990404772	0.00017241346463750233	0.02841908136130549	1638
chr19	47274614	47274615	1.0	rs75900606	52	G	A	1	1.6805672510985312	-1.406689493114809	0.00013095379707834363	0.997712744569883	0.020219202375090818	1.0	ref	1.6805672510985312	0.00013095379707834363	0.020219202375090818	1638
chr19	49487408	49487409	1.0	rs2271953	152	A	C	1	-0.9284744116600212	1.0901990240858597	0.9997034981607196	2.9430256432476305e-05	1.0	0.011480743034309007	alt	1.0901990240858597	2.9430256432476305e-05	0.011480743034309007	1638
chr19	49808967	49808968	1.0	rs146250906	33	G	C	1	-1.5342239358163674	1.6238802144771984	0.9941672896546704	0.0005623068415491703	1.0	0.05772523654956089	alt	1.6238802144771984	0.0005623068415491703	0.05772523654956089	1638
chr19	50805130	50805131	1.0	rs11673306	76	G	A	1	2.025320071367408	-1.7734476882177486	2.2004314462353547e-07	0.9999883481049802	0.00021459707679410297	1.0	ref	2.025320071367408	2.2004314462353547e-07	0.00021459707679410297	1638
chr19	50805154	50805155	1.0	rs2659059	36	A	G	1	1.8575122345348478	-1.814915501233377	6.767262072764746e-05	0.9984457587154785	0.013199544672927638	1.0	ref	1.8575122345348478	6.767262072764746e-05	0.013199544672927638	1638
chr19	52748538	52748539	1.0	rs1816083	32	T	C	1	1.7915364901971818	-1.8705327950015995	0.00011574591513083443	0.9985057004955062	0.01881353395522438	1.0	ref	1.7915364901971818	0.00011574591513083443	0.01881353395522438	1638
chr19	53520823	53520824	1.0	rs17207142	226	C	T	1	0.7184032841590984	-0.6129972400760808	0.0004462246963349754	0.9971168789843214	0.04662649661793051	1.0	ref	0.7184032841590984	0.0004462246963349754	0.04662649661793051	1638
chr19	53978425	53978426	1.0	rs35522708	80	C	T	1	1.1616901902954178	-0.906709751050979	0.0009001574805384489	0.990928123849119	0.06885322218785274	1.0	ref	1.1616901902954178	0.0009001574805384489	0.06885322218785274	1638
chr19	57363585	57363586	1.0	rs2285604	48	C	G	1	1.5244480491812489	-1.2283318872169349	0.0006232216237801503	0.9917796096279908	0.05442957211267984	1.0	ref	1.5244480491812489	0.0006232216237801503	0.05442957211267984	1638
chr19	57477706	57477707	1.0	rs7254867	104	G	T	1	-1.1494373968186524	1.3858467325646195	0.9997378317372648	1.7292178567163538e-05	1.0	0.007783475606596727	alt	1.3858467325646195	1.7292178567163538e-05	0.007783475606596727	1638
chr2	2743329	2743330	1.0	rs12617673	44	G	C	1	1.4945228608004948	-1.1991157681565365	0.0010237799165600905	0.9874620048053299	0.07395861952779469	1.0	ref	1.4945228608004948	0.0010237799165600905	0.07395861952779469	1638
chr2	2974974	2974975	1.0	rs1624522	62	A	G	1	-1.3585851695180242	1.6572920485148068	0.9990408573134426	6.857627146648345e-05	1.0	0.01823972965846036	alt	1.6572920485148068	6.857627146648345e-05	0.01823972965846036	1638
chr2	3062490	3062491	1.0	rs10195201	28	A	G	1	-2.0857899111466724	1.7372766504029937	1.0	0.00013377010280679418	1.0	0.02496559331339267	alt	1.7372766504029937	0.00013377010280679418	0.02496559331339267	1638
chr2	6535649	6535650	1.0	rs10181492	59	T	C	1	-1.132362416099232	1.4428257364396817	0.9947046752548361	0.0005322053439505611	1.0	0.05662181036594015	alt	1.4428257364396817	0.0005322053439505611	0.05662181036594015	1638
chr2	17313470	17313471	1.0	rs12710642	50	T	C	1	-1.4407554643326042	1.7242809237578687	0.9982601907779326	0.00012093643872321432	1.0	0.024168906629112346	alt	1.7242809237578687	0.00012093643872321432	0.024168906629112346	1638
chr2	29281719	29281720	1.0	rs2339471	59	C	G	1	1.5446942304609874	-1.2534323558426061	0.00020582595464416152	0.9967940429622242	0.027687139622995658	1.0	ref	1.5446942304609874	0.00020582595464416152	0.027687139622995658	1638
chr2	48718193	48718194	1.0	rs4303756	32	G	A	1	1.6433874291820003	-1.5859177776203413	0.00047307888397539395	0.9940150042274712	0.04856528227336874	1.0	ref	1.6433874291820003	0.00047307888397539395	0.04856528227336874	1638
chr2	69163236	69163237	1.0	rs4375901	34	C	T	1	2.022283724611617	-2.300342328403619	9.257409083958262e-06	1.0	0.0027779348335785522	1.0	ref	2.022283724611617	9.257409083958262e-06	0.0027779348335785522	1638
chr2	71610127	71610128	1.0	rs11899440	55	A	G	1	-1.49493249548394	1.781835608204212	0.9992526211162056	4.647290997687204e-05	1.0	0.0155392132988381	alt	1.781835608204212	4.647290997687204e-05	0.0155392132988381	1638
chr2	79210465	79210466	1.0	rs11682628	62	C	G	1	-1.3585851695180242	1.6572920485148068	0.9990408573134426	6.857627146648345e-05	1.0	0.01823972965846036	alt	1.6572920485148068	6.857627146648345e-05	0.01823972965846036	1638
chr2	80326388	80326389	1.0	rs1972956	47	T	C	1	-1.153913514517218	1.4686777229445815	0.9894754419354473	0.0010975902018664579	1.0	0.08679120359758889	alt	1.4686777229445815	0.0010975902018664579	0.08679120359758889	1638
chr2	97591045	97591046	1.0	rs7575911	53	T	C	1	1.988515818215582	-1.7581635614892788	7.069881036013876e-06	0.999743154653118	0.0023639662218420112	1.0	ref	1.988515818215582	7.069881036013876e-06	0.0023639662218420112	1638
chr2	97935835	97935836	1.0	rs34974566	31	C	G	1	-1.9492614350952113	1.7950005861467235	0.9990767006759702	9.79324058529623e-05	1.0	0.021923036618735323	alt	1.7950005861467235	9.79324058529623e-05	0.021923036618735323	1638
chr2	107752278	107752279	1.0	rs62161324	31	A	G	1	-2.2712692169806883	1.9141544124870733	1.0	2.4663657459990452e-05	1.0	0.010308527973366724	alt	1.9141544124870733	2.4663657459990452e-05	0.010308527973366724	1638
chr2	117639717	117639718	1.0	rs2674849	33	A	C	1	1.5464328349362346	-1.3932726996779454	0.0010617399405815273	0.9876692893850849	0.07485266581099767	1.0	ref	1.5464328349362346	0.0010617399405815273	0.07485266581099767	1638
chr2	119291055	119291056	1.0	rs12470189	58	G	A	1	1.5107468985376502	-1.217595180126576	0.0002969781063332689	0.9957455457328312	0.03697377423849198	1.0	ref	1.5107468985376502	0.0002969781063332689	0.03697377423849198	1638
chr2	128091076	128091077	1.0	rs6731515	94	C	G	1	-1.0638097381512805	1.323875096745395	0.998898364646069	8.192679713529802e-05	1.0	0.020131528794507133	alt	1.323875096745395	8.192679713529802e-05	0.020131528794507133	1638
chr2	128091077	128091078	1.0	rs28372711	99	C	G	1	1.2248510703204412	-0.9983786105413772	0.00013130474070810068	0.9980557377831318	0.020219202375090818	1.0	ref	1.2248510703204412	0.00013130474070810068	0.020219202375090818	1638
chr2	133591463	133591464	1.0	rs891822	40	G	T	1	1.4541793905643932	-1.162838804653684	0.0016976548629248135	0.9808061613022795	0.0939276194162536	1.0	ref	1.4541793905643932	0.0016976548629248135	0.0939276194162536	1638
chr2	171318557	171318558	1.0	rs13398989	50	G	A	1	-1.1479866513872352	1.4649379311724733	0.9911718471459122	0.0009159151494168142	1.0	0.07824054739872247	alt	1.4649379311724733	0.0009159151494168142	0.07824054739872247	1638
chr2	178279300	178279301	1.0	rs333993	30	G	A	1	1.6760592727772452	-1.74553587524335	0.0003211671190963815	0.9970063363383561	0.03705739543303197	1.0	ref	1.6760592727772452	0.0003211671190963815	0.03705739543303197	1638
chr2	185198637	185198638	1.0	rs16826525	42	A	G	1	-1.4031801522926006	1.6566068248994084	0.9953952298794251	0.0003623760737232243	1.0	0.04560093753529993	alt	1.6566068248994084	0.0003623760737232243	0.04560093753529993	1638
chr2	200735279	200735280	1.0	rs9989845	91	A	G	1	1.119796280802861	-0.8981100075750987	0.0006503958499401021	0.9939648421103691	0.055967519351830995	1.0	ref	1.119796280802861	0.0006503958499401021	0.055967519351830995	1638
chr2	209642637	209642638	1.0	rs116522853	31	A	C	1	1.584493740128432	-1.523143453906902	0.0007591800961498612	0.9917578691377046	0.06031517769973935	1.0	ref	1.584493740128432	0.0007591800961498612	0.06031517769973935	1638
chr2	211730381	211730382	1.0	rs4130782	26	T	C	1	1.556620152262806	-1.81333544497747	0.0007023631008980094	1.0	0.057885601195840866	1.0	ref	1.556620152262806	0.0007023631008980094	0.057885601195840866	1638
chr2	230867481	230867482	1.0	rs3111756	37	G	A	1	1.6088984154353483	-1.400239443851099	0.0006191573949999596	0.9910366263584937	0.05442957211267984	1.0	ref	1.6088984154353483	0.0006191573949999596	0.05442957211267984	1638
chr2	235149400	235149401	1.0	rs141158253	126	G	A	1	0.893801992116261	-0.7308263917950022	0.0010980129538465482	0.9924365530980572	0.07694638083153385	1.0	ref	0.893801992116261	0.0010980129538465482	0.07694638083153385	1638
chr2	237898807	237898808	1.0	rs72980138	47	A	G	1	-1.8192670875863342	2.0058774542825524	0.9997373549477441	1.085208182994938e-05	1.0	0.005661083921402082	alt	2.0058774542825524	1.085208182994938e-05	0.005661083921402082	1638
chr2	240132845	240132846	1.0	rs12618815	32	C	T	1	1.4875391458826663	-1.3304983759645062	0.0016492423294805281	0.9833474902118295	0.09190991896147914	1.0	ref	1.4875391458826663	0.0016492423294805281	0.09190991896147914	1638
chr20	10434702	10434703	1.0	rs1003993	82	T	C	1	-1.0707759918142905	1.3518596263348481	0.9979630604796043	0.00016572853645963856	1.0	0.027917953101495353	alt	1.3518596263348481	0.00016572853645963856	0.027917953101495353	1638
chr20	23029517	23029518	1.0	rs3991894	24	C	T	1	-1.8034025555480224	1.4616422077895659	1.0	0.0012026807223999062	1.0	0.08964950633277773	alt	1.4616422077895659	0.0012026807223999062	0.08964950633277773	1638
chr20	31557548	31557549	1.5	rs574769816	86	C	G	1	1.4210092729301014	-0.3909881527219792	0.0003045237877812168	0.8317666300738533	0.03705739543303197	0.9543316118978975	ref	1.4210092729301014	0.0003045237877812168	0.03705739543303197	1638
chr20	49278659	49278660	1.5	rs479474	88	C	T	1	1.2632664564713938	-0.213274971606344	0.0009671009386619064	0.6936589544539437	0.07163279927316639	0.8943923708822045	ref	1.2632664564713938	0.0009671009386619064	0.07163279927316639	1638
chr22	17171328	17171329	1.0	rs8138439	36	G	C	1	1.5564309955412128	-1.3447329868893139	0.0009510237892988092	0.987897737492009	0.07089064589913353	1.0	ref	1.5564309955412128	0.0009510237892988092	0.07089064589913353	1638
chr22	18057810	18057811	1.0	rs460485	48	T	C	1	-1.201137583065751	1.5117464448364673	0.9922773764717198	0.0007527538269732985	1.0	0.06918006442772649	alt	1.5117464448364673	0.0007527538269732985	0.06918006442772649	1638
chr22	20117329	20117330	1.0	rs2286929	75	T	G	1	1.292721712107058	-1.0300952096318516	0.00041681626070722054	0.9950668154048535	0.045588791579968244	1.0	ref	1.292721712107058	0.00041681626070722054	0.045588791579968244	1638
chr22	20721919	20721920	1.0	rs4822471	51	G	T	1	1.5086065583722883	-1.2102347772049824	0.000553394038963935	0.992738449984983	0.05264712898171409	1.0	ref	1.5086065583722883	0.000553394038963935	0.05264712898171409	1638
chr22	27231454	27231455	1.0	rs498789	40	T	C	1	-1.4890129618726635	1.703314684262121	0.9963136390599606	0.0002688957569256061	1.0	0.037462940991671044	alt	1.703314684262121	0.0002688957569256061	0.037462940991671044	1638
chr22	29454597	29454598	1.0	rs174724	28	G	A	1	-1.7559360417979013	1.6105760150092965	0.9971658410497857	0.000478827489091746	1.0	0.05285584159817703	alt	1.6105760150092965	0.000478827489091746	0.05285584159817703	1638
chr22	36191655	36191656	1.0	rs132700	86	T	C	1	-0.9370057806857695	1.21061959087376	0.9952363306134101	0.0004591047082772097	1.0	0.052164100980273645	alt	1.21061959087376	0.0004591047082772097	0.052164100980273645	1638
chr3	4868387	4868388	1.0	rs148193460	65	C	G	1	1.7331393198740979	-1.458325147090152	2.0801227204256866e-05	0.9994975007758032	0.005661320045846933	1.0	ref	1.7331393198740979	2.0801227204256866e-05	0.005661320045846933	1638
chr3	11323973	11323974	1.0	rs11714039	38	G	A	1	1.5065473279660977	-1.248236350406049	0.0012873363443037552	0.9845181937631404	0.08323589633915385	1.0	ref	1.5065473279660977	0.0012873363443037552	0.08323589633915385	1638
chr3	12879513	12879514	1.0	rs6764307	32	C	T	1	1.4875391458826663	-1.3304983759645062	0.0016492423294805281	0.9833474902118295	0.09190991896147914	1.0	ref	1.4875391458826663	0.0016492423294805281	0.09190991896147914	1638
chr3	12897662	12897663	1.0	rs11541256	31	G	A	1	1.7349529618308135	-1.8083101989567893	0.00019327128263359907	0.99786653825511	0.02630062582163965	1.0	ref	1.7349529618308135	0.00019327128263359907	0.02630062582163965	1638
chr3	14288621	14288622	1.0	rs7652129	61	C	T	1	-1.0893374579857076	1.4010801443919019	0.9939084465174588	0.0006228587385744556	1.0	0.06338535493510308	alt	1.4010801443919019	0.0006228587385744556	0.06338535493510308	1638
chr3	16271056	16271057	1.0	rs842259	27	C	T	1	1.4834141948348498	-1.550301039143676	0.0014273540224738323	0.9923721848361747	0.08716728547788778	1.0	ref	1.4834141948348498	0.0014273540224738323	0.08716728547788778	1638
chr3	18382957	18382958	1.0	rs9310560	32	G	C	1	-1.471388196460671	1.5649865254236301	0.9917482578769475	0.0008961913362066843	1.0	0.07778204888064663	alt	1.5649865254236301	0.0008961913362066843	0.07778204888064663	1638
chr3	18382964	18382965	1.0	rs9848212	27	T	C	1	-1.6866750142825717	1.5434618191507599	0.9959588386882867	0.0008047444661889619	1.0	0.07189255334205664	alt	1.5434618191507599	0.0008047444661889619	0.07189255334205664	1638
chr3	25567519	25567520	1.0	rs6795340	47	G	A	1	1.908645771537444	-1.6956616043752244	2.6811834072745137e-05	0.9992178265081896	0.006537060294861174	1.0	ref	1.908645771537444	2.6811834072745137e-05	0.006537060294861174	1638
chr3	42097419	42097420	1.0	rs11918098	69	C	T	1	1.414397220178965	-1.1363970522027893	0.0002416994380336766	0.9965890145517955	0.03178211823941705	1.0	ref	1.414397220178965	0.0002416994380336766	0.03178211823941705	1638
chr3	42728195	42728196	1.0	rs339686	53	T	C	1	1.5845554116055869	-1.299774289198297	0.00026032419646871064	0.996173224987826	0.03385082301414801	1.0	ref	1.5845554116055869	0.00026032419646871064	0.03385082301414801	1638
chr3	45526064	45526065	1.0	rs2624668	40	G	A	1	2.0439253587657293	-2.026170707330935	9.003910377537798e-06	0.9996655890002004	0.0027779348335785522	1.0	ref	2.0439253587657293	9.003910377537798e-06	0.0027779348335785522	1638
chr3	45611790	45611791	1.0	rs267213	40	G	A	1	1.9025766451615103	-1.7840782688776926	4.159819773886054e-05	0.9988412974410096	0.008962682301613224	1.0	ref	1.9025766451615103	4.159819773886054e-05	0.008962682301613224	1638
chr3	46079024	46079025	1.0	rs71327021	93	A	G	1	1.0170731368730168	-0.8050006031836174	0.0014924264583586438	0.9888645468416789	0.08716728547788778	1.0	ref	1.0170731368730168	0.0014924264583586438	0.08716728547788778	1638
chr3	54827246	54827247	1.0	rs9860460	38	G	T	1	1.809467240770029	-1.676124903254605	0.00010765794686414571	0.9975532442031801	0.0182597239442188	1.0	ref	1.809467240770029	0.00010765794686414571	0.0182597239442188	1638
chr3	55868423	55868424	1.0	rs1993539	52	G	A	1	-1.372808640722917	1.6722111170297134	0.9978389110383593	0.0001578357112402639	1.0	0.027163990127129535	alt	1.6722111170297134	0.0001578357112402639	0.027163990127129535	1638
chr3	74729669	74729670	1.0	rs34161184	31	G	A	1	1.7349529618308135	-1.8083101989567893	0.00019327128263359907	0.99786653825511	0.02630062582163965	1.0	ref	1.7349529618308135	0.00019327128263359907	0.02630062582163965	1638
chr3	74729680	74729681	1.0	rs7620390	29	G	C	1	1.6146587281131022	-1.6822426255392502	0.0005309733419225698	0.9958692252587875	0.051783175170998626	1.0	ref	1.6146587281131022	0.0005309733419225698	0.051783175170998626	1638
chr3	74729681	74729682	1.0	rs13092297	29	T	A	1	1.6146587281131022	-1.6822426255392502	0.0005309733419225698	0.9958692252587875	0.051783175170998626	1.0	ref	1.6146587281131022	0.0005309733419225698	0.051783175170998626	1638
chr3	74789333	74789334	1.0	rs1921434	70	C	A	1	1.7615180088853233	-1.491921972534887	8.660470499942773e-06	0.9997573367033563	0.0027779348335785522	1.0	ref	1.7615180088853233	8.660470499942773e-06	0.0027779348335785522	1638
chr3	84820371	84820372	1.0	rs1248846	30	A	C	1	1.6760592727772452	-1.74553587524335	0.0003211671190963815	0.9970063363383561	0.03705739543303197	1.0	ref	1.6760592727772452	0.0003211671190963815	0.03705739543303197	1638
chr3	159792248	159792249	1.5	rs2126143	68	G	A	1	-1.3957114387079956	1.5912591422869369	0.998324269021733	0.0001945832330572553	1.0	0.030773075357689982	alt	1.5912591422869369	0.0001945832330572553	0.030773075357689982	1638
chr3	173268392	173268393	1.5	rs9290468	68	A	C	1	-0.518097897849862	1.4372202160989138	0.8813926468657866	0.0010097203092813902	0.9800258854253362	0.083216597038874	alt	1.4372202160989138	0.0010097203092813902	0.083216597038874	1638
chr3	173268414	173268415	1.5	rs13066701	74	T	C	1	-0.9963837395432575	1.2998247062847499	0.9888036385433078	0.0010575199039689494	1.0	0.08594552386214316	alt	1.2998247062847499	0.0010575199039689494	0.08594552386214316	1638
chr4	3304011	3304012	1.0	rs2239725	42	C	T	1	1.5503947058236962	-1.2710430339298977	0.0007730732850517732	0.9894336826800546	0.06031517769973935	1.0	ref	1.5503947058236962	0.0007730732850517732	0.06031517769973935	1638
chr4	7361279	7361280	1.0	rs10937807	27	A	G	1	1.4834141948348498	-1.550301039143676	0.0014273540224738323	0.9923721848361747	0.08716728547788778	1.0	ref	1.4834141948348498	0.0014273540224738323	0.08716728547788778	1638
chr4	10747015	10747016	1.0	rs73105702	41	C	T	1	1.6533887162953689	-1.4085465576798328	0.00037122609306005066	0.9937960575336293	0.04217921327263857	1.0	ref	1.6533887162953689	0.00037122609306005066	0.04217921327263857	1638
chr4	18669549	18669550	1.0	rs10024594	39	G	A	1	1.5571734010360658	-1.300342328403619	0.0008554888424872253	0.9883024735676825	0.0663032180372715	1.0	ref	1.5571734010360658	0.0008554888424872253	0.0663032180372715	1638
chr4	20395358	20395359	1.0	rs61789404	50	G	T	1	-1.7622226200009186	1.9878127333747821	0.9997530519505153	1.045484685269587e-05	1.0	0.005661083921402082	alt	1.9878127333747821	1.045484685269587e-05	0.005661083921402082	1638
chr4	21512625	21512626	1.0	rs6810518	24	A	G	1	-1.8034025555480224	1.4616422077895659	1.0	0.0012026807223999062	1.0	0.08964950633277773	alt	1.4616422077895659	0.0012026807223999062	0.08964950633277773	1638
chr4	24400727	24400728	1.0	rs16875610	41	C	A	1	1.8015434933777446	-1.6141532674353805	0.00010525337068800518	0.9976334540821794	0.0182597239442188	1.0	ref	1.8015434933777446	0.00010525337068800518	0.0182597239442188	1638
chr4	24885543	24885544	1.0	rs2602739	52	G	A	1	1.4164928485125303	-1.1106991036540679	0.0010005250794715014	0.9887102886310308	0.07322495678206027	1.0	ref	1.4164928485125303	0.0010005250794715014	0.07322495678206027	1638
chr4	36011593	36011594	1.0	rs7677151	44	C	T	1	-1.1621720527888058	1.4690238685157935	0.9875628857683539	0.0013177774314675815	1.0	0.09578850484760935	alt	1.4690238685157935	0.0013177774314675815	0.09578850484760935	1638
chr4	38069362	38069363	1.0	rs80335740	61	C	T	1	-0.9803593226541816	1.293162149255644	0.9883986122156138	0.0013954394441118183	1.0	0.09890192689325326	alt	1.293162149255644	0.0013954394441118183	0.09890192689325326	1638
chr4	38185909	38185910	1.0	rs35585927	38	A	C	1	-1.8109410567600257	1.8869146203109928	0.9990499416048546	5.0495113962580993e-05	1.0	0.01597146807308339	alt	1.8869146203109928	5.0495113962580993e-05	0.01597146807308339	1638
chr4	47982411	47982412	1.0	rs1507922	29	T	C	1	-2.149460101573309	1.7986771950671367	1.0	7.64208310100919e-05	1.0	0.01944245620241534	alt	1.7986771950671367	7.64208310100919e-05	0.01944245620241534	1638
chr4	53918037	53918038	1.0	rs1357133	38	G	A	1	1.809467240770029	-1.676124903254605	0.00010765794686414571	0.9975532442031801	0.0182597239442188	1.0	ref	1.809467240770029	0.00010765794686414571	0.0182597239442188	1638
chr4	63036395	63036396	1.0	rs10517841	53	C	T	1	1.8520748654185786	-1.5977018574296622	2.6405378774418198e-05	0.999318424715405	0.006537060294861174	1.0	ref	1.8520748654185786	2.6405378774418198e-05	0.006537060294861174	1638
chr4	71549838	71549839	1.0	rs11937245	51	G	A	1	2.0567444105265777	-1.860736263263456	4.260465214934212e-06	0.9998233062402966	0.001608394335818551	1.0	ref	2.0567444105265777	4.260465214934212e-06	0.001608394335818551	1638
chr4	71916584	71916585	1.0	rs6844120	45	C	T	1	-1.2132244825487777	1.5148275581289186	0.9909397691556053	0.0008972551139782359	1.0	0.07778204888064663	alt	1.5148275581289186	0.0008972551139782359	0.07778204888064663	1638
chr4	71916589	71916590	1.0	rs62318894	48	T	G	1	-1.201137583065751	1.5117464448364673	0.9922773764717198	0.0007527538269732985	1.0	0.06918006442772649	alt	1.5117464448364673	0.0007527538269732985	0.06918006442772649	1638
chr4	82731178	82731179	1.0	rs112899156	31	C	T	1	1.584493740128432	-1.523143453906902	0.0007591800961498612	0.9917578691377046	0.06031517769973935	1.0	ref	1.584493740128432	0.0007591800961498612	0.06031517769973935	1638
chr4	88285077	88285078	1.0	rs9637599	24	A	C	1	-1.8034025555480224	1.4616422077895659	1.0	0.0012026807223999062	1.0	0.08964950633277773	alt	1.4616422077895659	0.0012026807223999062	0.08964950633277773	1638
chr4	92581017	92581018	1.0	rs7686351	33	A	C	1	-2.3836623846590617	2.0210696164035844	1.0	7.852750570776821e-06	1.0	0.005405925878223596	alt	2.0210696164035844	7.852750570776821e-06	0.005405925878223596	1638
chr4	92744607	92744608	1.0	rs13135521	47	T	A	1	-1.153913514517218	1.4686777229445815	0.9894754419354473	0.0010975902018664579	1.0	0.08679120359758889	alt	1.4686777229445815	0.0010975902018664579	0.08679120359758889	1638
chr4	98565805	98565806	1.0	rs4699349	25	T	C	1	-1.8783845290488812	1.5356427892333433	1.0	0.0006994885260290985	1.0	0.06709929688621753	alt	1.5356427892333433	0.0006994885260290985	0.06709929688621753	1638
chr4	113012877	113012878	1.0	rs17618813	32	C	T	1	-2.0082348111468944	1.8515841145130918	0.999371537128042	5.718919860461996e-05	1.0	0.01618292726739788	alt	1.8515841145130918	5.718919860461996e-05	0.01618292726739788	1638
chr4	129623328	129623329	1.0	rs62309538	55	T	G	1	2.0556300140741186	-1.8326619598872256	2.8492451304392647e-06	0.9998782535177734	0.001190882705768954	1.0	ref	2.0556300140741186	2.8492451304392647e-06	0.001190882705768954	1638
chr4	135073217	135073218	1.0	rs34568240	39	T	G	1	-1.4366208378912098	1.6544050837811741	0.9948008550735461	0.0004171574692863932	1.0	0.0488199386305866	alt	1.6544050837811741	0.0004171574692863932	0.0488199386305866	1638
chr4	138321145	138321146	1.0	rs13103232	41	G	A	1	1.50308899104534	-1.2166932846173077	0.0011490668206150523	0.9856124635469572	0.07792357930671821	1.0	ref	1.50308899104534	0.0011490668206150523	0.07792357930671821	1638
chr4	138919305	138919306	1.0	rs6832685	90	C	T	1	1.7465642987312817	-1.4931433022909548	7.918150917444612e-07	0.9999641849439066	0.0005450948246285547	1.0	ref	1.7465642987312817	7.918150917444612e-07	0.0005450948246285547	1638
chr4	140302311	140302312	1.0	rs60648966	43	G	C	1	1.4487191711873697	-1.145512151846039	0.0014971053901611077	0.9830027640301606	0.08716728547788778	1.0	ref	1.4487191711873697	0.0014971053901611077	0.08716728547788778	1638
chr4	141807242	141807243	1.0	rs7691866	31	G	A	1	1.864742447625138	-2.1335672008353934	4.839701388644526e-05	1.0	0.009936671114264368	1.0	ref	1.864742447625138	4.839701388644526e-05	0.009936671114264368	1638
chr4	156798971	156798972	1.0	rs4691380	31	C	T	1	1.584493740128432	-1.523143453906902	0.0007591800961498612	0.9917578691377046	0.06031517769973935	1.0	ref	1.584493740128432	0.0007591800961498612	0.06031517769973935	1638
chr4	158255866	158255867	1.0	rs34000300	35	C	A	1	1.5019832115188372	-1.2855702942804434	0.0014519164072268004	0.9836407706972448	0.08716728547788778	1.0	ref	1.5019832115188372	0.0014519164072268004	0.08716728547788778	1638
chr4	166065540	166065541	1.0	rs7678997	32	A	G	1	1.4875391458826663	-1.3304983759645062	0.0016492423294805281	0.9833474902118295	0.09190991896147914	1.0	ref	1.4875391458826663	0.0016492423294805281	0.09190991896147914	1638
chr4	173199754	173199755	1.0	rs13138282	94	C	T	1	1.1890589432399743	-0.9653582158450362	0.00027195151484283854	0.996835803716137	0.034767091210861224	1.0	ref	1.1890589432399743	0.00027195151484283854	0.034767091210861224	1638
chr4	187562512	187562513	1.0	rs35900728	31	C	T	1	-1.9492614350952113	1.7950005861467235	0.9990767006759702	9.79324058529623e-05	1.0	0.021923036618735323	alt	1.7950005861467235	9.79324058529623e-05	0.021923036618735323	1638
chr5	10421963	10421964	1.5	rs2589667	51	A	G	1	-1.4912108892824074	1.5792147444009954	0.9969461991516321	0.0008399250682463167	1.0	0.07446699298247458	alt	1.5792147444009954	0.0008399250682463167	0.07446699298247458	1638
chr5	33745483	33745484	1.0	rs1966796	75	T	C	1	1.292721712107058	-1.0300952096318516	0.00041681626070722054	0.9950668154048535	0.045588791579968244	1.0	ref	1.292721712107058	0.00041681626070722054	0.045588791579968244	1638
chr5	41037500	41037501	1.0	rs1156442	49	C	T	1	-1.5562326817525403	1.8176310417723585	0.9990203976310389	5.807766771175861e-05	1.0	0.01618292726739788	alt	1.8176310417723585	5.807766771175861e-05	0.01618292726739788	1638
chr5	68444234	68444235	1.0	rs256456	35	A	G	1	1.6574641473249785	-1.514657988331626	0.00043208766147570353	0.9934864852623184	0.04601627939472786	1.0	ref	1.6574641473249785	0.00043208766147570353	0.04601627939472786	1638
chr5	73967515	73967516	1.0	rs395692	27	G	A	1	-1.6866750142825717	1.5434618191507599	0.9959588386882867	0.0008047444661889619	1.0	0.07189255334205664	alt	1.5434618191507599	0.0008047444661889619	0.07189255334205664	1638
chr5	76654881	76654882	1.0	rs465731	70	G	A	1	1.6523179250110127	-1.3837321642465525	2.519320759676135e-05	0.9994542603281115	0.006537060294861174	1.0	ref	1.6523179250110127	2.519320759676135e-05	0.006537060294861174	1638
chr5	78699547	78699548	1.0	rs340084	40	G	A	1	1.7557398037646195	-1.5605496511248829	0.0001651997689423994	0.9966032323228774	0.0238683073571963	1.0	ref	1.7557398037646195	0.0001651997689423994	0.0238683073571963	1638
chr5	79857535	79857536	1.0	rs7705021	28	A	G	1	-1.7559360417979013	1.6105760150092965	0.9971658410497857	0.000478827489091746	1.0	0.05285584159817703	alt	1.6105760150092965	0.000478827489091746	0.05285584159817703	1638
chr5	89002338	89002339	1.0	rs10040237	32	T	C	1	1.9191902316475136	-2.192729893444264	2.7986796496761283e-05	1.0	0.006550589588031946	1.0	ref	1.9191902316475136	2.7986796496761283e-05	0.006550589588031946	1638
chr5	115544895	115544896	1.0	rs13177180	54	G	A	1	-1.1801635627805211	1.4974898825097864	0.9943513206330445	0.0005301833854244426	1.0	0.05662181036594015	alt	1.4974898825097864	0.0005301833854244426	0.05662181036594015	1638
chr5	125257479	125257480	1.0	rs1347924	32	G	T	1	1.9191902316475136	-2.192729893444264	2.7986796496761283e-05	1.0	0.006550589588031946	1.0	ref	1.9191902316475136	2.7986796496761283e-05	0.006550589588031946	1638
chr5	144170652	144170653	1.0	rs6864309	98	G	T	1	-1.2194817977740318	1.4862540334871879	0.9998047052673547	9.30258966849406e-06	1.0	0.005661083921402082	alt	1.4862540334871879	9.30258966849406e-06	0.005661083921402082	1638
chr5	145147068	145147069	1.0	rs2400169	30	T	C	1	-2.212295840929005	1.857570884120705	1.0	4.349232363960706e-05	1.0	0.01497031363395063	alt	1.857570884120705	4.349232363960706e-05	0.01497031363395063	1638
chr5	171534295	171534296	1.5	rs9313548	51	C	T	1	1.4464050866757328	-1.276527923775161	0.0017718639564829612	0.9884714268336764	0.09600057353111155	1.0	ref	1.4464050866757328	0.0017718639564829612	0.09600057353111155	1638
chr6	28399880	28399881	1.0	rs1005127	49	G	A	1	1.4284362096883045	-1.1214166833004229	0.001151907991118709	0.9870999835872315	0.07792357930671821	1.0	ref	1.4284362096883045	0.001151907991118709	0.07792357930671821	1638
chr6	28399885	28399886	1.0	rs4580862	43	T	C	1	1.4487191711873697	-1.145512151846039	0.0014971053901611077	0.9830027640301606	0.08716728547788778	1.0	ref	1.4487191711873697	0.0014971053901611077	0.08716728547788778	1638
chr6	31068659	31068660	1.0	rs73403451	76	C	G	1	-1.1693490294905091	1.4607153283027925	0.9986607639116182	0.0001014935679985568	1.0	0.021995911597909448	alt	1.4607153283027925	0.0001014935679985568	0.021995911597909448	1638
chr6	32968595	32968596	1.0	rs3918149	115	G	A	1	-0.8828566512921876	1.0827508861449298	0.9977560257692938	0.0002661140410859328	1.0	0.037462940991671044	alt	1.0827508861449298	0.0002661140410859328	0.037462940991671044	1638
chr6	43892358	43892359	1.0	rs4530855	25	T	G	1	-1.8783845290488812	1.5356427892333433	1.0	0.0006994885260290985	1.0	0.06709929688621753	alt	1.5356427892333433	0.0006994885260290985	0.06709929688621753	1638
chr6	46410531	46410532	1.0	rs72866407	81	C	A	1	1.104557067145648	-0.8522619670286034	0.0013732025116793207	0.9874980578313294	0.08716728547788778	1.0	ref	1.104557067145648	0.0013732025116793207	0.08716728547788778	1638
chr6	57961542	57961543	1.0	rs9404620	43	A	G	1	1.7435865252669474	-1.5115975345011772	0.00015762689668300116	0.9968399705818637	0.023288046872720732	1.0	ref	1.7435865252669474	0.00015762689668300116	0.023288046872720732	1638
chr6	68779514	68779515	1.0	rs77551718	24	A	T	1	-1.8034025555480224	1.4616422077895659	1.0	0.0012026807223999062	1.0	0.08964950633277773	alt	1.4616422077895659	0.0012026807223999062	0.08964950633277773	1638
chr6	125700633	125700634	1.0	rs926854	89	A	G	1	1.1483416628299468	-0.9154666930901767	0.0005645899579061538	0.9941871607392205	0.05264712898171409	1.0	ref	1.1483416628299468	0.0005645899579061538	0.05264712898171409	1638
chr6	125700635	125700636	1.0	rs926855	89	A	G	1	1.1483416628299468	-0.9154666930901767	0.0005645899579061538	0.9941871607392205	0.05264712898171409	1.0	ref	1.1483416628299468	0.0005645899579061538	0.05264712898171409	1638
chr6	125940883	125940884	1.0	rs11965647	30	C	T	1	1.6760592727772452	-1.74553587524335	0.0003211671190963815	0.9970063363383561	0.03705739543303197	1.0	ref	1.6760592727772452	0.0003211671190963815	0.03705739543303197	1638
chr6	128520539	128520540	1.0	rs114947727	43	G	C	1	-1.2776492702087419	1.5623739865302833	0.9922405281558945	0.0007124002631061572	1.0	0.06778227869212486	alt	1.5623739865302833	0.0007124002631061572	0.06778227869212486	1638
chr6	132513378	132513379	1.0	rs3813356	26	C	T	1	-1.6153501232150873	1.4730724912593618	0.9943098435377604	0.0013451282292103344	1.0	0.09657690592913218	alt	1.4730724912593618	0.0013451282292103344	0.09657690592913218	1638
chr6	150991681	150991682	1.0	rs475505	37	A	G	1	1.7605576402890821	-1.6222704232909813	0.00017196783917117548	0.996547864972995	0.024543166119759346	1.0	ref	1.7605576402890821	0.00017196783917117548	0.024543166119759346	1638
chr6	160930899	160930900	1.0	rs76832359	49	G	T	1	1.4284362096883045	-1.1214166833004229	0.001151907991118709	0.9870999835872315	0.07792357930671821	1.0	ref	1.4284362096883045	0.001151907991118709	0.07792357930671821	1638
chr6	164927095	164927096	1.0	rs9459253	48	T	G	1	1.3866160339936773	-1.0751893404899824	0.0016480444144875313	0.9829888361222069	0.09190991896147914	1.0	ref	1.3866160339936773	0.0016480444144875313	0.09190991896147914	1638
chr6	166956741	166956742	1.0	rs2247314	30	T	C	1	1.523093195464289	-1.459850204202802	0.0012111744269607625	0.9888363833591907	0.0796313163973135	1.0	ref	1.523093195464289	0.0012111744269607625	0.0796313163973135	1638
chr6	168029906	168029907	1.0	rs9455935	52	C	T	1	1.5470807061869234	-1.2536321676509954	0.0003805187441869442	0.9946339015559386	0.04281933522326739	1.0	ref	1.5470807061869234	0.0003805187441869442	0.04281933522326739	1638
chr6	168281445	168281446	1.0	rs77862476	61	T	C	1	2.109232704915703	-1.8733626463689959	7.654975029826474e-07	0.9999599221331626	0.0005450948246285547	1.0	ref	2.109232704915703	7.654975029826474e-07	0.0005450948246285547	1638
chr6	168568393	168568394	1.0	rs9456200	64	A	G	1	-1.198120497324778	1.500615817942816	0.9975298850731497	0.00021648582359101628	1.0	0.03352156306833426	alt	1.500615817942816	0.00021648582359101628	0.03352156306833426	1638
chr7	149202	149203	1.0	rs191692395	79	G	A	1	1.2206635663471008	-0.9632932794173472	0.0005779042359047624	0.9935441087187581	0.0528376036936987	1.0	ref	1.2206635663471008	0.0005779042359047624	0.0528376036936987	1638
chr7	149536	149537	1.0	rs10227280	98	C	T	1	-0.8832374925094602	1.1174557374524134	0.9956177637634896	0.0005059467822498903	1.0	0.054824955487689495	alt	1.1174557374524134	0.0005059467822498903	0.054824955487689495	1638
chr7	4895943	4895944	1.0	rs367763	67	G	A	1	-0.986616392131066	1.2889310767324993	0.9917730409444651	0.0009300619272487622	1.0	0.07887329517820481	alt	1.2889310767324993	0.0009300619272487622	0.07887329517820481	1638
chr7	11251696	11251697	1.0	rs17539876	27	G	A	1	1.4834141948348498	-1.550301039143676	0.0014273540224738323	0.9923721848361747	0.08716728547788778	1.0	ref	1.4834141948348498	0.0014273540224738323	0.08716728547788778	1638
chr7	14783330	14783331	1.0	rs73064790	25	T	A	1	1.486230824371408	-1.7424617604750776	0.001181815783374248	1.0	0.07903308635902186	1.0	ref	1.486230824371408	0.001181815783374248	0.07903308635902186	1638
chr7	22111269	22111270	1.0	rs4722097	53	A	C	1	2.394429741491185	-2.3283951499993734	5.937725828398057e-08	0.9999934919162409	0.0001158153422829041	1.0	ref	2.394429741491185	5.937725828398057e-08	0.0001158153422829041	1638
chr7	25408525	25408526	1.0	rs10228465	42	A	G	1	2.3737560951129955	-2.6956616043752244	9.815293366505046e-08	1.0	0.0001435854728352607	1.0	ref	2.3737560951129955	9.815293366505046e-08	0.0001435854728352607	1638
chr7	25926269	25926270	1.0	rs7805035	45	T	A	1	-2.63669173791706	2.436546615234248	0.9999978646205203	3.87933881088563e-08	1.0	0.00011349975525948632	alt	2.436546615234248	3.87933881088563e-08	0.00011349975525948632	1638
chr7	32075429	32075430	1.0	rs715454	85	C	T	1	1.0488059892790318	-0.8079913720956764	0.0017460907746747955	0.9855568485070015	0.09513981218794894	1.0	ref	1.0488059892790318	0.0017460907746747955	0.09513981218794894	1638
chr7	33308797	33308798	1.0	rs17170176	38	C	T	1	1.5065473279660977	-1.248236350406049	0.0012873363443037552	0.9845181937631404	0.08323589633915385	1.0	ref	1.5065473279660977	0.0012873363443037552	0.08323589633915385	1638
chr7	37832307	37832308	1.0	rs73336891	30	G	A	1	1.6760592727772452	-1.74553587524335	0.0003211671190963815	0.9970063363383561	0.03705739543303197	1.0	ref	1.6760592727772452	0.0003211671190963815	0.03705739543303197	1638
chr7	54356100	54356101	1.0	rs1525140	30	A	G	1	-1.886425695739515	1.7361068970931552	0.998640231477041	0.0001669876712898124	1.0	0.027917953101495353	alt	1.7361068970931552	0.0001669876712898124	0.027917953101495353	1638
chr7	55255640	55255641	1.0	rs6974156	31	T	C	1	1.864742447625138	-2.1335672008353934	4.839701388644526e-05	1.0	0.009936671114264368	1.0	ref	1.864742447625138	4.839701388644526e-05	0.009936671114264368	1638
chr7	67302591	67302592	1.5	rs113777927	185	G	A	1	0.9757730337227013	0.04175863072578956	0.00019073234384814	0.4361173994742453	0.02630062582163965	0.8004833635582016	ref	0.9757730337227013	0.00019073234384814	0.02630062582163965	1638
chr7	102748890	102748891	1.5	rs113541101	265	C	A	1	1.1967087090215633	-0.13107964960633556	1.5117116186574494e-07	0.7188401306622579	0.00016083237339225572	0.8994295355234114	ref	1.1967087090215633	1.5117116186574494e-07	0.00016083237339225572	1638
chr7	123372606	123372607	1.5	rs3213708	39	A	C	1	-2.111341084259555	1.7204946055144643	1.0	0.0006968034213657775	1.0	0.06709929688621753	alt	1.7204946055144643	0.0006968034213657775	0.06709929688621753	1638
chr7	123534664	123534665	1.5	rs76965750	66	G	T	1	-1.3440906683345695	1.5397290216949342	0.9974532228167635	0.00033447660532480536	1.0	0.04398179451815952	alt	1.5397290216949342	0.00033447660532480536	0.04398179451815952	1638
chr8	10152438	10152439	1.5	rs11986122	41	C	G	1	-2.080894633114093	1.802916265987978	1.0	0.00035823905482469334	1.0	0.04560093753529993	alt	1.802916265987978	0.00035823905482469334	0.04560093753529993	1638
chr8	10152441	10152442	1.5	rs11993089	44	G	T	1	-2.101681565234784	1.9183708514722455	1.0	0.0001292036700044434	1.0	0.02496559331339267	alt	1.9183708514722455	0.0001292036700044434	0.02496559331339267	1638
chr8	19874821	19874822	1.0	rs143229010	24	G	C	1	-1.8034025555480224	1.4616422077895659	1.0	0.0012026807223999062	1.0	0.08964950633277773	alt	1.4616422077895659	0.0012026807223999062	0.08964950633277773	1638
chr8	19942129	19942130	1.0	rs1534649	87	G	T	1	1.099432062349	-0.8564230129217654	0.0010011102354208017	0.9902547256940479	0.07322495678206027	1.0	ref	1.099432062349	0.0010011102354208017	0.07322495678206027	1638
chr8	27311384	27311385	1.0	rs34274195	73	G	A	1	-1.0773234524675628	1.376651063514318	0.9967503054797223	0.000282190982390466	1.0	0.038572246909505614	alt	1.376651063514318	0.000282190982390466	0.038572246909505614	1638
chr8	28766148	28766149	1.0	rs17443293	31	G	A	1	-1.4077180060340346	1.5035859807594871	0.9885247300110827	0.0014197661897006365	1.0	0.09890192689325326	alt	1.5035859807594871	0.0014197661897006365	0.09890192689325326	1638
chr8	29640876	29640877	1.0	rs7845421	32	A	G	1	-1.7268690137587632	1.7119439457133723	0.9972949200550434	0.000245544397392652	1.0	0.03592007603357758	alt	1.7119439457133723	0.000245544397392652	0.03592007603357758	1638
chr8	31211485	31211486	1.0	rs10105021	42	G	T	1	-1.5917361058025077	1.7964240886536023	0.9982240580752865	0.00010999259738477149	1.0	0.022986488699892515	alt	1.7964240886536023	0.00010999259738477149	0.022986488699892515	1638
chr8	34667011	34667012	1.0	rs4556085	53	G	C	1	1.4549669963271654	-1.1540964941000809	0.0006998252458728821	0.9915292168747286	0.057885601195840866	1.0	ref	1.4549669963271654	0.0006998252458728821	0.057885601195840866	1638
chr8	36086328	36086329	1.0	rs2951810	37	A	C	1	1.9064218350157947	-1.8687699811970009	4.1127270250735765e-05	0.9989187304004634	0.008962682301613224	1.0	ref	1.9064218350157947	4.1127270250735765e-05	0.008962682301613224	1638
chr8	51899197	51899198	1.0	rs13263909	69	C	T	1	-0.9560215189322969	1.2563568297966068	0.9909517437248568	0.0010379007666045951	1.0	0.0849409277732418	alt	1.2563568297966068	0.0010379007666045951	0.0849409277732418	1638
chr8	61367330	61367331	1.0	rs62524926	27	C	T	1	1.4834141948348498	-1.550301039143676	0.0014273540224738323	0.9923721848361747	0.08716728547788778	1.0	ref	1.4834141948348498	0.0014273540224738323	0.08716728547788778	1638
chr8	89848574	89848575	1.0	rs447989	29	A	G	1	-1.8227555053128786	1.6747063524290122	0.9980321813248496	0.00028344981921024377	1.0	0.038572246909505614	alt	1.6747063524290122	0.00028344981921024377	0.038572246909505614	1638
chr8	96594078	96594079	1.0	rs2704259	26	G	A	1	1.556620152262806	-1.81333544497747	0.0007023631008980094	1.0	0.057885601195840866	1.0	ref	1.556620152262806	0.0007023631008980094	0.057885601195840866	1638
chr8	97455589	97455590	1.0	rs10099544	37	G	C	1	-2.277649270208742	2.105340706758874	0.9999192107750531	3.6705585781662564e-06	1.0	0.003304349772329208	alt	2.105340706758874	3.6705585781662564e-06	0.003304349772329208	1638
chr8	98005167	98005168	1.0	rs2444892	24	C	T	1	-1.8034025555480224	1.4616422077895659	1.0	0.0012026807223999062	1.0	0.08964950633277773	alt	1.4616422077895659	0.0012026807223999062	0.08964950633277773	1638
chr8	98440733	98440734	1.0	rs10955174	45	T	C	1	-1.7329491521083917	1.9257071055985686	0.9994294261428778	2.7764416352074044e-05	1.0	0.011204378088562846	alt	1.9257071055985686	2.7764416352074044e-05	0.011204378088562846	1638
chr8	102536195	102536196	1.0	rs1347319	94	G	C	1	1.1146681525700188	-0.8955574261102281	0.0005668237419205311	0.9945077088262221	0.05264712898171409	1.0	ref	1.1146681525700188	0.0005668237419205311	0.05264712898171409	1638
chr8	108443384	108443385	1.0	rs3737499	25	T	C	1	-1.8783845290488812	1.5356427892333433	1.0	0.0006994885260290985	1.0	0.06709929688621753	alt	1.5356427892333433	0.0006994885260290985	0.06709929688621753	1638
chr8	114612113	114612114	1.0	rs62543500	48	G	C	1	-1.201137583065751	1.5117464448364673	0.9922773764717198	0.0007527538269732985	1.0	0.06918006442772649	alt	1.5117464448364673	0.0007527538269732985	0.06918006442772649	1638
chr8	118508622	118508623	1.0	rs62531889	29	C	A	1	1.6146587281131022	-1.6822426255392502	0.0005309733419225698	0.9958692252587875	0.051783175170998626	1.0	ref	1.6146587281131022	0.0005309733419225698	0.051783175170998626	1638
chr8	118508690	118508691	1.0	rs7006659	40	G	C	1	2.2935857464290117	-2.606843510470665	3.108182794838643e-07	1.0	0.00025982188034283317	1.0	ref	2.2935857464290117	3.108182794838643e-07	0.00025982188034283317	1638
chr8	123517136	123517137	1.0	rs7834818	53	A	G	1	2.125457160610592	-1.931504260955244	1.66048435324362e-06	0.9999134544848236	0.0008452360890701796	1.0	ref	2.125457160610592	1.66048435324362e-06	0.0008452360890701796	1638
chr8	127279332	127279333	1.0	rs4871780	28	C	T	1	-1.7559360417979013	1.6105760150092965	0.9971658410497857	0.000478827489091746	1.0	0.05285584159817703	alt	1.6105760150092965	0.000478827489091746	0.05285584159817703	1638
chr8	133117440	133117441	1.0	rs10092459	48	C	T	1	-2.261152896456373	2.3019521195898367	0.999985689958552	2.985627996033612e-07	1.0	0.000582346740626356	alt	2.3019521195898367	2.985627996033612e-07	0.000582346740626356	1638
chr9	40992305	40992306	1.5	rs12376395	105	C	A	1	1.8411031717805484	-1.4999495987695002	4.0462836538185414e-07	0.9998469397104701	0.00031569105067092264	1.0	ref	1.8411031717805484	4.0462836538185414e-07	0.00031569105067092264	1638
chr9	63817528	63817529	1.0	rs111331458	43	C	T	1	1.5961983954368213	-1.3246466502403953	0.000517115307749266	0.992348980900251	0.051724790141791974	1.0	ref	1.5961983954368213	0.000517115307749266	0.051724790141791974	1638
chr9	71766798	71766799	1.0	rs7859513	33	A	T	1	-1.5342239358163674	1.6238802144771984	0.9941672896546704	0.0005623068415491703	1.0	0.05772523654956089	alt	1.6238802144771984	0.0005623068415491703	0.05772523654956089	1638
chr9	88949721	88949722	1.0	rs7044951	39	C	T	1	-1.4366208378912098	1.6544050837811741	0.9948008550735461	0.0004171574692863932	1.0	0.0488199386305866	alt	1.6544050837811741	0.0004171574692863932	0.0488199386305866	1638
chr9	92878098	92878099	1.0	rs10992504	92	G	A	1	1.1432552536268492	-0.9161861716497173	0.000488208998959454	0.9948973697413848	0.049254395817435265	1.0	ref	1.1432552536268492	0.000488208998959454	0.049254395817435265	1638
chr9	93470591	93470592	1.0	rs10992749	89	G	T	1	-1.0198413931562467	1.2846201723175374	0.9979035976995636	0.00018193569636274897	1.0	0.02957213131296182	alt	1.2846201723175374	0.00018193569636274897	0.02957213131296182	1638
chr9	96725795	96725796	1.0	rs35790996	44	A	G	1	-1.1621720527888058	1.4690238685157935	0.9875628857683539	0.0013177774314675815	1.0	0.09578850484760935	alt	1.4690238685157935	0.0013177774314675815	0.09578850484760935	1638
chr9	97238794	97238795	1.0	rs10817286	31	G	C	1	-1.4077180060340346	1.5035859807594871	0.9885247300110827	0.0014197661897006365	1.0	0.09890192689325326	alt	1.5035859807594871	0.0014197661897006365	0.09890192689325326	1638
chr9	97238796	97238797	1.0	rs34382632	31	C	G	1	-1.4077180060340346	1.5035859807594871	0.9885247300110827	0.0014197661897006365	1.0	0.09890192689325326	alt	1.5035859807594871	0.0014197661897006365	0.09890192689325326	1638
chr9	101242867	101242868	1.0	rs10989452	32	C	G	1	1.4875391458826663	-1.3304983759645062	0.0016492423294805281	0.9833474902118295	0.09190991896147914	1.0	ref	1.4875391458826663	0.0016492423294805281	0.09190991896147914	1638
chr9	104743605	104743606	1.0	rs10761080	37	C	A	1	1.6088984154353483	-1.400239443851099	0.0006191573949999596	0.9910366263584937	0.05442957211267984	1.0	ref	1.6088984154353483	0.0006191573949999596	0.05442957211267984	1638
chr9	104928253	104928254	1.0	rs2740483	59	G	C	1	2.0491117124781324	-1.8114002655099553	1.895421437686389e-06	0.9999188647262393	0.0008452360890701796	1.0	ref	2.0491117124781324	1.895421437686389e-06	0.0008452360890701796	1638
chr9	110641084	110641085	1.0	rs3010823	71	A	C	1	1.4721127180352518	-1.2014442334560353	0.00012103237924229404	0.9980947999370735	0.019403314168117358	1.0	ref	1.4721127180352518	0.00012103237924229404	0.019403314168117358	1638
chr9	110952095	110952096	1.0	rs12345727	36	A	C	1	-1.4804054335755081	1.6439385213952669	0.9943714948322407	0.00048325857053789126	1.0	0.05285584159817703	alt	1.6439385213952669	0.00048325857053789126	0.05285584159817703	1638
chr9	112103624	112103625	1.0	rs9408837	44	T	C	1	1.930826510322711	-1.758846603915715	2.6467646340903524e-05	0.9991943341240884	0.006537060294861174	1.0	ref	1.930826510322711	2.6467646340903524e-05	0.006537060294861174	1638
chr9	117656252	117656253	1.0	rs6478314	83	G	A	1	-1.8185656668324448	2.1076415448500523	0.9999982338724661	3.485426129618211e-08	1.0	0.00011349975525948632	alt	2.1076415448500523	3.485426129618211e-08	0.00011349975525948632	1638
chr9	132800286	132800287	1.0	rs10901214	45	T	C	1	-1.9303898287769607	2.058976020674111	0.9998184680155725	6.826831408338202e-06	1.0	0.0049934004982363734	alt	2.058976020674111	6.826831408338202e-06	0.0049934004982363734	1638
chr9	134787856	134787857	1.0	rs11998946	57	T	C	1	1.599356905662341	-1.3107045845180574	0.00015919368963664517	0.9973534658189723	0.023288046872720732	1.0	ref	1.599356905662341	0.00015919368963664517	0.023288046872720732	1638
chr9	135070421	135070422	1.0	rs35557228	38	C	T	1	1.5065473279660977	-1.248236350406049	0.0012873363443037552	0.9845181937631404	0.08323589633915385	1.0	ref	1.5065473279660977	0.0012873363443037552	0.08323589633915385	1638
chr9	136790683	136790684	1.0	rs2811787	47	G	A	1	1.4826278734866216	-1.1821045444064944	0.0009085303131676555	0.988986044655144	0.06894405649292083	1.0	ref	1.4826278734866216	0.0009085303131676555	0.06894405649292083	1638
