#chr	start	end	mean_bad	id	max_cover	ref	alt	n_reps	ref_comb_es	alt_comb_es	ref_comb_pval	alt_comb_pval	ref_fdr_comb_pval	alt_fdr_comb_pval	pref_allele	comb_es	comb_pval	fdr_comb_pval	345
1	1659059	1659060	1.375	rs79113395	63	G	A	4	-1.4051604048677788	1.3602913530577854	0.9999065073568502	9.530410991265425e-05	1.0	0.08812795602632716	alt	1.3602913530577854	9.530410991265425e-05	0.08812795602632716	345
1	11908348	11908349	1.375	rs12092734	56	T	C	4	1.3449060047683434	-1.4817344199937281	0.00016750972407871112	0.9997014537568069	0.09509983880650463	1.0	ref	1.3449060047683434	0.00016750972407871112	0.09509983880650463	345
10	89251923	89251924	1.25	rs1332327	62	C	T	4	1.2825395335918728	-0.9020113283409283	9.585834998066526e-05	0.9706818967555308	0.09427823849498698	1.0	ref	1.2825395335918728	9.585834998066526e-05	0.09427823849498698	345
11	64240503	64240504	1.25	rs11607007	50	C	T	2	-2.8249414109392257	1.7415358601297104	0.9986901347745557	0.00011289409899289307	1.0	0.08812795602632716	alt	1.7415358601297104	0.00011289409899289307	0.08812795602632716	345
11	66002308	66002309	1.25	rs14157	65	T	G	4	1.370512742125717	-0.8113578829450188	7.062736440428997e-05	0.9309386059643463	0.09427823849498698	1.0	ref	1.370512742125717	7.062736440428997e-05	0.09427823849498698	345
12	21437612	21437613	1.25	rs113472244	57	A	T	4	1.2511183520150846	-1.1719784129467052	0.00014108018530741348	0.9958469168716769	0.09427823849498698	1.0	ref	1.2511183520150846	0.00014108018530741348	0.09427823849498698	345
12	21437622	21437623	1.3333333333333333	rs2058463	58	A	C	3	1.682964831574805	-2.276939705782087	3.209670814126095e-05	0.9998178267365894	0.09427823849498698	1.0	ref	1.682964831574805	3.209670814126095e-05	0.09427823849498698	345
12	57941358	57941359	1.1666666666666667	rs4509811	61	A	G	3	1.4062925556696808	-0.3816927457178565	0.00013422107411330307	0.9467876721064585	0.09427823849498698	1.0	ref	1.4062925556696808	0.00013422107411330307	0.09427823849498698	345
15	69755817	69755818	1.25	rs10152591	62	A	C	4	-0.5678456686291481	1.2706906051954323	0.9953837683424127	4.982945919783945e-05	1.0	0.08812795602632716	alt	1.2706906051954323	4.982945919783945e-05	0.08812795602632716	345
16	56860592	56860593	1.3333333333333333	rs12932041	50	G	T	3	1.4727401535007487	-1.7549449023991066	0.00015231262667035495	0.9937726232720628	0.09427823849498698	1.0	ref	1.4727401535007487	0.00015231262667035495	0.09427823849498698	345
17	7219920	7219921	1.5	rs77051465	45	T	C	2	1.8997326355180153	-2.6151215284403713	0.0002363176187672021	1.0	0.09740190425248571	1.0	ref	1.8997326355180153	0.0002363176187672021	0.09740190425248571	345
17	49390657	49390658	1.5	rs2671655	60	C	T	2	1.9426710293215939	-2.7117579618958207	0.00015784940006106758	0.9999434706539273	0.09427823849498698	1.0	ref	1.9426710293215939	0.00015784940006106758	0.09427823849498698	345
17	49749004	49749005	1.375	rs878829	56	T	C	4	1.2560272202924236	-1.7381941283925348	0.00022119573955219846	0.998956985981148	0.09740190425248571	1.0	ref	1.2560272202924236	0.00022119573955219846	0.09740190425248571	345
17	51372812	51372813	1.375	rs4794244	56	A	G	4	-1.1712652099401537	1.3745799065688238	0.999874047292833	0.000107349394054109	1.0	0.08812795602632716	alt	1.3745799065688238	0.000107349394054109	0.08812795602632716	345
17	80265732	80265733	1.375	rs9916351	58	T	C	4	-0.313160746200876	1.5288987873971132	0.7930293342807484	9.294319933151114e-05	0.9498824124775845	0.08812795602632716	alt	1.5288987873971132	9.294319933151114e-05	0.08812795602632716	345
19	7807820	7807821	1.25	rs73923907	61	A	G	4	1.3217985762222597	-0.6749821905977764	0.00015851425207323672	0.9899511820936402	0.09427823849498698	1.0	ref	1.3217985762222597	0.00015851425207323672	0.09427823849498698	345
19	41439931	41439932	1.25	rs13346603	58	T	A	4	1.2149104353593774	-1.2706052638690222	0.00024696834036048	0.9985877271433241	0.09740190425248571	1.0	ref	1.2149104353593774	0.00024696834036048	0.09740190425248571	345
2	20676999	20677000	1.3333333333333333	rs11678116	52	G	T	3	-2.70919785399521	1.8763887704711681	0.9999481362315852	2.866353391977294e-06	1.0	0.021710463372652655	alt	1.8763887704711681	2.866353391977294e-06	0.021710463372652655	345
2	47071669	47071670	1.25	rs7609058	55	G	C	4	-0.779097687469456	1.363368153695479	0.9515548420625357	7.249036290085466e-05	1.0	0.08812795602632716	alt	1.363368153695479	7.249036290085466e-05	0.08812795602632716	345
2	100562878	100562879	1.3333333333333333	rs2970988	64	A	G	3	1.6028698982600758	-1.0432268039104318	0.00011439338489757509	0.999901872783419	0.09427823849498698	1.0	ref	1.6028698982600758	0.00011439338489757509	0.09427823849498698	345
2	100562879	100562880	1.3333333333333333	rs2309848	64	G	A	3	1.6028698982600758	-1.0432268039104318	0.00011439338489757509	0.999901872783419	0.09427823849498698	1.0	ref	1.6028698982600758	0.00011439338489757509	0.09427823849498698	345
2	118088371	118088372	1.25	rs76335892	62	G	A	4	1.2171054153781329	-0.9883365842801763	0.00024954851369732127	0.9947054952183614	0.09740190425248571	1.0	ref	1.2171054153781329	0.00024954851369732127	0.09740190425248571	345
2	119291055	119291056	1.3333333333333333	rs12470189	49	G	A	3	1.4831667440289522	-2.2257533087170964	0.00013730455103784107	0.9988603039537046	0.09427823849498698	1.0	ref	1.4831667440289522	0.00013730455103784107	0.09427823849498698	345
21	37208929	37208930	1.5	rs113911854	56	C	T	2	1.9387784748655743	-2.6371341197471296	0.00018994858226509877	0.9998927537447709	0.09695618521658857	1.0	ref	1.9387784748655743	0.00018994858226509877	0.09695618521658857	345
22	23176858	23176859	1.5	rs5759631	55	G	A	2	-3.3088893571925815	2.28588146074145	1.0	3.0848365041287786e-05	1.0	0.08812795602632716	alt	2.28588146074145	3.0848365041287786e-05	0.08812795602632716	345
22	38705613	38705614	1.3333333333333333	rs2267393	67	G	C	3	1.4350682129866479	-1.4674580975763298	0.0002636341587512364	0.9995020937873931	0.0997815346303922	1.0	ref	1.4350682129866479	0.0002636341587512364	0.0997815346303922	345
22	38705627	38705628	1.3333333333333333	rs2267394	65	T	C	3	1.7858124589971203	-1.845609727339348	1.4943419565340586e-05	0.999980323933083	0.08121199399481459	1.0	ref	1.7858124589971203	1.4943419565340586e-05	0.08121199399481459	345
22	41413632	41413633	1.3333333333333333	rs202635	58	C	T	3	1.5548240342973163	-1.768051907050193	8.950811117105217e-05	0.9953299487843374	0.09427823849498698	1.0	ref	1.5548240342973163	8.950811117105217e-05	0.09427823849498698	345
3	53892059	53892060	1.3333333333333333	rs1992154	69	G	T	3	1.6626498890609165	-2.1630006048739956	1.9506483745752104e-05	0.9999938878693778	0.08121199399481459	1.0	ref	1.6626498890609165	1.9506483745752104e-05	0.08121199399481459	345
3	53892082	53892083	1.25	rs2304575	66	C	G	4	1.2896825118372872	-1.1966881021046978	0.00010498663725850827	0.9998733711953192	0.09427823849498698	1.0	ref	1.2896825118372872	0.00010498663725850827	0.09427823849498698	345
3	130111581	130111582	1.1666666666666667	rs72990317	61	A	G	3	1.6576101028586874	-2.074729074085859	8.48102535358865e-06	0.999782823123705	0.08121199399481459	1.0	ref	1.6576101028586874	8.48102535358865e-06	0.08121199399481459	345
4	38804320	38804321	1.25	rs5743566	59	G	C	4	-0.5634529031415039	1.3963822365319616	0.9945887029251238	4.62028371416683e-05	1.0	0.08812795602632716	alt	1.3963822365319616	4.62028371416683e-05	0.08812795602632716	345
4	38804474	38804475	1.25	rs5743562	51	T	C	4	-2.0170213965796235	1.494699473260006	0.9979087903908225	3.4764553038675187e-06	1.0	0.021710463372652655	alt	1.494699473260006	3.4764553038675187e-06	0.021710463372652655	345
4	75941101	75941102	1.5	rs13126007	49	G	A	2	-3.0879758167730196	2.109943798194688	1.0	8.349409729674389e-05	1.0	0.08812795602632716	alt	2.109943798194688	8.349409729674389e-05	0.08812795602632716	345
4	185425900	185425901	1.75	rs2289720	56	G	A	2	2.0919192349919626	-2.105431070142995	8.570191966773292e-05	0.9998885006754471	0.09427823849498698	1.0	ref	2.0919192349919626	8.570191966773292e-05	0.09427823849498698	345
5	119268121	119268122	1.25	rs12054902	69	A	G	4	1.3948204715966457	-1.5746319831243414	3.83730341473296e-05	0.9992765182096872	0.09427823849498698	1.0	ref	1.3948204715966457	3.83730341473296e-05	0.09427823849498698	345
5	124952334	124952335	1.25	rs10073890	61	A	G	4	1.236360593065937	-0.7479043824149791	0.00019406762453280337	0.9947084968883155	0.09695618521658857	1.0	ref	1.236360593065937	0.00019406762453280337	0.09695618521658857	345
6	6331639	6331640	1.25	rs927332	57	T	C	4	-0.6358590531284352	1.307454766376886	0.9984717641715275	3.9764076124379635e-05	1.0	0.08812795602632716	alt	1.307454766376886	3.9764076124379635e-05	0.08812795602632716	345
6	28399885	28399886	1.3333333333333333	rs4580862	44	T	C	3	1.5672146120610342	-1.0102194143917924	0.00023820065651867324	0.996826334648809	0.09740190425248571	1.0	ref	1.5672146120610342	0.00023820065651867324	0.09740190425248571	345
6	32685925	32685926	2.3333333333333335	rs28746982	51	G	A	3	1.5454577865796706	-1.2739601046325268	7.997899990613516e-05	0.9947630956170765	0.09427823849498698	1.0	ref	1.5454577865796706	7.997899990613516e-05	0.09427823849498698	345
6	33019044	33019045	1.3333333333333333	rs6906405	53	A	C	3	-1.9933572806475959	1.5228052294405678	0.9981517581451317	6.663300614873599e-05	1.0	0.08812795602632716	alt	1.5228052294405678	6.663300614873599e-05	0.08812795602632716	345
6	41921088	41921089	1.25	rs2274578	59	C	G	4	-0.46849200035192695	1.4491064842282098	0.9980380113366139	1.9787986438423318e-05	1.0	0.08238398353863574	alt	1.4491064842282098	1.9787986438423318e-05	0.08238398353863574	345
7	36152996	36152997	1.25	rs12533197	65	T	G	4	1.263295665274235	-0.8780507196520444	0.00020408702035975694	0.9961099700408752	0.09740190425248571	1.0	ref	1.263295665274235	0.00020408702035975694	0.09740190425248571	345
7	47979759	47979760	1.5	rs3176493	55	G	C	2	-2.9932139772232995	2.118238479293432	0.9999895905767702	8.863346061559192e-05	1.0	0.08812795602632716	alt	2.118238479293432	8.863346061559192e-05	0.08812795602632716	345
8	102528937	102528938	1.375	rs17186084	58	G	A	4	-1.597144026682702	1.3687740943683309	0.9988785135465859	0.00011019975477648063	1.0	0.08812795602632716	alt	1.3687740943683309	0.00011019975477648063	0.08812795602632716	345
9	62802624	62802625	1.3333333333333333	rs1845066	57	T	A	3	1.56838778891189	-2.230465485249181	6.62590275317091e-05	0.9994944622910337	0.09427823849498698	1.0	ref	1.56838778891189	6.62590275317091e-05	0.09427823849498698	345
9	98101966	98101967	1.3333333333333333	rs4743164	51	C	T	3	1.6082561124533146	-2.0080985025580587	9.57537491389973e-05	0.9997460698008712	0.09427823849498698	1.0	ref	1.6082561124533146	9.57537491389973e-05	0.09427823849498698	345
9	133144515	133144516	1.3333333333333333	rs7864287	57	A	G	3	1.6990465245734374	-0.7580052621722297	0.00018160459917649998	0.9752086988860884	0.09695618521658857	1.0	ref	1.6990465245734374	0.00018160459917649998	0.09695618521658857	345
9	133144518	133144519	1.3333333333333333	rs7867322	57	T	C	3	1.6947470319957092	-0.803270120445506	0.00024128064572375414	0.9635229475984507	0.09740190425248571	1.0	ref	1.6947470319957092	0.00024128064572375414	0.09740190425248571	345
