#chr	start	end	mean_bad	id	max_cover	ref	alt	n_reps	ref_comb_es	alt_comb_es	ref_comb_pval	alt_comb_pval	ref_fdr_comb_pval	alt_fdr_comb_pval	pref_allele	comb_es	comb_pval	fdr_comb_pval	408
1	1659059	1659060	1.0	rs79113395	23	G	A	2	-1.392086828983007	1.2356217624673853	0.9975606370922949	0.0008488529452774776	1.0	0.04317341965827036	alt	1.2356217624673853	0.0008488529452774776	0.04317341965827036	408
1	4667025	4667026	1.0	rs6658098	23	C	T	3	-0.8832776928446673	1.0668628526104467	0.9978683451160629	0.001097737571615114	1.0	0.04696915439399989	alt	1.0668628526104467	0.001097737571615114	0.04696915439399989	408
1	7223725	7223726	1.0	rs116808675	23	A	G	3	-0.6168859119170136	1.1153889865721107	0.9966410384023078	0.0007319242840120219	1.0	0.04317341965827036	alt	1.1153889865721107	0.0007319242840120219	0.04317341965827036	408
1	8858253	8858254	1.0	rs10864368	25	T	C	3	0.8896246044882128	-0.6547325812338752	0.006324482758023543	0.9498025265223775	0.0972442785538982	1.0	ref	0.8896246044882128	0.006324482758023543	0.0972442785538982	408
1	11262851	11262852	1.0	rs17027478	23	G	T	3	0.984013186397231	-0.4919162187234458	0.0048760953766764994	0.8128348082236005	0.08838020380187321	0.997834819146627	ref	0.984013186397231	0.0048760953766764994	0.08838020380187321	408
1	19449071	19449072	1.0	rs1546264	25	G	A	3	-0.8429290627459127	1.0200473970044668	0.9839654766671335	0.001365110212035742	1.0	0.05235786472210281	alt	1.0200473970044668	0.001365110212035742	0.05235786472210281	408
1	26432281	26432282	1.0	rs6656196	25	G	A	3	1.106046610647671	-1.1143213814356092	0.0008749203506628537	0.9928629737010997	0.047553103383324295	1.0	ref	1.106046610647671	0.0008749203506628537	0.047553103383324295	408
1	29570216	29570217	1.0	rs28435157	20	T	C	3	0.9249713924932544	-0.9472204089054976	0.0026959047247330525	0.9789665300149938	0.0705763021489439	1.0	ref	0.9249713924932544	0.0026959047247330525	0.0705763021489439	408
1	44730954	44730955	1.0	rs9988580	30	C	T	3	1.307385064335879	-0.22588950361259214	0.0006289424009257909	0.9881539591850701	0.045764682962400036	1.0	ref	1.307385064335879	0.0006289424009257909	0.045764682962400036	408
1	70510155	70510156	1.0	rs592831	20	G	A	3	0.9931161617109034	-1.2903962177063513	0.0012930793502148718	1.0	0.055327288793236326	1.0	ref	0.9931161617109034	0.0012930793502148718	0.055327288793236326	408
1	78371012	78371013	1.0	rs12141234	23	G	A	2	1.0426161589237914	-1.0177605828432577	0.005502793559941029	0.9840572676399076	0.0936112743315437	1.0	ref	1.0426161589237914	0.005502793559941029	0.0936112743315437	408
1	81699441	81699442	1.0	rs9729508	20	C	A	3	-1.3162431829467263	0.9905636319108428	1.0	0.0013467995561998118	1.0	0.05235786472210281	alt	0.9905636319108428	0.0013467995561998118	0.05235786472210281	408
1	84254045	84254046	1.0	rs615468	26	A	G	3	-0.6109553501918188	0.9038438730374942	0.9702106350446059	0.003976816226939167	1.0	0.0905051452154776	alt	0.9038438730374942	0.003976816226939167	0.0905051452154776	408
1	85607213	85607214	1.0	rs11161642	25	G	C	3	-0.7515283975326841	1.0840655258900886	0.9905308158334273	0.0009396580060764683	1.0	0.044991720243328044	alt	1.0840655258900886	0.0009396580060764683	0.044991720243328044	408
1	111565212	111565213	1.0	rs4839145	26	G	C	3	-0.8493556400145569	1.0415920682439785	0.98992717462481	0.0010331138968621408	1.0	0.04616871214643922	alt	1.0415920682439785	0.0010331138968621408	0.04616871214643922	408
1	156193903	156193904	1.0	rs2842879	30	G	T	3	1.025416339794782	-0.7133813868294013	0.002318955653739092	0.9607422604582742	0.0693274040925213	1.0	ref	1.025416339794782	0.002318955653739092	0.0693274040925213	408
1	156193926	156193927	1.0	rs2241111	31	T	C	3	1.5197790534060087	-0.3556933838481668	0.00011470023202782459	0.9987464975316293	0.03215632323709055	1.0	ref	1.5197790534060087	0.00011470023202782459	0.03215632323709055	408
1	173393317	173393318	1.0	rs1418191	30	T	C	3	0.2950055921760816	1.1854733512025335	0.9311815810893199	0.004005448992629292	1.0	0.0905051452154776	alt	1.1854733512025335	0.004005448992629292	0.0905051452154776	408
1	186474328	186474329	1.0	rs12406189	28	G	A	3	0.09922729543063935	1.5177475489799044	0.9986750418481055	0.00015723178442863357	1.0	0.01505681516599915	alt	1.5177475489799044	0.00015723178442863357	0.01505681516599915	408
1	198776736	198776737	1.0	rs7538393	39	T	C	3	1.3588596659355514	0.07832258932423644	0.0008192583722756845	0.9751673751260428	0.045764682962400036	1.0	ref	1.3588596659355514	0.0008192583722756845	0.045764682962400036	408
1	212636799	212636800	1.0	rs3125301	32	T	G	3	-0.6869787969940067	1.0237046945132875	0.9588744862643083	0.0017937475223682295	1.0	0.062193556335905335	alt	1.0237046945132875	0.0017937475223682295	0.062193556335905335	408
1	222974783	222974784	1.0	rs144236680	22	T	C	3	-0.5192688103921568	1.174317392499134	0.8146595199681526	0.0009960050485310116	0.96674993799138	0.04552195801354237	alt	1.174317392499134	0.0009960050485310116	0.04552195801354237	408
1	225700251	225700252	1.0	rs61850655	31	C	T	3	0.8810094626435596	-0.6248895386731237	0.005439103516367065	0.9581213185388783	0.09348749719157409	1.0	ref	0.8810094626435596	0.005439103516367065	0.09348749719157409	408
1	225777824	225777825	1.0	rs3738035	23	C	A	3	1.0506153708699282	-0.31214426610689067	0.0036768664691373834	0.9890133731794206	0.08135127153024607	1.0	ref	1.0506153708699282	0.0036768664691373834	0.08135127153024607	408
1	235917564	235917565	1.0	rs12131513	34	G	A	3	1.0526637835878057	-0.49377697439536583	0.002383356915437539	0.9459585390247899	0.06946276459340421	1.0	ref	1.0526637835878057	0.002383356915437539	0.06946276459340421	408
1	240353060	240353061	1.0	rs2068307	24	G	T	3	0.9795386156508539	-0.9455754160406475	0.0025319047831518474	0.989903288231909	0.07049271979918872	1.0	ref	0.9795386156508539	0.0025319047831518474	0.07049271979918872	408
1	241612830	241612831	1.0	rs669996	26	T	C	2	1.3246509083937044	-1.1958298230609397	0.0007819124838175685	0.956533552982542	0.045764682962400036	1.0	ref	1.3246509083937044	0.0007819124838175685	0.045764682962400036	408
10	3467722	3467723	1.0	rs12264384	25	T	C	3	-0.7690836953518789	1.0504944125184323	0.9863910738939479	0.0013096006782344976	1.0	0.05235786472210281	alt	1.0504944125184323	0.0013096006782344976	0.05235786472210281	408
10	5549044	5549045	1.0	rs74556870	29	G	A	3	1.0880750421375422	-0.03933683147362683	0.0046737845828444795	0.933058941783437	0.08702759996389119	1.0	ref	1.0880750421375422	0.0046737845828444795	0.08702759996389119	408
10	14386263	14386264	1.0	rs655463	25	G	A	3	-1.589346450704642	1.3780883135341264	1.0	6.213641073866186e-05	1.0	0.0106259685665766	alt	1.3780883135341264	6.213641073866186e-05	0.0106259685665766	408
10	14386385	14386386	1.0	rs654999	26	A	G	3	-0.807124328261851	1.0666390770796041	0.9368390759789549	0.0007856036037550375	1.0	0.04317341965827036	alt	1.0666390770796041	0.0007856036037550375	0.04317341965827036	408
10	17003317	17003318	1.0	rs7098659	36	A	T	3	1.098915802533216	-0.6137962940375723	0.0011714232662564336	0.9824900869448594	0.05239612035098902	1.0	ref	1.098915802533216	0.0011714232662564336	0.05239612035098902	408
10	24386004	24386005	1.0	rs7896427	24	A	G	3	-0.7466858395563245	0.8841311521545522	0.9783645315814883	0.003766291572820658	1.0	0.08806991108072491	alt	0.8841311521545522	0.003766291572820658	0.08806991108072491	408
10	58412617	58412618	1.0	rs7901463	23	C	T	3	1.2012947143823012	-1.2117144184755833	0.00024061921094294914	0.9937665650858899	0.033896344015180845	1.0	ref	1.2012947143823012	0.00024061921094294914	0.033896344015180845	408
10	77274200	77274201	1.0	rs1516512	21	A	G	2	0.9928415417321008	-1.0875658588076913	0.006721509059667752	0.9884236492652397	0.0972442785538982	1.0	ref	0.9928415417321008	0.006721509059667752	0.0972442785538982	408
10	93459076	93459077	1.0	rs877256	37	C	T	3	-1.5501309667924223	1.6405780725032253	0.999905372224594	1.7661108026168241e-06	1.0	0.0035516488240624334	alt	1.6405780725032253	1.7661108026168241e-06	0.0035516488240624334	408
10	93747193	93747194	1.0	rs17109271	24	G	A	3	1.0004186901254473	-0.991185576989152	0.0019093148928234873	0.9915388416836435	0.06438195304635662	1.0	ref	1.0004186901254473	0.0019093148928234873	0.06438195304635662	408
10	101013082	101013083	1.0	rs807019	23	T	C	3	0.8477800512208201	-0.7316367227724816	0.007020550731635583	0.962662220367531	0.09976982536462296	1.0	ref	0.8477800512208201	0.007020550731635583	0.09976982536462296	408
10	113074090	113074091	1.0	rs3750804	29	C	T	3	0.9025171339230771	-0.6567939060017145	0.006441644590255816	0.9452864416315662	0.0972442785538982	1.0	ref	0.9025171339230771	0.006441644590255816	0.0972442785538982	408
11	12138493	12138494	1.0	rs1110007	26	G	T	3	-0.4114651326568079	1.150969451970082	0.989310771546194	0.000880213926399346	1.0	0.04317341965827036	alt	1.150969451970082	0.000880213926399346	0.04317341965827036	408
11	12183128	12183129	1.0	rs6485556	29	G	A	3	-0.3617908515753006	1.031512667210805	0.9648389416532595	0.002432305337476898	1.0	0.07300546318904541	alt	1.031512667210805	0.002432305337476898	0.07300546318904541	408
11	27472799	27472800	1.0	rs7947006	25	A	G	3	1.0222632703917036	-1.073003887314084	0.001625429964056787	0.9816285526522551	0.05994034008327115	1.0	ref	1.0222632703917036	0.001625429964056787	0.05994034008327115	408
11	66002308	66002309	1.0	rs14157	26	T	G	3	0.9143136613437771	-0.6682905557780248	0.004878270821485791	0.9598374121520677	0.08838020380187321	1.0	ref	0.9143136613437771	0.004878270821485791	0.08838020380187321	408
11	119218679	119218680	1.0	rs1893034	27	C	G	3	1.5205403246126021	0.4094149350015752	0.0003440994791139629	0.21880975222855592	0.04070494426459879	0.5548882871773341	ref	1.5205403246126021	0.0003440994791139629	0.04070494426459879	408
11	122731761	122731762	1.0	rs7943962	26	G	A	2	1.2414736170409628	-1.1958298230609397	0.0016466420006388302	0.9895808983586374	0.05994034008327115	1.0	ref	1.2414736170409628	0.0016466420006388302	0.05994034008327115	408
11	132576997	132576998	1.0	rs55969708	23	T	G	3	0.9216981057973974	-1.0177605828432577	0.004467155735552195	0.9840572676399076	0.08555666842090918	1.0	ref	0.9216981057973974	0.004467155735552195	0.08555666842090918	408
12	14952383	14952384	1.0	rs1468890	25	T	A	3	-1.0129099397972696	1.2807621165021261	0.9994110778776334	9.589993451250064e-05	1.0	0.012098717156215088	alt	1.2807621165021261	9.589993451250064e-05	0.012098717156215088	408
12	15662802	15662803	1.0	rs10846228	24	A	C	3	0.45823551943720303	1.161382310406923	0.9777224690458002	0.004289310121903183	1.0	0.09550119556472896	alt	1.161382310406923	0.004289310121903183	0.09550119556472896	408
12	22275901	22275902	1.0	rs59820150	22	A	G	3	-1.2178561391837848	1.1611016594567607	0.9673976835078496	0.00017098348945579267	1.0	0.015629445331618138	alt	1.1611016594567607	0.00017098348945579267	0.015629445331618138	408
12	22275972	22275973	1.0	rs56121046	33	G	A	3	-0.7159546047017022	1.0026849429383462	0.9551262849904341	0.0019792179689189495	1.0	0.06524930058190176	alt	1.0026849429383462	0.0019792179689189495	0.06524930058190176	408
12	24227189	24227190	1.0	rs75586424	28	C	G	3	1.3342631378296272	0.18682000677057115	0.0009025872076484992	0.992975042951994	0.047765865120556104	1.0	ref	1.3342631378296272	0.0009025872076484992	0.047765865120556104	408
12	26319784	26319785	1.0	rs2129866	22	C	T	2	1.2329202261258705	-1.5224911465533957	0.001172464155044508	1.0	0.05239612035098902	1.0	ref	1.2329202261258705	0.001172464155044508	0.05239612035098902	408
12	28130846	28130847	1.0	rs7310453	38	A	G	3	1.066975632299115	-0.01814872409142529	0.004875766747070844	0.8990663652181017	0.08838020380187321	1.0	ref	1.066975632299115	0.004875766747070844	0.08838020380187321	408
12	32115856	32115857	1.0	rs10844129	24	G	A	3	1.178902413703473	0.4454259614315978	0.006222183174684139	0.9710600813022814	0.0972442785538982	1.0	ref	1.178902413703473	0.006222183174684139	0.0972442785538982	408
12	46959639	46959640	1.0	rs2253630	26	A	G	3	0.850585338561284	-0.7129808312716803	0.006520983118635855	0.9633831063325501	0.0972442785538982	1.0	ref	0.850585338561284	0.006520983118635855	0.0972442785538982	408
12	55817856	55817857	1.0	rs3759101	40	C	T	3	-0.6882980559566796	1.181378683591051	0.985442565743903	0.0004640150856586303	1.0	0.03217704611239674	alt	1.181378683591051	0.0004640150856586303	0.03217704611239674	408
12	79127398	79127399	1.0	rs12312411	24	G	A	3	1.136974025742853	-0.8205366865163523	0.0007579628332547091	0.9970627205154329	0.045764682962400036	1.0	ref	1.136974025742853	0.0007579628332547091	0.045764682962400036	408
12	87756207	87756208	1.0	rs4550296	28	C	G	3	1.068419459548998	0.009071301198706305	0.006705905271434557	0.9293355014954616	0.0972442785538982	1.0	ref	1.068419459548998	0.006705905271434557	0.0972442785538982	408
12	101230852	101230853	1.0	rs7960060	21	A	G	3	-1.2178561391837848	1.073434290606252	0.9936398870227411	0.0004161246598544583	1.0	0.030993581146937618	alt	1.073434290606252	0.0004161246598544583	0.030993581146937618	408
12	108854745	108854746	1.0	rs375411268	23	T	C	2	1.1734137873739212	-1.2594567407196018	0.0021464008803853637	0.9949420594610902	0.06640634108392256	1.0	ref	1.1734137873739212	0.0021464008803853637	0.06640634108392256	408
12	124599149	124599150	1.0	rs12230272	25	A	G	2	-1.890545446654452	1.5223136132013106	1.0	6.869099520909785e-05	1.0	0.0106259685665766	alt	1.5223136132013106	6.869099520909785e-05	0.0106259685665766	408
12	124681499	124681500	1.0	rs838493	25	A	G	3	0.864774978664812	-0.6858596245358968	0.006524016340375988	0.9423615822284308	0.0972442785538982	1.0	ref	0.864774978664812	0.006524016340375988	0.0972442785538982	408
13	20175003	20175004	1.0	rs966557	23	A	C	3	0.9627477544302419	-0.8164113681795011	0.003021695849127447	0.9582584452452927	0.07321241388669032	1.0	ref	0.9627477544302419	0.003021695849127447	0.07321241388669032	408
13	23979721	23979722	1.0	rs9510982	21	G	A	2	0.9928415417321008	-1.0875658588076913	0.006721509059667752	0.9884236492652397	0.0972442785538982	1.0	ref	0.9928415417321008	0.006721509059667752	0.0972442785538982	408
13	30870806	30870807	1.0	rs213618	35	A	C	3	1.337892169697579	-1.3034160704882156	0.0002185588570267966	0.9945463792093298	0.033896344015180845	1.0	ref	1.337892169697579	0.0002185588570267966	0.033896344015180845	408
13	35927837	35927838	1.0	rs9593571	23	C	T	3	1.2164571235136559	-0.8651734374712432	0.00025283200409135386	0.894968645332423	0.033896344015180845	1.0	ref	1.2164571235136559	0.00025283200409135386	0.033896344015180845	408
13	48749861	48749862	1.0	rs9595987	27	C	G	2	1.2303371832168615	-0.8887226479763848	0.0031923632962216663	0.9937704536288504	0.07642669748454489	1.0	ref	1.2303371832168615	0.0031923632962216663	0.07642669748454489	408
13	48818728	48818729	1.0	rs2162461	26	C	T	3	1.0656936903289993	0.5420141497110454	0.005813780838319346	0.754051605311959	0.0972442785538982	0.9670833768464957	ref	1.0656936903289993	0.005813780838319346	0.0972442785538982	408
13	59086375	59086376	1.0	rs12869695	24	G	C	3	-0.689239847491149	0.9053704406154718	0.96314812436644	0.003997828547065787	1.0	0.0905051452154776	alt	0.9053704406154718	0.003997828547065787	0.0905051452154776	408
13	105925644	105925645	1.0	rs76727941	22	T	C	2	-1.612503418728913	1.2459648747812713	1.0	0.0006378689379939218	1.0	0.04127665061536098	alt	1.2459648747812713	0.0006378689379939218	0.04127665061536098	408
13	110916952	110916953	1.0	rs4773275	20	T	C	2	-1.4346453980566591	1.060095745249541	1.0	0.0025305853769283836	1.0	0.07483834107357322	alt	1.060095745249541	0.0025305853769283836	0.07483834107357322	408
14	20343428	20343429	1.25	rs2297617	31	T	C	2	1.5498929497709475	-1.794459415657966	0.0006148662972496476	0.9995606344061081	0.045764682962400036	1.0	ref	1.5498929497709475	0.0006148662972496476	0.045764682962400036	408
14	61477040	61477041	1.1666666666666667	rs74577987	33	T	G	3	-0.7219316622906535	1.3227212226887763	0.9009574565833979	0.0003069833662471601	0.9993333399166434	0.02572264789679329	alt	1.3227212226887763	0.0003069833662471601	0.02572264789679329	408
14	64645495	64645496	1.1666666666666667	rs10145101	28	C	A	3	1.1221777579361696	-1.0981995026583384	0.001446757594574233	0.973353748930443	0.05957073170358405	1.0	ref	1.1221777579361696	0.001446757594574233	0.05957073170358405	408
14	64645671	64645672	1.1666666666666667	rs10145275	24	C	T	3	1.0443045952249217	-0.5562619026922122	0.005168946152767892	0.8162008445784354	0.09038913663666287	0.9984062642623076	ref	1.0443045952249217	0.005168946152767892	0.09038913663666287	408
15	40006814	40006815	1.0	rs2291623	24	C	T	3	-1.169694407646559	1.027837285964577	0.9886111737263321	0.0033105338670628456	1.0	0.08407841218304936	alt	1.027837285964577	0.0033105338670628456	0.08407841218304936	408
15	47431659	47431660	1.0	rs281237	20	C	G	2	1.05234798048405	-1.3506002646414852	0.0038967427763480647	1.0	0.08135127153024607	1.0	ref	1.05234798048405	0.0038967427763480647	0.08135127153024607	408
15	58331991	58331992	1.0	rs12594686	35	T	G	3	1.3648318693202357	-0.09175148091058485	0.0005455092881263477	0.9830183970613318	0.045764682962400036	1.0	ref	1.3648318693202357	0.0005455092881263477	0.045764682962400036	408
15	58369480	58369481	1.0	rs7163325	25	G	A	2	-1.890545446654452	1.5223136132013106	1.0	6.869099520909785e-05	1.0	0.0106259685665766	alt	1.5223136132013106	6.869099520909785e-05	0.0106259685665766	408
15	58770996	58770997	1.0	rs395601	29	G	C	3	-0.6471098074257843	0.9005856587948469	0.9694223675102587	0.003739804351902759	1.0	0.08806991108072491	alt	0.9005856587948469	0.003739804351902759	0.08806991108072491	408
15	67109638	67109639	1.0	rs11071934	36	G	A	3	1.0154844208141731	-0.5316291309665864	0.002592923270327084	0.9566543789889875	0.07049271979918872	1.0	ref	1.0154844208141731	0.002592923270327084	0.07049271979918872	408
15	67125894	67125895	1.0	rs8028147	26	G	A	3	1.1676103483694016	0.43979796228695317	0.006623929966490651	0.9548582110966988	0.0972442785538982	1.0	ref	1.1676103483694016	0.006623929966490651	0.0972442785538982	408
15	73989506	73989507	1.0	rs734854	21	T	C	2	-1.2178561391837848	1.055049516825565	0.9936398870227411	0.003136137514902638	1.0	0.08407841218304936	alt	1.055049516825565	0.003136137514902638	0.08407841218304936	408
15	91561993	91561994	1.0	rs79866222	26	A	C	3	-0.4096739925584597	1.0234051001725255	0.9663335652508451	0.0032441938911464516	1.0	0.08407841218304936	alt	1.0234051001725255	0.0032441938911464516	0.08407841218304936	408
15	92599781	92599782	1.0	rs410363	26	G	T	2	1.372091394412016	-1.4506900672523937	0.0005488639934246887	0.9981921465769745	0.045764682962400036	1.0	ref	1.372091394412016	0.0005488639934246887	0.045764682962400036	408
16	11105074	11105075	1.0	rs35300161	21	C	T	2	1.0584249681597864	-1.3493540865872873	0.003923954917172486	1.0	0.08135127153024607	1.0	ref	1.0584249681597864	0.003923954917172486	0.08135127153024607	408
16	11133581	11133582	1.0	rs4534865	23	T	C	3	1.097603366561065	-0.2742442417961546	0.0043818969172102805	0.941838541006977	0.08473071827413341	1.0	ref	1.097603366561065	0.0043818969172102805	0.08473071827413341	408
16	55500165	55500166	1.0	rs80345658	37	G	A	3	-0.6714447809894464	1.0539479579525528	0.9628501567060821	0.001379893998145922	1.0	0.05235786472210281	alt	1.0539479579525528	0.001379893998145922	0.05235786472210281	408
16	57300608	57300609	1.0	rs11866208	21	A	G	2	1.0760341803533897	-1.0875658588076913	0.0037826803190108304	0.9537774268330048	0.08135127153024607	1.0	ref	1.0760341803533897	0.0037826803190108304	0.08135127153024607	408
16	64711150	64711151	1.0	rs231034	22	T	C	3	0.9490653406042453	-0.9586918357643353	0.0027023248460808953	0.9953192064543867	0.0705763021489439	1.0	ref	0.9490653406042453	0.0027023248460808953	0.0705763021489439	408
16	69057919	69057920	1.0	rs72789210	29	C	T	2	-2.1317724931651547	1.7554090485140215	1.0	9.633960516775631e-06	1.0	0.004843473649808949	alt	1.7554090485140215	9.633960516775631e-06	0.004843473649808949	408
16	84730634	84730635	1.0	rs11642656	24	G	A	3	1.1587692779982355	-0.09693341720609552	0.004298438177439719	0.9889098777539144	0.08392387548379879	1.0	ref	1.1587692779982355	0.004298438177439719	0.08392387548379879	408
16	84836427	84836428	1.0	rs1466716	40	T	C	3	0.9124384084691168	-0.5810787594893143	0.004612366005952091	0.9109589652239041	0.0866866171772865	1.0	ref	0.9124384084691168	0.004612366005952091	0.0866866171772865	408
17	13541101	13541102	1.0	rs2190854	22	A	G	3	-0.8413800258837331	1.0610484361077916	0.9965166684183135	0.0007620690706184268	1.0	0.04317341965827036	alt	1.0610484361077916	0.0007620690706184268	0.04317341965827036	408
17	43361284	43361285	1.0	rs3809752	25	A	G	3	1.058852969073207	-0.9616110557536641	0.0010758138281676602	0.9952665400668343	0.05151099067726583	1.0	ref	1.058852969073207	0.0010758138281676602	0.05151099067726583	408
17	47240132	47240133	1.0	rs17605348	27	T	C	3	0.8937992562321289	-0.7450190874587002	0.006020984996057219	0.9670664772934313	0.0972442785538982	1.0	ref	0.8937992562321289	0.006020984996057219	0.0972442785538982	408
17	66275870	66275871	1.0	rs6504407	25	A	C	3	1.2255980023177215	-1.374779090727321	0.00019662991020516753	0.9972741721710464	0.033896344015180845	1.0	ref	1.2255980023177215	0.00019662991020516753	0.033896344015180845	408
17	66540314	66540315	1.0	rs908150	27	T	C	3	1.0173504190963878	-0.41384907632076096	0.004266926295774252	0.9557667530230195	0.08392387548379879	1.0	ref	1.0173504190963878	0.004266926295774252	0.08392387548379879	408
17	68457799	68457800	1.0	rs62085937	24	C	A	3	-0.7330842870803371	1.0560521694298002	0.9504269869828519	0.0008645123345865187	1.0	0.04317341965827036	alt	1.0560521694298002	0.0008645123345865187	0.04317341965827036	408
17	78592618	78592619	1.0	rs79231807	20	G	A	3	1.0213876002502165	-1.3208188747260445	0.0009666717732042851	1.0	0.04867431284887999	1.0	ref	1.0213876002502165	0.0009666717732042851	0.04867431284887999	408
17	80892386	80892387	1.0	rs9909215	28	C	T	3	-0.7317414820463005	0.9369699483918202	0.9522790171330842	0.003233310192329371	1.0	0.08407841218304936	alt	0.9369699483918202	0.003233310192329371	0.08407841218304936	408
18	3624169	3624170	1.0	rs9807680	29	T	C	3	-0.6610096554440875	0.9443499825406018	0.9525211004750304	0.0032092319705755747	1.0	0.08407841218304936	alt	0.9443499825406018	0.0032092319705755747	0.08407841218304936	408
18	22435309	22435310	1.0	rs7228667	23	C	T	3	0.8810354076834005	-0.6770620350205996	0.007009426329090032	0.9700426962660679	0.09976982536462296	1.0	ref	0.8810354076834005	0.007009426329090032	0.09976982536462296	408
18	33756397	33756398	1.0	rs9967238	27	C	T	3	1.3382222748704513	-1.0523468705294117	0.00012792172346928114	0.9995114804892462	0.03215632323709055	1.0	ref	1.3382222748704513	0.00012792172346928114	0.03215632323709055	408
18	58996329	58996330	1.0	rs11152113	21	C	T	3	-0.9848471715751852	0.9528790196380599	0.9966790981690615	0.0019090445298633751	1.0	0.06398480915925413	alt	0.9528790196380599	0.0019090445298633751	0.06398480915925413	408
18	60278170	60278171	1.0	rs8096059	23	G	T	3	0.9081915284669413	-0.9028238901279644	0.004086213721454382	0.9858308778478272	0.08217375793844764	1.0	ref	0.9081915284669413	0.004086213721454382	0.08217375793844764	408
18	71485834	71485835	1.0	rs2168161	24	T	A	3	0.9629331430318286	-1.0125014123194964	0.002232095490138842	0.9936689789938129	0.06801127319195775	1.0	ref	0.9629331430318286	0.002232095490138842	0.06801127319195775	408
18	74775450	74775451	1.0	rs10871532	23	A	G	2	-1.0844587754707828	1.0646822164057785	0.9822783898221698	0.0036689776286972105	1.0	0.08806991108072491	alt	1.0646822164057785	0.0036689776286972105	0.08806991108072491	408
19	1101992	1101993	1.0	rs757228	22	A	G	3	-0.5584249130599579	0.9790402337678815	0.8435146638136655	0.0033447404150392583	0.9783805559136821	0.08407841218304936	alt	0.9790402337678815	0.0033447404150392583	0.08407841218304936	408
19	20052175	20052176	1.0	rs6511077	23	T	C	3	1.1705367336767019	-0.21654037166198226	0.0025779004015626323	0.6100547424617621	0.07049271979918872	0.9040374243897403	ref	1.1705367336767019	0.0025779004015626323	0.07049271979918872	408
19	40285575	40285576	1.0	rs10416620	33	C	G	3	1.045961831016507	-0.19548040082774587	0.005119792707959038	0.9198417757162715	0.09031493978689145	1.0	ref	1.045961831016507	0.005119792707959038	0.09031493978689145	408
19	43668737	43668738	1.0	rs344782	32	A	C	3	1.1903723559688524	-0.09116529464916595	0.0019208936761717537	0.956956288143055	0.06438195304635662	1.0	ref	1.1903723559688524	0.0019208936761717537	0.06438195304635662	408
19	58381142	58381143	1.0	rs10469313	25	C	T	2	1.3338784595671673	-1.4182222443973878	0.0007155738701869382	0.9977757577943727	0.045764682962400036	1.0	ref	1.3338784595671673	0.0007155738701869382	0.045764682962400036	408
2	1993871	1993872	1.0	rs11679140	26	C	T	3	1.0161793485456094	-0.9073919788736288	0.0018954667528708348	0.991494689349489	0.06438195304635662	1.0	ref	1.0161793485456094	0.0018954667528708348	0.06438195304635662	408
2	1993890	1993891	1.0	rs11679107	30	C	T	3	1.2625566010802103	-1.0297176109578148	0.00022763613585489046	0.9946054279278721	0.033896344015180845	1.0	ref	1.2625566010802103	0.00022763613585489046	0.033896344015180845	408
2	9897522	9897523	1.0	rs718255	23	T	A	3	0.37201771698576636	1.0646822164057785	0.8934167893415611	0.0036689776286972105	0.9993333399166434	0.08806991108072491	alt	1.0646822164057785	0.0036689776286972105	0.08806991108072491	408
2	12284701	12284702	1.0	rs66956538	25	A	G	3	-0.7279019043574841	1.2647962656960794	0.9991473856248848	0.00036515315885109044	1.0	0.028243192401905495	alt	1.2647962656960794	0.00036515315885109044	0.028243192401905495	408
2	36438788	36438789	1.0	rs11673762	35	A	C	3	0.9220411442609742	-0.5426043797007233	0.005056796019714587	0.912310388680081	0.08999306898801801	1.0	ref	0.9220411442609742	0.005056796019714587	0.08999306898801801	408
2	37713486	37713487	1.0	rs28876725	28	C	G	3	1.2540229555420712	-1.1578355887479157	0.00019646379194392474	0.998643774302506	0.033896344015180845	1.0	ref	1.2540229555420712	0.00019646379194392474	0.033896344015180845	408
2	37829328	37829329	1.0	rs10183499	30	G	C	3	-1.3543281253243196	1.3429688026707847	0.9962790210108977	4.304271257389483e-05	1.0	0.00865588949861025	alt	1.3429688026707847	4.304271257389483e-05	0.00865588949861025	408
2	41194525	41194526	1.0	rs10490378	23	T	C	3	-0.9398587850302098	0.9859789577968865	0.9895142525217883	0.0015811716068736372	1.0	0.05678100181112294	alt	0.9859789577968865	0.0015811716068736372	0.05678100181112294	408
2	46067841	46067842	1.0	rs12712963	30	A	G	3	-0.9443842855163782	1.3143720233232423	0.9972809099117251	0.0001087927699031409	1.0	0.012154570015289797	alt	1.3143720233232423	0.0001087927699031409	0.012154570015289797	408
2	46858866	46858867	1.0	rs8622	27	C	T	2	1.4782683689023428	-1.5638495613298575	0.0002521409122347553	0.9990342293641237	0.033896344015180845	1.0	ref	1.4782683689023428	0.0002521409122347553	0.033896344015180845	408
2	47771446	47771447	1.0	rs113816852	28	C	G	3	1.137553120046349	-1.0392920114247093	0.0005399990985363769	0.9814910495813324	0.045764682962400036	1.0	ref	1.137553120046349	0.0005399990985363769	0.045764682962400036	408
2	52658820	52658821	1.0	rs62127852	29	G	A	3	-1.284383862094396	1.3690846858416514	0.9942727258946249	2.83271533503558e-05	1.0	0.00712073817344569	alt	1.3690846858416514	2.83271533503558e-05	0.00712073817344569	408
2	62578088	62578089	1.0	rs17025954	28	A	G	3	-0.843406319277766	1.0643245622688244	0.9799333462369835	0.001077148472885731	1.0	0.04696915439399989	alt	1.0643245622688244	0.001077148472885731	0.04696915439399989	408
2	64288426	64288427	1.0	rs2555419	23	A	C	2	1.1315434934795374	-1.2117144184755833	0.0028494388199601416	0.9937665650858899	0.07259026917770393	1.0	ref	1.1315434934795374	0.0028494388199601416	0.07259026917770393	408
2	64288496	64288497	1.0	rs2698535	28	G	A	3	0.9485978039722465	-0.6616994821515356	0.0037724173649080787	0.9564544869794276	0.08135127153024607	1.0	ref	0.9485978039722465	0.0037724173649080787	0.08135127153024607	408
2	67261131	67261132	1.0	rs17033311	36	C	T	3	1.4951643859226391	-0.7701825293454713	5.9268061489440536e-05	0.9983238151314268	0.023837614331052984	1.0	ref	1.4951643859226391	5.9268061489440536e-05	0.023837614331052984	408
2	98508912	98508913	1.0	rs3754884	21	C	T	2	-1.2178561391837848	1.0822455381186842	0.9673976835078496	0.0023627000796699847	1.0	0.07300546318904541	alt	1.0822455381186842	0.0023627000796699847	0.07300546318904541	408
2	121944287	121944288	1.0	rs7581093	24	C	T	1	1.3933848983191166	-1.6812566502311816	0.006105615033707675	1.0	0.0972442785538982	1.0	ref	1.3933848983191166	0.006105615033707675	0.0972442785538982	408
2	140503098	140503099	1.0	rs4444457	29	A	G	3	-0.7201381485699291	0.9478408740306475	0.9570602749910659	0.0033432506915449596	1.0	0.08407841218304936	alt	0.9478408740306475	0.0033432506915449596	0.08407841218304936	408
2	180125824	180125825	1.0	rs1518431	28	G	A	2	1.3858635263761383	-1.3414571399934094	0.0005981306536611288	0.9952533612983854	0.045764682962400036	1.0	ref	1.3858635263761383	0.0005981306536611288	0.045764682962400036	408
2	221075521	221075522	1.0	rs16862136	25	C	G	3	-0.8606086318926565	1.0877932074151735	0.9946444677390304	0.0006568139332131036	1.0	0.04127665061536098	alt	1.0877932074151735	0.0006568139332131036	0.04127665061536098	408
2	227388892	227388893	1.0	rs4075150	24	G	A	3	-0.8571378559000613	0.9472142917118689	0.9748214961015931	0.002412011016780175	1.0	0.07300546318904541	alt	0.9472142917118689	0.002412011016780175	0.07300546318904541	408
2	237474255	237474256	1.0	rs13408361	22	A	G	3	0.9338083515093347	-0.4551884492445073	0.004604471998377925	0.9846814470866634	0.0866866171772865	1.0	ref	0.9338083515093347	0.004604471998377925	0.0866866171772865	408
20	25237981	25237982	1.0	rs6132819	40	G	C	3	1.094238723749246	-0.7697926017141663	0.0009681613694456487	0.9678546987541344	0.04867431284887999	1.0	ref	1.094238723749246	0.0009681613694456487	0.04867431284887999	408
20	43939511	43939512	1.0	rs6103524	35	A	G	3	1.1443291618581999	-0.6832793408599015	0.0012003475257378522	0.9754381715829707	0.052476062483887406	1.0	ref	1.1443291618581999	0.0012003475257378522	0.052476062483887406	408
20	43939523	43939524	1.0	rs79645278	40	C	T	3	1.1770849817415403	-0.6092770319894406	0.00047410603154499043	0.9247918796378084	0.045401296639855995	1.0	ref	1.1770849817415403	0.00047410603154499043	0.045401296639855995	408
20	48283991	48283992	1.0	rs226822	30	A	C	2	1.6709134468447382	-1.7620570328996648	5.911698098697531e-05	0.9997019443302585	0.023837614331052984	1.0	ref	1.6709134468447382	5.911698098697531e-05	0.023837614331052984	408
21	24046030	24046031	1.0	rs9978587	28	A	G	1	-1.7693656246031635	1.6075905398543435	0.9955220510659388	0.0015455914776930694	1.0	0.05678100181112294	alt	1.6075905398543435	0.0015455914776930694	0.05678100181112294	408
21	38349400	38349401	1.0	rs2836323	36	A	G	2	-0.2653257108950554	1.25461886387168	0.9454414290932234	0.00437908840892934	1.0	0.09550119556472896	alt	1.25461886387168	0.00437908840892934	0.09550119556472896	408
3	10438749	10438750	1.0	rs77581718	21	G	C	2	1.1454573848755314	-1.437452078279411	0.002123203175857953	1.0	0.06640634108392256	1.0	ref	1.1454573848755314	0.002123203175857953	0.06640634108392256	408
3	47605867	47605868	1.0	rs4274776	23	C	T	3	0.9081915284669413	-0.9028238901279644	0.004086213721454382	0.9858308778478272	0.08217375793844764	1.0	ref	0.9081915284669413	0.004086213721454382	0.08217375793844764	408
3	55169950	55169951	1.0	rs73063605	40	G	A	3	0.889384453399823	-0.3640625617695639	0.007044910592628773	0.8758714408906916	0.09976982536462296	1.0	ref	0.889384453399823	0.007044910592628773	0.09976982536462296	408
3	62587409	62587410	1.0	rs17066668	26	T	C	3	1.1593789911199794	-1.1958298230609397	0.0004388935620850691	0.9895808983586374	0.0441307476676537	1.0	ref	1.1593789911199794	0.0004388935620850691	0.0441307476676537	408
3	84725083	84725084	1.0	rs79940559	33	C	T	3	-0.5737401333663726	0.9466712460369012	0.9330930187535835	0.0036967663532304195	1.0	0.08806991108072491	alt	0.9466712460369012	0.0036967663532304195	0.08806991108072491	408
3	100525980	100525981	1.0	rs6792014	23	G	A	3	1.0688835177540064	-0.02551199626979478	0.006130566493137883	0.9817919832385289	0.0972442785538982	1.0	ref	1.0688835177540064	0.006130566493137883	0.0972442785538982	408
3	109927394	109927395	1.0	rs632144	27	C	G	3	0.9704745778793064	-0.693666252923343	0.0029599214682107028	0.9739948199438335	0.07259026917770393	1.0	ref	0.9704745778793064	0.0029599214682107028	0.07259026917770393	408
3	119832263	119832264	1.0	rs9826659	20	A	G	3	-0.9294769568850203	0.9086657781546321	0.9272553796797895	0.002187803373956012	1.0	0.06983607277818317	alt	0.9086657781546321	0.002187803373956012	0.06983607277818317	408
3	134464469	134464470	1.0	rs2241556	23	A	G	3	0.9933065145809064	-0.9806704468327172	0.001804475545091044	0.9916131984982948	0.06366316352944017	1.0	ref	0.9933065145809064	0.001804475545091044	0.06366316352944017	408
3	146242025	146242026	1.0	rs2175544	31	T	C	3	0.9109667243777118	-0.5316490278584252	0.005539404100175883	0.936746063292055	0.0936112743315437	1.0	ref	0.9109667243777118	0.005539404100175883	0.0936112743315437	408
3	154795683	154795684	1.0	rs59414020	35	C	T	3	1.8878962459659165	-0.9072335466433019	6.477067270325302e-07	0.9001612102461373	0.0013025382280624183	1.0	ref	1.8878962459659165	6.477067270325302e-07	0.0013025382280624183	408
3	172140732	172140733	1.0	rs6445040	30	G	A	3	1.0229413389107458	-0.7781115657872373	0.002030165798968817	0.9613868704406818	0.06640634108392256	1.0	ref	1.0229413389107458	0.002030165798968817	0.06640634108392256	408
3	177590144	177590145	1.0	rs6443477	26	A	C	3	-1.087969533393347	1.1481096690755639	0.9946251552871419	0.00034996896471436935	1.0	0.02815150352162387	alt	1.1481096690755639	0.00034996896471436935	0.02815150352162387	408
3	177590225	177590226	1.0	rs6769466	21	G	A	2	-1.5253880738293017	1.156003160969309	1.0	0.0012603850556290824	1.0	0.05172723156877724	alt	1.156003160969309	0.0012603850556290824	0.05172723156877724	408
3	178846042	178846043	1.0	rs4498019	23	A	G	2	1.3153823863178435	-1.6036500502456117	0.0006574789711873622	1.0	0.045764682962400036	1.0	ref	1.3153823863178435	0.0006574789711873622	0.045764682962400036	408
3	187783291	187783292	1.0	rs9871350	25	C	T	3	0.9568558564157569	-0.8508196187106386	0.002939693518629132	0.9744132115521787	0.07259026917770393	1.0	ref	0.9568558564157569	0.002939693518629132	0.07259026917770393	408
3	189588658	189588659	1.0	rs3846098	21	G	A	3	-1.2178561391837848	1.055049516825565	0.9936398870227411	0.003136137514902638	1.0	0.08407841218304936	alt	1.055049516825565	0.003136137514902638	0.08407841218304936	408
3	190386513	190386514	1.0	rs6764454	39	A	G	3	-0.04557171905824711	1.0900428629623584	0.9251091805123041	0.0032566509335864215	1.0	0.08407841218304936	alt	1.0900428629623584	0.0032566509335864215	0.08407841218304936	408
3	194599063	194599064	1.0	rs9844312	28	G	C	1	1.6690193409325444	-1.960833987488534	0.0016504487912531443	1.0	0.05994034008327115	1.0	ref	1.6690193409325444	0.0016504487912531443	0.05994034008327115	408
3	194672488	194672489	1.0	rs898816	21	G	C	2	1.1454573848755314	-1.437452078279411	0.002123203175857953	1.0	0.06640634108392256	1.0	ref	1.1454573848755314	0.002123203175857953	0.06640634108392256	408
4	3955554	3955555	1.0	rs59680892	21	G	T	2	0.9928415417321008	-1.0875658588076913	0.006721509059667752	0.9884236492652397	0.0972442785538982	1.0	ref	0.9928415417321008	0.006721509059667752	0.0972442785538982	408
4	5365829	5365830	1.0	rs6850623	24	A	G	3	0.9355888659472344	-0.7593801731667731	0.002434518134179635	0.8568746152902136	0.06994022811193208	1.0	ref	0.9355888659472344	0.002434518134179635	0.06994022811193208	408
4	5748176	5748177	1.0	rs4688963	27	T	C	3	-0.8440917544223957	1.2518468695709521	0.9974403919905709	0.0002348192980941854	1.0	0.0205313742811916	alt	1.2518468695709521	0.0002348192980941854	0.0205313742811916	408
4	32859143	32859144	1.0	rs7436366	29	G	A	3	0.9211780358002737	-0.7493769750896558	0.0053696244133349105	0.9674677191380292	0.09308891978634919	1.0	ref	0.9211780358002737	0.0053696244133349105	0.09308891978634919	408
4	47531820	47531821	1.0	rs7674353	20	C	T	3	0.8078702173615966	-0.9472204089054976	0.006299937133208555	0.9789665300149938	0.0972442785538982	1.0	ref	0.8078702173615966	0.006299937133208555	0.0972442785538982	408
4	48332153	48332154	1.0	rs57233179	31	C	G	3	-0.7530419229045169	1.3447012796347035	0.9295849144690451	0.0001064092257430616	1.0	0.012154570015289797	alt	1.3447012796347035	0.0001064092257430616	0.012154570015289797	408
4	71290221	71290222	1.0	rs79027362	22	A	C	2	-1.306851196807231	1.1481589212170462	0.9960492236649516	0.0016218897512192997	1.0	0.05722140859126336	alt	1.1481589212170462	0.0016218897512192997	0.05722140859126336	408
4	108620446	108620447	1.0	rs3796936	24	T	A	2	1.3933848983191166	-1.6812566502311816	0.0003748959348949848	1.0	0.04188420694854525	1.0	ref	1.3933848983191166	0.0003748959348949848	0.04188420694854525	408
4	108620459	108620460	1.0	rs3796935	25	T	C	3	1.3296846367302977	-1.1182232230753697	7.194643438436384e-05	0.9458221651989049	0.02411404659115928	1.0	ref	1.3296846367302977	7.194643438436384e-05	0.02411404659115928	408
5	912437	912438	1.0	rs75044851	26	T	A	3	-0.9907443449330282	1.070530414975532	0.9903022156821732	0.0008195733951766688	1.0	0.04317341965827036	alt	1.070530414975532	0.0008195733951766688	0.04317341965827036	408
5	33321140	33321141	1.0	rs17638186	27	A	G	3	-0.9142469658488559	1.0575673459813089	0.9829555580035466	0.0009904055463784921	1.0	0.04552195801354237	alt	1.0575673459813089	0.0009904055463784921	0.04552195801354237	408
5	60334536	60334537	1.0	rs56247947	24	C	T	3	-1.306851196807231	1.3679437407881567	0.9752945703202516	2.0465850939307446e-05	1.0	0.00712073817344569	alt	1.3679437407881567	2.0465850939307446e-05	0.00712073817344569	408
5	76814391	76814392	1.0	rs6897362	34	G	A	3	1.0003652865076342	-0.5848977055397897	0.0033718024800396583	0.9415953907797386	0.07875168203477642	1.0	ref	1.0003652865076342	0.0033718024800396583	0.07875168203477642	408
5	78518701	78518702	1.0	rs11742387	24	G	A	3	1.1575785684100104	-0.6617917523680765	0.0007430109457970656	0.9769830281597601	0.045764682962400036	1.0	ref	1.1575785684100104	0.0007430109457970656	0.045764682962400036	408
5	81301543	81301544	1.0	rs2291942	21	T	C	3	-0.893698976665642	0.9400230921725128	0.9959410434947934	0.002679731511188178	1.0	0.0781005807101366	alt	0.9400230921725128	0.002679731511188178	0.0781005807101366	408
5	82421356	82421357	1.0	rs224938	24	C	T	3	1.2597291273158606	-0.39793998705602895	0.00042766735686137206	0.7004405996747904	0.0441307476676537	0.9384317428021343	ref	1.2597291273158606	0.00042766735686137206	0.0441307476676537	408
5	130126972	130126973	1.0	rs62393182	21	C	G	2	-1.2178561391837848	1.055049516825565	0.9936398870227411	0.003136137514902638	1.0	0.08407841218304936	alt	1.055049516825565	0.003136137514902638	0.08407841218304936	408
5	142280230	142280231	1.0	rs4537084	32	A	G	3	1.1573094390154588	-0.23143986925573024	0.002344238427792864	0.9592449717305496	0.0693274040925213	1.0	ref	1.1573094390154588	0.002344238427792864	0.0693274040925213	408
5	167643408	167643409	1.0	rs279399	24	T	C	3	-0.6328936384626287	1.03341433368026	0.8758803446971235	0.0015575746898237497	0.992524077105726	0.05678100181112294	alt	1.03341433368026	0.0015575746898237497	0.05678100181112294	408
5	172361629	172361630	1.0	rs2731709	26	C	T	3	-0.42612907542200207	1.4142986374498547	0.9847658537226601	0.00013881532704192816	1.0	0.013957881134065877	alt	1.4142986374498547	0.00013881532704192816	0.013957881134065877	408
5	172361720	172361721	1.0	rs2731710	26	T	C	3	-1.0590007722432127	1.2731282141327913	0.9798473058080924	9.626030556909069e-05	1.0	0.012098717156215088	alt	1.2731282141327913	9.626030556909069e-05	0.012098717156215088	408
6	2714509	2714510	1.0	rs6596896	27	T	C	3	1.3865594500735294	-1.5638495613298575	4.408615099285211e-05	0.9990342293641237	0.023837614331052984	1.0	ref	1.3865594500735294	4.408615099285211e-05	0.023837614331052984	408
6	16921544	16921545	1.0	rs6904876	21	C	T	2	-1.2178561391837848	1.0822455381186842	0.9673976835078496	0.0023627000796699847	1.0	0.07300546318904541	alt	1.0822455381186842	0.0023627000796699847	0.07300546318904541	408
6	19334154	19334155	1.0	rs10081157	22	T	C	2	-1.655121234816801	1.2878483595642871	1.0	0.0004563818443647291	1.0	0.03217704611239674	alt	1.2878483595642871	0.0004563818443647291	0.03217704611239674	408
6	56335168	56335169	1.0	rs6911570	21	T	C	3	-0.5192688103921568	1.0873118224655869	0.8146595199681526	0.001852728185445395	0.96674993799138	0.06314976916831677	alt	1.0873118224655869	0.001852728185445395	0.06314976916831677	408
6	83867752	83867753	1.0	rs6911374	34	G	A	3	1.0682260360865177	-0.5175207429480477	0.0016691492017221205	0.8377055289201965	0.05994034008327115	1.0	ref	1.0682260360865177	0.0016691492017221205	0.05994034008327115	408
6	139974220	139974221	1.0	rs1361248	27	A	G	2	-1.6994213613732398	1.540476343995807	0.999639938395745	7.499645523444674e-05	1.0	0.010772705105462313	alt	1.540476343995807	7.499645523444674e-05	0.010772705105462313	408
6	142693096	142693097	1.0	rs614081	23	G	A	3	0.9178629510748045	-0.7410478121702868	0.004250151191548281	0.9727289580756252	0.08392387548379879	1.0	ref	0.9178629510748045	0.004250151191548281	0.08392387548379879	408
6	151067992	151067993	1.0	rs12211869	25	G	T	3	0.8724904399019313	-0.6466773381325699	0.006379845397233216	0.9466894884950308	0.0972442785538982	1.0	ref	0.8724904399019313	0.006379845397233216	0.0972442785538982	408
6	158648846	158648847	1.0	rs2165450	27	G	A	3	1.2054957009492449	-0.34813743940292347	0.0028685731440226425	0.986303457217331	0.07259026917770393	1.0	ref	1.2054957009492449	0.0028685731440226425	0.07259026917770393	408
6	159790388	159790389	1.0	rs2273826	28	A	G	1	1.6690193409325444	-1.960833987488534	0.0016504487912531443	1.0	0.05994034008327115	1.0	ref	1.6690193409325444	0.0016504487912531443	0.05994034008327115	408
6	159790391	159790392	1.0	rs2273825	28	A	C	1	1.6690193409325444	-1.960833987488534	0.0016504487912531443	1.0	0.05994034008327115	1.0	ref	1.6690193409325444	0.0016504487912531443	0.05994034008327115	408
7	4725386	4725387	1.0	rs6973046	27	A	G	3	0.9237331095517541	-0.5852108910788033	0.0039695218462671685	0.8631440119050087	0.08145620849840077	1.0	ref	0.9237331095517541	0.0039695218462671685	0.08145620849840077	408
7	4745020	4745021	1.0	rs7784748	27	T	C	3	-1.6583920320367498	1.4417005136634857	0.9995455285493481	9.370285565678919e-06	1.0	0.004843473649808949	alt	1.4417005136634857	9.370285565678919e-06	0.004843473649808949	408
7	17774426	17774427	1.0	rs2537592	26	G	A	1	1.4078790410109447	-1.492196047364458	0.006558239833744543	0.9861599382265671	0.0972442785538982	1.0	ref	1.4078790410109447	0.006558239833744543	0.0972442785538982	408
7	17774460	17774461	1.0	rs1404418	23	A	T	3	-1.0290473756183118	1.2208595460421172	0.9440791984406587	0.00012445363659980383	1.0	0.013172434905379237	alt	1.2208595460421172	0.00012445363659980383	0.013172434905379237	408
7	22573216	22573217	1.0	rs916731	25	G	C	3	1.2114742866124937	-1.0696465036380378	0.0003403744103132924	0.9989488532903467	0.04070494426459879	1.0	ref	1.2114742866124937	0.0003403744103132924	0.04070494426459879	408
7	41887056	41887057	1.0	rs78235261	28	C	T	3	1.6377616787331721	0.6496447171269346	0.0006854044232318493	0.09913184474668375	0.045764682962400036	0.3797221710201543	ref	1.6377616787331721	0.0006854044232318493	0.045764682962400036	408
7	51009473	51009474	1.0	rs739824	24	T	C	3	0.970205990370808	-0.8038282345132186	0.0025939638314967507	0.9837628229958187	0.07049271979918872	1.0	ref	0.970205990370808	0.0025939638314967507	0.07049271979918872	408
7	130373796	130373797	1.0	rs1465370	26	G	T	3	1.1214368261516885	-0.0994568084735937	0.0034461203476182623	0.9698608759955932	0.07875168203477642	1.0	ref	1.1214368261516885	0.0034461203476182623	0.07875168203477642	408
7	130905780	130905781	1.0	rs205762	21	G	T	3	-1.165256036541578	0.8899009952356225	0.9919664830619759	0.004416514762565785	1.0	0.09550119556472896	alt	0.8899009952356225	0.004416514762565785	0.09550119556472896	408
7	138002302	138002303	1.0	rs2216805	30	T	G	3	1.0332881289563243	-0.872499184287115	0.001451499678506026	0.9892383724285599	0.05957073170358405	1.0	ref	1.0332881289563243	0.001451499678506026	0.05957073170358405	408
8	8600778	8600779	1.0	rs17154302	28	G	T	3	-0.5577563911418213	1.4728553544896248	0.9996422116138973	2.6655560039294963e-05	1.0	0.00712073817344569	alt	1.4728553544896248	2.6655560039294963e-05	0.00712073817344569	408
8	9075040	9075041	1.0	rs10105813	32	C	G	3	1.2409354376324726	0.14216130095909613	0.0021104770863813933	0.9603494061047142	0.06640634108392256	1.0	ref	1.2409354376324726	0.0021104770863813933	0.06640634108392256	408
8	17608803	17608804	1.0	rs11787347	30	T	C	3	-1.5653208867919237	1.5463123101960634	0.9998883048072523	4.207752184220558e-06	1.0	0.004230894821233772	alt	1.5463123101960634	4.207752184220558e-06	0.004230894821233772	408
8	17611095	17611096	1.0	rs17632963	32	A	G	3	1.1353331006555576	-0.7456953954997778	0.001016817713605264	0.9771365536464678	0.04987366883073624	1.0	ref	1.1353331006555576	0.001016817713605264	0.04987366883073624	408
8	22918452	22918453	1.0	rs77732594	36	G	A	3	-0.7470478632087104	1.4993562298746523	0.9987447213864253	2.481001704593418e-05	1.0	0.00712073817344569	alt	1.4993562298746523	2.481001704593418e-05	0.00712073817344569	408
8	36887708	36887709	1.0	rs76520096	25	T	C	2	-0.9770493297041631	1.0635675475307527	0.9693824050576727	0.004344365884597382	1.0	0.09550119556472896	alt	1.0635675475307527	0.004344365884597382	0.09550119556472896	408
8	38528315	38528316	1.0	rs12541812	27	C	T	3	-1.0299064104597715	1.0697925279631666	0.9924013495671924	0.0007569412130130501	1.0	0.04317341965827036	alt	1.0697925279631666	0.0007569412130130501	0.04317341965827036	408
8	62164811	62164812	1.0	rs2086713	22	A	G	3	0.8351734807884356	-0.8493316123366592	0.006597580740394929	0.9802799584078661	0.0972442785538982	1.0	ref	0.8351734807884356	0.006597580740394929	0.0972442785538982	408
8	66667441	66667442	1.0	rs2277129	38	C	G	3	-0.6976874869035001	0.9886957147896338	0.9529658890056761	0.002128615037030803	1.0	0.06904265870111201	alt	0.9886957147896338	0.002128615037030803	0.06904265870111201	408
8	95793087	95793088	1.0	rs533615209	24	A	G	3	1.141675281677828	-0.6166362412198086	0.0008122787271366419	0.995520802407761	0.045764682962400036	1.0	ref	1.141675281677828	0.0008122787271366419	0.045764682962400036	408
8	97835490	97835491	1.0	rs2512062	26	A	G	3	-0.7070845355485722	1.4187396273132347	0.8429837922330919	3.807702125040828e-05	0.9783805559136821	0.008508098859396783	alt	1.4187396273132347	3.807702125040828e-05	0.008508098859396783	408
8	117910267	117910268	1.0	rs7014561	24	T	C	3	1.0403140544331793	-1.0370643193831537	0.0011460809616362715	0.977821699919406	0.05239612035098902	1.0	ref	1.0403140544331793	0.0011460809616362715	0.05239612035098902	408
8	122318800	122318801	1.0	rs17321459	23	A	T	3	1.0124133826449406	-0.277060172433339	0.0035040599302309855	0.9858500138333086	0.07917600583926418	1.0	ref	1.0124133826449406	0.0035040599302309855	0.07917600583926418	408
8	124752118	124752119	1.0	rs6470269	29	A	G	3	-1.1063087283670066	1.1232561219271333	0.9865594625480884	0.0006481018093500202	1.0	0.04127665061536098	alt	1.1232561219271333	0.0006481018093500202	0.04127665061536098	408
8	127852084	127852085	1.0	rs9297769	21	A	G	3	0.898511523134969	-0.9833281554821387	0.0034444574097204834	0.9943670574483139	0.07875168203477642	1.0	ref	0.898511523134969	0.0034444574097204834	0.07875168203477642	408
8	130263913	130263914	1.0	rs1008819	37	G	A	3	0.9922775198044961	-0.36196736875919333	0.00504805241982122	0.910427005578702	0.08999306898801801	1.0	ref	0.9922775198044961	0.00504805241982122	0.08999306898801801	408
9	3875518	3875519	1.0	rs55928095	30	G	C	3	1.0623567853403384	-0.3617860856258388	0.0029153527739317936	0.9491864874188454	0.07259026917770393	1.0	ref	1.0623567853403384	0.0029153527739317936	0.07259026917770393	408
9	31185957	31185958	1.0	rs2225638	28	C	T	1	1.6690193409325444	-1.960833987488534	0.0016504487912531443	1.0	0.05994034008327115	1.0	ref	1.6690193409325444	0.0016504487912531443	0.05994034008327115	408
9	38681795	38681796	1.0	rs34756986	21	T	C	3	0.8434614986079492	-0.8059532589486781	0.005999489209088077	0.9874515772508059	0.0972442785538982	1.0	ref	0.8434614986079492	0.005999489209088077	0.0972442785538982	408
9	69131088	69131089	1.0	rs10114342	20	A	G	2	1.05234798048405	-1.3506002646414852	0.0038967427763480647	1.0	0.08135127153024607	1.0	ref	1.05234798048405	0.0038967427763480647	0.08135127153024607	408
9	70902995	70902996	1.0	rs115487434	28	C	T	3	1.1177502842806777	-0.0922129217970175	0.002701004278445899	0.9701185401547111	0.0705763021489439	1.0	ref	1.1177502842806777	0.002701004278445899	0.0705763021489439	408
9	89275151	89275152	1.0	rs34335022	22	G	A	3	0.9614860885105335	-0.8034586517249257	0.0038011524479045536	0.9944267686803088	0.08135127153024607	1.0	ref	0.9614860885105335	0.0038011524479045536	0.08135127153024607	408
9	97633643	97633644	1.0	rs28403589	21	G	A	2	0.9928415417321008	-1.0875658588076913	0.006721509059667752	0.9884236492652397	0.0972442785538982	1.0	ref	0.9928415417321008	0.006721509059667752	0.0972442785538982	408
9	98374587	98374588	1.0	rs648085	22	A	G	3	-0.7536234150551233	0.8974876535157216	0.9814890906277443	0.0035409783766555208	1.0	0.08791243846239817	alt	0.8974876535157216	0.0035409783766555208	0.08791243846239817	408
9	104093961	104093962	1.0	rs4742902	24	A	G	3	1.1946424903756192	-0.42214611710915306	0.00337910948772981	0.9701544519763622	0.07875168203477642	1.0	ref	1.1946424903756192	0.00337910948772981	0.07875168203477642	408
9	107707662	107707663	1.0	rs1880145	27	C	T	3	1.370546160464389	0.12116774473399605	0.0007567370753591582	0.9947364422782013	0.045764682962400036	1.0	ref	1.370546160464389	0.0007567370753591582	0.045764682962400036	408
9	112041892	112041893	1.0	rs3849117	35	G	A	3	1.0479566240875142	-0.2290101172688529	0.003900918723743134	0.9194903485176776	0.08135127153024607	1.0	ref	1.0479566240875142	0.003900918723743134	0.08135127153024607	408
9	112066051	112066052	1.0	rs10817260	21	C	T	2	-1.5253880738293017	1.156003160969309	1.0	0.0012603850556290824	1.0	0.05172723156877724	alt	1.156003160969309	0.0012603850556290824	0.05172723156877724	408
9	122402656	122402657	1.0	rs10513402	22	T	C	2	-1.306851196807231	1.2237488002763515	0.9752945703202516	0.0008574942619046199	1.0	0.04317341965827036	alt	1.2237488002763515	0.0008574942619046199	0.04317341965827036	408
9	124850119	124850120	1.0	rs12552010	24	C	T	3	-0.45877072777035016	1.030151527287926	0.9813487116167365	0.002882015557881871	1.0	0.08279618981286346	alt	1.030151527287926	0.002882015557881871	0.08279618981286346	408
9	133030669	133030670	1.0	rs650627	31	C	T	3	1.4221650368510557	-1.144456896315421	5.049167164895669e-05	0.9989072399544299	0.023837614331052984	1.0	ref	1.4221650368510557	5.049167164895669e-05	0.023837614331052984	408
