#chr	start	end	mean_bad	id	max_cover	ref	alt	n_reps	ref_comb_es	alt_comb_es	ref_comb_pval	alt_comb_pval	ref_fdr_comb_pval	alt_fdr_comb_pval	pref_allele	comb_es	comb_pval	fdr_comb_pval
chr1	1659219	1659220	1.0	rs9661500	25	A	G	3	-0.8534651346092599	1.0334374666725585	0.9864019841125029	0.0012911685558588699	1.0	0.09468569409631712	alt	1.0334374666725585	0.0012911685558588699	0.09468569409631712
chr1	17304382	17304383	1.0	rs2985375	26	C	T	3	1.2485908129948762	-0.9255781451329739	0.00017005622149201006	0.9045276333939717	0.03313104854373747	1.0	ref	1.2485908129948762	0.00017005622149201006	0.03313104854373747
chr1	58584625	58584626	1.0	rs3893156	25	G	A	2	-0.7218886960860749	1.2587569710540165	0.8430277222908262	0.001344425513557047	0.9473296765810647	0.09507008988724831	alt	1.2587569710540165	0.001344425513557047	0.09507008988724831
chr1	59674785	59674786	1.0	rs4512673	27	C	T	3	1.440288955858113	-1.4182222443973878	2.491273448068322e-05	0.9977757577943727	0.016442404757250926	1.0	ref	1.440288955858113	2.491273448068322e-05	0.016442404757250926
chr1	150293917	150293918	1.0	rs3818978	22	T	A	3	-1.0965982669950416	1.0294892647509877	0.9971834262186415	0.0007697258320245841	1.0	0.08021353407414088	alt	1.0294892647509877	0.0007697258320245841	0.08021353407414088
chr1	155244681	155244682	1.0	rs12034326	30	A	G	3	0.9398273783693145	-0.7552304531982519	0.002483876545841627	0.8561785525985437	0.09457837616858503	0.9923032242851327	ref	0.9398273783693145	0.002483876545841627	0.09457837616858503
chr1	156193903	156193904	1.0	rs2842879	30	G	T	3	1.0748645854670023	-0.7982208435426315	0.0011726466719657745	0.9862527193346479	0.06275244352681712	1.0	ref	1.0748645854670023	0.0011726466719657745	0.06275244352681712
chr1	156193926	156193927	1.0	rs2241111	26	T	C	3	1.2345414353657886	-0.7008284168205332	0.00046972927107671777	0.9979709608313826	0.044889943550033694	1.0	ref	1.2345414353657886	0.00046972927107671777	0.044889943550033694
chr1	181043092	181043093	1.0	rs12134601	23	A	G	3	1.200456902004051	0.01881412476434008	0.001498377200256726	0.43871389658182447	0.07607145785918763	0.7819922038502134	ref	1.200456902004051	0.001498377200256726	0.07607145785918763
chr1	235011921	235011922	1.0	rs28548819	31	C	G	3	1.2173140068717005	-0.5134979846197231	0.00047032985046302326	0.9964054636121578	0.044889943550033694	1.0	ref	1.2173140068717005	0.00047032985046302326	0.044889943550033694
chr1	235942609	235942610	1.0	rs1886654	31	T	C	3	-0.7759098437852496	1.3738389856296245	0.9976058320281161	7.23279780669578e-05	1.0	0.020027029383272856	alt	1.3738389856296245	7.23279780669578e-05	0.020027029383272856
chr10	113987982	113987983	1.0	rs10787510	30	A	G	3	-1.0250957979395892	1.1713638627936445	0.9971029760915813	0.0002592723445854799	1.0	0.039489172483019246	alt	1.1713638627936445	0.0002592723445854799	0.039489172483019246
chr11	268939	268940	1.0	rs17655663	21	T	C	2	1.1454573848755314	-1.437452078279411	0.002123203175857953	1.0	0.0904228455992132	1.0	ref	1.1454573848755314	0.002123203175857953	0.0904228455992132
chr11	62881569	62881570	1.0	rs2070870	23	T	C	3	0.9712032395127066	-0.9758192737984185	0.002205866491437075	0.9937312600901911	0.09064285400111491	1.0	ref	0.9712032395127066	0.002205866491437075	0.09064285400111491
chr11	69382543	69382544	1.0	rs72934221	28	A	C	2	-1.1698948197536865	1.2624056325236794	0.9892211930129762	0.0010527886449433414	1.0	0.08685506320782567	alt	1.2624056325236794	0.0010527886449433414	0.08685506320782567
chr11	71453074	71453075	1.0	rs11606631	21	C	A	3	-1.0264086815990465	1.00327031600917	0.9965541532373509	0.0010251311821297205	1.0	0.08685506320782567	alt	1.00327031600917	0.0010251311821297205	0.08685506320782567
chr12	68686835	68686836	1.0	rs12831591	26	A	G	3	1.0860101630219146	-0.8976634964637835	0.001121461838820269	0.9866131940012118	0.06275244352681712	1.0	ref	1.0860101630219146	0.001121461838820269	0.06275244352681712
chr12	121214473	121214474	1.0	rs930187	27	G	A	3	1.3145615796416177	-1.0031847451185438	0.00013554762873225546	0.9718338037531503	0.03313104854373747	1.0	ref	1.3145615796416177	0.00013554762873225546	0.03313104854373747
chr12	124914620	124914621	1.0	rs13624	37	T	C	3	1.4048071912178515	-0.19766030460919123	0.0011470994645662658	0.9740648406575257	0.06275244352681712	1.0	ref	1.4048071912178515	0.0011470994645662658	0.06275244352681712
chr15	40565040	40565041	1.0	rs3803353	28	G	A	3	1.230914853643827	-1.0815162032060042	0.0002832704270396037	0.9949633184374443	0.037391696369227685	1.0	ref	1.230914853643827	0.0002832704270396037	0.037391696369227685
chr15	49155814	49155815	1.0	rs17435932	25	C	A	3	-0.9770493297041631	1.1614079205376706	0.9180732251265366	0.000197591190189323	0.9828076111623659	0.032602546381238294	alt	1.1614079205376706	0.000197591190189323	0.032602546381238294
chr15	64163166	64163167	1.0	rs113066141	24	C	T	3	1.0785797944004516	-1.3090855554119771	0.0010567868040799477	1.0	0.06275244352681712	1.0	ref	1.0785797944004516	0.0010567868040799477	0.06275244352681712
chr15	64873236	64873237	1.0	rs2037517	21	C	T	3	1.0011336509004702	-1.0875658588076913	0.0012412133864220525	0.9537774268330048	0.06467375013462273	1.0	ref	1.0011336509004702	0.0012412133864220525	0.06467375013462273
chr16	2905890	2905891	1.0	rs4786349	34	C	A	3	1.6784707806363937	-1.7260206521637353	2.3198720375592308e-06	0.9999696494497404	0.0045933466343672765	1.0	ref	1.6784707806363937	2.3198720375592308e-06	0.0045933466343672765
chr16	50741833	50741834	1.0	rs751919	23	T	G	3	1.053850743859404	-0.7319719547217229	0.0016478358754250457	0.9949130298518275	0.07780687158764822	1.0	ref	1.053850743859404	0.0016478358754250457	0.07780687158764822
chr17	43361284	43361285	1.0	rs3809752	28	A	G	3	1.5508672150964773	-1.1182232230753697	1.0169081533396232e-05	0.9458221651989049	0.01006739071806227	1.0	ref	1.5508672150964773	1.0169081533396232e-05	0.01006739071806227
chr17	46194145	46194146	1.0	rs62060951	35	G	C	3	1.1825525271677073	-0.8975620227836438	0.00048592492918939393	0.9835275218547883	0.044889943550033694	1.0	ref	1.1825525271677073	0.00048592492918939393	0.044889943550033694
chr17	47970790	47970791	1.0	rs2525084	26	A	G	2	1.4078790410109447	-1.492196047364458	0.00042163950091879995	0.9985302071394204	0.044889943550033694	1.0	ref	1.4078790410109447	0.00042163950091879995	0.044889943550033694
chr17	81050152	81050153	1.0	rs58337218	30	C	T	3	-0.8282203021570467	1.461226704886733	0.9993229154592379	2.427920507240995e-05	1.0	0.01729043142903336	alt	1.461226704886733	2.427920507240995e-05	0.01729043142903336
chr19	4342849	4342850	1.0	rs3810367	36	T	G	3	1.2644048602602578	-0.8318220489383599	0.0002574887947971225	0.9920616496563324	0.0364162724070216	1.0	ref	1.2644048602602578	0.0002574887947971225	0.0364162724070216
chr19	4472100	4472101	1.0	rs11672696	39	C	T	2	1.7654672240752054	-0.7729013537894356	8.296297748441016e-05	0.872093752072688	0.03313104854373747	0.9933753496157547	ref	1.7654672240752054	8.296297748441016e-05	0.03313104854373747
chr19	4472104	4472105	1.0	rs10420720	40	C	G	2	1.7021019007228135	-0.6753083371946984	0.00016432540085960449	0.9983301214675308	0.03313104854373747	1.0	ref	1.7021019007228135	0.00016432540085960449	0.03313104854373747
chr19	4639426	4639427	1.0	rs116853087	25	C	T	3	1.1309564820383575	-0.7203943240852854	0.0009968038151665568	0.9964650005645835	0.0616772360634307	1.0	ref	1.1309564820383575	0.0009968038151665568	0.0616772360634307
chr19	6100421	6100422	1.0	rs10418205	23	A	G	2	1.3153823863178435	-1.6036500502456117	0.0006574789711873622	1.0	0.044889943550033694	1.0	ref	1.3153823863178435	0.0006574789711873622	0.044889943550033694
chr19	8444885	8444886	1.0	rs114729685	28	G	C	3	1.2588034626053468	-0.5023859141691245	0.0005626412867300322	0.9956221825041852	0.044889943550033694	1.0	ref	1.2588034626053468	0.0005626412867300322	0.044889943550033694
chr19	12441080	12441081	1.0	rs3745657	24	A	T	3	1.1042594894774833	-1.0370643193831537	0.0006534137188209539	0.977821699919406	0.044889943550033694	1.0	ref	1.1042594894774833	0.0006534137188209539	0.044889943550033694
chr19	16111514	16111515	1.0	rs62117903	27	G	C	3	1.2437427399188097	-1.077885699558514	0.0001840613807985415	0.99190321834775	0.03313104854373747	1.0	ref	1.2437427399188097	0.0001840613807985415	0.03313104854373747
chr19	18522625	18522626	1.0	rs7252130	25	G	A	3	1.296392670064014	-0.4919162187234458	0.0002554471739034716	0.7483160834844015	0.0364162724070216	0.9684090492151078	ref	1.296392670064014	0.0002554471739034716	0.0364162724070216
chr19	35702477	35702478	1.0	rs12461285	27	G	T	3	-1.1214428622277872	1.3680880293929614	0.9857775209877234	4.366270562887212e-05	1.0	0.01729043142903336	alt	1.3680880293929614	4.366270562887212e-05	0.01729043142903336
chr19	41327642	41327643	1.0	rs61459202	25	C	G	3	1.2543240266909574	-1.4182222443973878	0.0001530935297379309	0.9977757577943727	0.03313104854373747	1.0	ref	1.2543240266909574	0.0001530935297379309	0.03313104854373747
chr19	44401612	44401613	1.0	rs2722660	31	T	C	3	1.136127528322963	-0.9569019082864295	0.0007321017903448571	0.9865640664292414	0.04831871816276057	1.0	ref	1.136127528322963	0.0007321017903448571	0.04831871816276057
chr19	48203910	48203911	1.0	rs3745715	31	G	A	3	1.1545569915168186	-0.9138643547847811	0.0006404502847934414	0.9834136892349322	0.044889943550033694	1.0	ref	1.1545569915168186	0.0006404502847934414	0.044889943550033694
chr19	48255701	48255702	1.0	rs12984288	23	T	C	2	1.1734137873739212	-1.2594567407196018	0.0021464008803853637	0.9949420594610902	0.0904228455992132	1.0	ref	1.1734137873739212	0.0021464008803853637	0.0904228455992132
chr19	51751942	51751943	1.0	rs4802859	21	A	G	3	-1.2178561391837848	1.0237327637453193	0.9673976835078496	0.0006119648014928706	0.996590745757306	0.06731612816421577	alt	1.0237327637453193	0.0006119648014928706	0.06731612816421577
chr19	54189702	54189703	1.0	rs183716	30	G	C	3	1.040000818387169	-0.7050666868261102	0.0019785587438414846	0.9698881879505598	0.0904228455992132	1.0	ref	1.040000818387169	0.0019785587438414846	0.0904228455992132
chr19	54190016	54190017	1.0	rs36624	33	C	T	3	-0.6915035478342848	1.1151902788268813	0.9800729011417304	0.0008144838825492717	1.0	0.08063390437237788	alt	1.1151902788268813	0.0008144838825492717	0.08063390437237788
chr19	54375381	54375382	1.0	rs35191242	30	G	A	3	1.319592398163262	-1.2098484013962347	0.00011806340694360133	0.9974152421426646	0.03313104854373747	1.0	ref	1.319592398163262	0.00011806340694360133	0.03313104854373747
chr19	56507627	56507628	1.0	rs66522479	25	G	T	3	-0.47704269834541885	1.1107341228163035	0.9880804253254603	0.0011826835377879174	1.0	0.09366853619280306	alt	1.1107341228163035	0.0011826835377879174	0.09366853619280306
chr2	8303672	8303673	1.0	rs10178845	32	G	A	3	1.3419901088710344	-0.3630504693593664	0.00022258215260815415	0.9978830319562971	0.0364162724070216	1.0	ref	1.3419901088710344	0.00022258215260815415	0.0364162724070216
chr2	25878777	25878778	1.0	rs35427945	21	C	G	2	1.1454573848755314	-1.437452078279411	0.002123203175857953	1.0	0.0904228455992132	1.0	ref	1.1454573848755314	0.002123203175857953	0.0904228455992132
chr2	46698924	46698925	1.0	rs3814039	21	C	G	3	1.1005265121071939	-1.0875658588076913	0.0005359032625883549	0.9537774268330048	0.044889943550033694	1.0	ref	1.1005265121071939	0.0005359032625883549	0.044889943550033694
chr2	85501571	85501572	1.0	rs72844419	23	A	T	3	0.9478992164743517	-0.9707665161034449	0.0022511059638169557	0.9762919946152623	0.09064285400111491	1.0	ref	0.9478992164743517	0.0022511059638169557	0.09064285400111491
chr2	100733971	100733972	1.0	rs17024687	25	T	G	3	-1.0129099397972696	1.2807621165021261	0.9994110778776334	9.589993451250064e-05	1.0	0.02109798559275014	alt	1.2807621165021261	9.589993451250064e-05	0.02109798559275014
chr2	170928917	170928918	1.0	rs2195116	31	C	T	3	-1.392086828983007	1.553027739215112	0.9975606370922949	5.299741934682274e-06	1.0	0.010493489030670903	alt	1.553027739215112	5.299741934682274e-06	0.010493489030670903
chr2	234291989	234291990	1.0	rs62186795	27	T	C	2	-1.9974278988219956	1.6272082670266594	1.0	2.868566586805861e-05	1.0	0.01729043142903336	alt	1.6272082670266594	2.868566586805861e-05	0.01729043142903336
chr2	239223206	239223207	1.0	rs291330	25	G	A	3	-0.865134392649844	1.0486758651573478	0.9933885762166736	0.0008848052957963421	1.0	0.08281875144107256	alt	1.0486758651573478	0.0008848052957963421	0.08281875144107256
chr20	372072	372073	1.0	rs6051524	32	A	G	3	-1.083196363406308	1.2830660208165152	0.9958889113866211	0.00011937431178156348	1.0	0.023636113732749566	alt	1.2830660208165152	0.00011937431178156348	0.023636113732749566
chr20	4075290	4075291	1.0	rs4383403	35	G	C	3	1.0535668707057944	-0.7343099846206194	0.0016380537752143725	0.9587220576404707	0.07780687158764822	1.0	ref	1.0535668707057944	0.0016380537752143725	0.07780687158764822
chr20	50440996	50440997	1.0	rs1810501	31	T	C	3	1.3191141946500748	-0.6848451201510716	0.0004703555061194684	0.9953573252945163	0.044889943550033694	1.0	ref	1.3191141946500748	0.0004703555061194684	0.044889943550033694
chr20	52675457	52675458	1.0	rs4809915	23	A	G	3	-0.3754530895493596	1.1171266373014772	0.9948742711674704	0.0009202083493452507	1.0	0.08281875144107256	alt	1.1171266373014772	0.0009202083493452507	0.08281875144107256
chr20	62728390	62728391	1.0	rs2427421	29	G	A	3	-0.8691169864652	1.143463224375408	0.9872674645862974	0.0005320185960016556	1.0	0.06583730125520487	alt	1.143463224375408	0.0005320185960016556	0.06583730125520487
chr22	30591972	30591973	1.0	rs16988803	26	C	T	3	1.2225191149441064	-1.1958298230609397	0.0005890220698365218	0.956533552982542	0.044889943550033694	1.0	ref	1.2225191149441064	0.0005890220698365218	0.044889943550033694
chr22	37199445	37199446	1.0	rs1001810	37	G	A	3	1.201296647072375	-0.8924949873439356	0.0003876471979331166	0.9836375244918083	0.044889943550033694	1.0	ref	1.201296647072375	0.0003876471979331166	0.044889943550033694
chr22	42070900	42070901	1.0	rs133376	42	C	T	3	1.4300260979621235	-0.2662437615922729	0.00017315043286220735	0.9931562261506213	0.03313104854373747	1.0	ref	1.4300260979621235	0.00017315043286220735	0.03313104854373747
chr22	46762546	46762547	1.0	rs2295441	34	T	C	3	1.166018716759549	-0.9016265609583722	0.0005948895524814483	0.9828644646637451	0.044889943550033694	1.0	ref	1.166018716759549	0.0005948895524814483	0.044889943550033694
chr22	49960362	49960363	1.0	rs28424067	27	G	A	3	-0.5682311621769072	1.0770524079867578	0.9865262190527399	0.0012625208250124497	1.0	0.09468569409631712	alt	1.0770524079867578	0.0012625208250124497	0.09468569409631712
chr3	125916037	125916038	1.0	rs7632557	28	G	C	1	1.6690193409325444	-1.960833987488534	0.0016504487912531443	1.0	0.07780687158764822	1.0	ref	1.6690193409325444	0.0016504487912531443	0.07780687158764822
chr3	184134241	184134242	1.0	rs2256102	21	C	G	3	1.025559523789398	-1.3199880893565794	0.00097284836839786	1.0	0.0616772360634307	1.0	ref	1.025559523789398	0.00097284836839786	0.0616772360634307
chr3	196163806	196163807	1.0	rs62410504	30	T	G	3	1.1805675679317353	-0.5747691825825699	0.0010874588959206284	0.9787738454041721	0.06275244352681712	1.0	ref	1.1805675679317353	0.0010874588959206284	0.06275244352681712
chr6	41182852	41182853	1.0	rs9357347	28	A	C	3	1.1515184027453071	-0.9636715170051935	0.00064329240637322	0.9889863887628233	0.044889943550033694	1.0	ref	1.1515184027453071	0.00064329240637322	0.044889943550033694
chr6	41272167	41272168	1.0	rs4714448	26	A	G	3	-0.44981919534893927	1.213168372156503	0.995224997993653	0.0004482952987977339	1.0	0.059174979441300866	alt	1.213168372156503	0.0004482952987977339	0.059174979441300866
chr6	135497758	135497759	1.0	rs13197384	24	C	A	3	0.9355888659472344	-0.7593801731667731	0.002434518134179635	0.8568746152902136	0.09451658638579759	0.9923032242851327	ref	0.9355888659472344	0.002434518134179635	0.09451658638579759
chr7	36746462	36746463	1.0	rs1833208	24	A	G	3	-1.19790936856955	1.088876966286526	0.9981329159640866	0.00043809985931845847	1.0	0.059174979441300866	alt	1.088876966286526	0.00043809985931845847	0.059174979441300866
chr7	64313864	64313865	1.0	rs6967322	23	T	C	3	1.0424034359583447	-0.7982809698154733	0.0022889609596241137	0.996154236641595	0.09064285400111491	1.0	ref	1.0424034359583447	0.0022889609596241137	0.09064285400111491
chr7	104945312	104945313	1.0	rs2470945	33	C	A	3	-0.8681815291955695	1.1350375638924781	0.9816102311926551	0.000568136442494019	1.0	0.06617118565518575	alt	1.1350375638924781	0.000568136442494019	0.06617118565518575
chr8	102653989	102653990	1.0	rs117431243	22	A	T	3	1.0303355379640544	-0.32199121728113367	0.0021233745698768596	0.6539290465186778	0.0904228455992132	0.9244682467994102	ref	1.0303355379640544	0.0021233745698768596	0.0904228455992132
chr8	103415312	103415313	1.0	rs3134296	30	C	T	3	-1.2926938453155123	1.2885497238360688	0.9990440081434183	8.091729043746608e-05	1.0	0.020027029383272856	alt	1.2885497238360688	8.091729043746608e-05	0.020027029383272856
chr8	125505784	125505785	1.0	rs4604455	44	T	C	1	-2.118068061482684	2.1460297077227257	0.9994950699033005	6.130033324958826e-05	1.0	0.020027029383272856	alt	2.1460297077227257	6.130033324958826e-05	0.020027029383272856
chr8	143553437	143553438	1.0	rs896960	29	G	C	3	-0.8195747618824689	1.3315241547534653	0.9977439976382996	0.00013773730740197415	1.0	0.024792715332355348	alt	1.3315241547534653	0.00013773730740197415	0.024792715332355348
chr9	83708241	83708242	1.0	rs3814505	35	G	A	3	-0.5271901083074321	1.4118439644230838	0.9994289236628676	4.3495712350445974e-05	1.0	0.01729043142903336	alt	1.4118439644230838	4.3495712350445974e-05	0.01729043142903336
