#chr	start	end	mean_bad	id	max_cover	ref	alt	n_reps	ref_comb_es	alt_comb_es	ref_comb_pval	alt_comb_pval	ref_fdr_comb_pval	alt_fdr_comb_pval	pref_allele	comb_es	comb_pval	fdr_comb_pval	489
chr1	162899936	162899937	1.5	rs66632503	52	C	T	5	-1.143071265086399	1.6353776403432405	0.9999816104391216	1.850970525290336e-05	1.0	0.06381220885938434	alt	1.6353776403432405	1.850970525290336e-05	0.06381220885938434	489
chr11	110524482	110524483	1.5	rs12294479	45	C	T	4	1.560872262121803	-1.2662831525750406	9.148637193674561e-05	0.9576654286959104	0.0822780697178949	1.0	ref	1.560872262121803	9.148637193674561e-05	0.0822780697178949	489
chr12	12439856	12439857	1.25	rs10772566	48	G	A	2	2.2242144845270904	-2.473834701146341	5.814915583136427e-06	0.9999908012183091	0.024056305767435397	1.0	ref	2.2242144845270904	5.814915583136427e-06	0.024056305767435397	489
chr12	26275129	26275130	1.1666666666666667	rs7959150	43	A	G	3	-1.9442391882432073	1.678117879315463	0.9999073706787779	8.590759956433175e-06	1.0	0.05918359484812586	alt	1.678117879315463	8.590759956433175e-06	0.05918359484812586	489
chr12	26319784	26319785	1.1666666666666667	rs2129866	43	C	T	3	1.6886976012990398	-1.5174739915157884	2.696601738800376e-05	0.9534271392860868	0.04865909314856035	1.0	ref	1.6886976012990398	2.696601738800376e-05	0.04865909314856035	489
chr12	47190568	47190569	1.1666666666666667	rs10785667	37	A	G	3	-2.086234142396036	1.840268977028539	1.0	4.123718181002393e-06	1.0	0.05918359484812586	alt	1.840268977028539	4.123718181002393e-06	0.05918359484812586	489
chr12	55713986	55713987	1.25	rs7975919	50	G	A	2	2.1410112338420895	-2.058985281835085	1.3952118278681376e-05	0.9999736757817785	0.032066618510502694	1.0	ref	2.1410112338420895	1.3952118278681376e-05	0.032066618510502694	489
chr12	57693953	57693954	1.0833333333333333	rs4760168	64	T	G	6	1.2352678994315998	-0.6149926891004069	1.020518143064296e-05	0.9983479291212285	0.02918744491652468	1.0	ref	1.2352678994315998	1.020518143064296e-05	0.02918744491652468	489
chr12	82358779	82358780	1.25	rs113882703	39	T	G	2	1.8567769327882246	-2.3163689088845665	5.5270268734718266e-05	1.0	0.05962778998377553	1.0	ref	1.8567769327882246	5.5270268734718266e-05	0.05962778998377553	489
chr13	24148934	24148935	1.5	rs75557883	51	T	C	3	1.863883925915072	-2.460968370878868	5.765316894732949e-05	1.0	0.05962778998377553	1.0	ref	1.863883925915072	5.765316894732949e-05	0.05962778998377553	489
chr14	20343418	20343419	1.5	rs3093877	53	A	G	5	1.5456758136310877	-1.200040259974301	3.8022507838813986e-05	0.9999970070292734	0.056246231796759076	1.0	ref	1.5456758136310877	3.8022507838813986e-05	0.056246231796759076	489
chr17	43361258	43361259	1.5	rs60972473	72	C	T	6	-1.663632925708825	1.3073390627040824	0.9999984265949826	3.5536111616350995e-05	1.0	0.09696437657991927	alt	1.3073390627040824	3.5536111616350995e-05	0.09696437657991927	489
chr17	66275870	66275871	1.25	rs6504407	58	A	C	2	2.1513854752845973	-2.218387013799605	1.1288351913570097e-05	0.9999783567594188	0.02918744491652468	1.0	ref	2.1513854752845973	1.1288351913570097e-05	0.02918744491652468	489
chr17	78822701	78822702	1.125	rs7219360	51	T	C	4	1.4455784082353147	-0.8895283334255527	2.2169193388470328e-05	0.9991334241207612	0.04585697652405087	1.0	ref	1.4455784082353147	2.2169193388470328e-05	0.04585697652405087	489
chr17	78822716	78822717	1.0833333333333333	rs73407927	58	G	A	6	1.3319137361760651	-0.2822909156843564	8.095398586979671e-05	0.997760217602905	0.07611514535076112	1.0	ref	1.3319137361760651	8.095398586979671e-05	0.07611514535076112	489
chr17	80892149	80892150	1.0833333333333333	rs8064817	57	C	T	6	1.3725933949324274	-0.6886557346171152	7.327820225708737e-07	0.9875183412207381	0.005052532045626175	1.0	ref	1.3725933949324274	7.327820225708737e-07	0.005052532045626175	489
chr17	80892198	80892199	1.1	rs11868966	66	A	C	5	1.1956366122792188	-0.6958610881805436	4.35068749696952e-05	0.9960306165323435	0.056246231796759076	1.0	ref	1.1956366122792188	4.35068749696952e-05	0.056246231796759076	489
chr18	3817133	3817134	1.8333333333333333	rs12607903	54	C	T	3	1.8614804779352434	-0.8742897413066688	5.106385011943981e-05	0.9978191046999921	0.05962778998377553	1.0	ref	1.8614804779352434	5.106385011943981e-05	0.05962778998377553	489
chr19	1275987	1275988	1.1666666666666667	rs12979308	54	C	G	3	1.7829166605258675	-1.551534389686504	9.018650210068225e-06	0.9999147815572279	0.02918744491652468	1.0	ref	1.7829166605258675	9.018650210068225e-06	0.02918744491652468	489
chr19	2271741	2271742	1.1666666666666667	rs2074458	38	G	A	3	-1.719609710172481	1.568287437381172	0.9998362101568403	3.7501330076836075e-05	1.0	0.09696437657991927	alt	1.568287437381172	3.7501330076836075e-05	0.09696437657991927	489
chr19	4471962	4471963	1.0833333333333333	rs10416079	66	A	C	6	1.31731309509289	-0.7675137886644959	4.951170198534413e-07	0.9992721856672374	0.005052532045626175	1.0	ref	1.31731309509289	4.951170198534413e-07	0.005052532045626175	489
chr19	4471984	4471985	1.0833333333333333	rs10415282	67	C	T	6	1.568974775111609	-0.34362305566121226	1.972943332181831e-07	0.9999741324758354	0.004081033282618117	1.0	ref	1.568974775111609	1.972943332181831e-07	0.004081033282618117	489
chr19	6393887	6393888	1.1666666666666667	rs75818835	39	G	C	3	1.7333444871927077	-1.9069644775905807	2.822862546689505e-05	1.0	0.04865909314856035	1.0	ref	1.7333444871927077	2.822862546689505e-05	0.04865909314856035	489
chr19	35015717	35015718	1.25	rs2290648	39	G	T	2	-2.2413926588199633	1.993430051456731	0.9969441609448786	1.4297452264949333e-05	1.0	0.05918359484812586	alt	1.993430051456731	1.4297452264949333e-05	0.05918359484812586	489
chr2	46858866	46858867	1.5	rs8622	50	C	T	3	1.8698197307717634	-1.584821208950805	5.4021023167251866e-05	0.9804469412237687	0.05962778998377553	1.0	ref	1.8698197307717634	5.4021023167251866e-05	0.05962778998377553	489
chr21	32516958	32516959	1.5	rs9979270	64	G	A	3	-3.01043281922865	2.025661184669491	0.9999947184689674	6.818235620895566e-06	1.0	0.05918359484812586	alt	2.025661184669491	6.818235620895566e-06	0.05918359484812586	489
chr21	35559310	35559311	1.5	rs143401509	61	C	T	3	1.723024083724029	-2.50147472979387	4.2715245110431274e-05	0.9998228832661863	0.056246231796759076	1.0	ref	1.723024083724029	4.2715245110431274e-05	0.056246231796759076	489
chr3	125916512	125916513	1.5	rs9840926	57	G	C	2	2.203350543919973	-3.044811990992235	4.186765499526563e-05	1.0	0.056246231796759076	1.0	ref	2.203350543919973	4.186765499526563e-05	0.056246231796759076	489
chr4	2597568	2597569	1.125	rs76473886	49	A	G	4	-1.2682706506169183	1.3462625083395146	0.9977570626889419	1.4305920920504197e-05	1.0	0.05918359484812586	alt	1.3462625083395146	1.4305920920504197e-05	0.05918359484812586	489
chr6	159790388	159790389	1.5	rs2273826	63	A	G	5	1.401139825867447	-1.3899417279775936	7.875672960291175e-05	0.9999971605601206	0.07611514535076112	1.0	ref	1.401139825867447	7.875672960291175e-05	0.07611514535076112	489
chr6	159790391	159790392	1.5	rs2273825	63	A	C	5	1.797218817695315	-1.3808238021429224	3.94358353945507e-06	0.9999995570444945	0.020393256378407026	1.0	ref	1.797218817695315	3.94358353945507e-06	0.020393256378407026	489
