#chr	start	end	mean_bad	id	max_cover	ref	alt	n_reps	ref_comb_es	alt_comb_es	ref_comb_pval	alt_comb_pval	ref_fdr_comb_pval	alt_fdr_comb_pval	pref_allele	comb_es	comb_pval	fdr_comb_pval	1500
chr1	16645452	16645453	1.1	rs2209174	52	C	G	5	0.9254979244457873	-0.6291985735536427	0.00016691195520037586	0.9939105806128238	0.04966579030593002	1.0	ref	0.9254979244457873	0.00016691195520037586	0.04966579030593002	1500
chr1	86914302	86914303	1.1666666666666667	rs754001	53	T	C	3	1.1830533202712132	-1.078323376384615	6.474526272202947e-05	0.9965711173641025	0.029863766211886498	1.0	ref	1.1830533202712132	6.474526272202947e-05	0.029863766211886498	1500
chr1	86914312	86914313	1.1666666666666667	rs101028	54	G	T	3	1.398949996169284	0.13472991720609404	0.00011318296928203985	0.9963187003710973	0.03788508484626124	1.0	ref	1.398949996169284	0.00011318296928203985	0.03788508484626124	1500
chr1	93769101	93769102	1.5	rs12410367	45	G	A	1	1.849721387023675	-1.8657148113944797	0.00019738718617673832	1.0	0.05168583470037893	1.0	ref	1.849721387023675	0.00019738718617673832	0.05168583470037893	1500
chr1	153233574	153233575	1.0	rs16835086	40	T	A	1	-1.6926867694875858	1.8432473296186735	0.9986558912703793	7.620504934302917e-05	1.0	0.08314288404363411	alt	1.8432473296186735	7.620504934302917e-05	0.08314288404363411	1500
chr1	154427843	154427844	1.0	rs6687726	38	A	G	1	2.091096772056089	-2.1991157681565365	4.889268759657605e-06	0.9998450505556074	0.006096452498649256	1.0	ref	2.091096772056089	4.889268759657605e-06	0.006096452498649256	1500
chr1	161021084	161021085	1.0	rs28365980	27	T	C	1	1.6237343481213427	-1.8809939247098133	0.0004152148041094872	1.0	0.07555365760792189	1.0	ref	1.6237343481213427	0.0004152148041094872	0.07555365760792189	1500
chr1	166875884	166875885	1.0	rs6427038	43	C	G	1	1.7435865252669474	-1.5115975345011772	0.00015762689668300116	0.9968399705818637	0.04744207229476305	1.0	ref	1.7435865252669474	0.00015762689668300116	0.04744207229476305	1500
chr1	175089389	175089390	1.0	rs6659648	39	G	A	1	-2.376305935853666	2.1955385157304526	0.9999667037906083	1.1959708597763e-06	1.0	0.006263299392648482	alt	2.1955385157304526	1.1959708597763e-06	0.006263299392648482	1500
chr1	178023489	178023490	1.0	rs1340183	37	T	C	1	1.6088984154353483	-1.400239443851099	0.0006191573949999596	0.9910366263584937	0.09825840235196329	1.0	ref	1.6088984154353483	0.0006191573949999596	0.09825840235196329	1500
chr1	201983165	201983166	1.0	rs73074403	33	C	G	1	1.6999709575483686	-1.6481403736651514	0.0002931650128494557	0.9957279129385057	0.0656113321492564	1.0	ref	1.6999709575483686	0.0002931650128494557	0.0656113321492564	1500
chr1	202017889	202017890	1.0	rs1890773	43	C	T	1	2.3005501376850392	-2.4326271985414305	3.181996351811923e-07	0.99998063857501	0.001666411489443904	1.0	ref	2.3005501376850392	3.181996351811923e-07	0.001666411489443904	1500
chr1	202958378	202958379	1.0	rs7517286	49	C	T	1	1.5650900336785947	-1.2727462400207838	0.00042519399162987314	0.9938835082182895	0.07555365760792189	1.0	ref	1.5650900336785947	0.00042519399162987314	0.07555365760792189	1500
chr1	205549636	205549637	1.0	rs114126607	39	G	A	1	2.1354908914145425	-2.2485631286673833	2.848526651016803e-06	0.9998966125929571	0.004945077005541467	1.0	ref	2.1354908914145425	2.848526651016803e-06	0.004945077005541467	1500
chr1	205750403	205750404	1.0	rs823114	29	G	A	1	1.7492652302052014	-2.008570281077144	0.00014300797746524997	1.0	0.04457933202294727	1.0	ref	1.7492652302052014	0.00014300797746524997	0.04457933202294727	1500
chr1	206951584	206951585	1.0	rs11119894	51	G	T	1	1.6430925456798677	-1.3605473715675074	0.00019486993075692555	0.9967377813361372	0.051542112493637326	1.0	ref	1.6430925456798677	0.00019486993075692555	0.051542112493637326	1500
chr1	206951585	206951586	1.0	rs11119895	51	G	C	1	1.6430925456798677	-1.3605473715675074	0.00019486993075692555	0.9967377813361372	0.051542112493637326	1.0	ref	1.6430925456798677	0.00019486993075692555	0.051542112493637326	1500
chr1	209806172	209806173	1.0	rs12403006	39	T	A	3	1.6455548951530072	-0.4039553190467985	7.587054356565073e-05	0.9984321536027597	0.03153444735343753	1.0	ref	1.6455548951530072	7.587054356565073e-05	0.03153444735343753	1500
chr1	209806267	209806268	1.0	rs7545538	54	C	G	2	1.42737424454008	-0.29829659702938377	0.00028842622335145565	0.9923312079323167	0.0656113321492564	1.0	ref	1.42737424454008	0.00028842622335145565	0.0656113321492564	1500
chr1	211630380	211630381	1.0	rs11119778	44	T	C	2	1.5750416989747562	-0.4996333474130446	0.00023885762508587887	0.996042898542827	0.059218493812019435	1.0	ref	1.5750416989747562	0.00023885762508587887	0.059218493812019435	1500
chr1	212937213	212937214	1.0	rs2935211	37	T	G	1	2.1643027294840453	-2.4621501739903304	1.7183882808573227e-06	1.0	0.003461230548788384	1.0	ref	2.1643027294840453	1.7183882808573227e-06	0.003461230548788384	1500
chr1	218285208	218285209	1.0	rs946213	39	T	C	1	1.8567729555483852	-1.730474652567195	6.707444293465128e-05	0.998303925979058	0.029863766211886498	1.0	ref	1.8567729555483852	6.707444293465128e-05	0.029863766211886498	1500
chr1	225826514	225826515	1.0	rs3820233	33	C	T	1	1.6999709575483686	-1.6481403736651514	0.0002931650128494557	0.9957279129385057	0.0656113321492564	1.0	ref	1.6999709575483686	0.0002931650128494557	0.0656113321492564	1500
chr1	225826640	225826641	1.0	rs3753661	33	T	G	1	-2.065367934296664	1.9060318985354674	0.9995759569627434	3.3262074818531234e-05	1.0	0.05443546432020252	alt	1.9060318985354674	3.3262074818531234e-05	0.05443546432020252	1500
chr1	226046408	226046409	1.0	rs4653706	45	C	G	2	1.6611608041415644	-0.30893223640192047	0.0003420886907144846	0.9955154158404239	0.07148783424110035	1.0	ref	1.6611608041415644	0.0003420886907144846	0.07148783424110035	1500
chr1	229221558	229221559	1.0	rs10916450	34	T	C	1	2.022283724611617	-2.300342328403619	9.257409083958262e-06	1.0	0.008977972476423967	1.0	ref	2.022283724611617	9.257409083958262e-06	0.008977972476423967	1500
chr1	229221559	229221560	1.0	rs10916451	34	G	C	1	2.022283724611617	-2.300342328403619	9.257409083958262e-06	1.0	0.008977972476423967	1.0	ref	2.022283724611617	9.257409083958262e-06	0.008977972476423967	1500
chr1	234600108	234600109	1.0	rs111315083	42	T	G	2	1.334900424577993	-1.2710430339298977	0.00031210732423461626	0.9894336826800546	0.06867672508473467	1.0	ref	1.334900424577993	0.00031210732423461626	0.06867672508473467	1500
chr1	236140946	236140947	1.0	rs911270	35	A	T	1	2.071193325092564	-2.354196808367243	5.29726623353673e-06	1.0	0.006304950742052694	1.0	ref	2.071193325092564	5.29726623353673e-06	0.006304950742052694	1500
chr1	246801461	246801462	1.0	rs7519873	38	A	G	1	1.9537275497941509	-1.9231197305095908	2.488755870125925e-05	0.9992647042519665	0.01589465181932862	1.0	ref	1.9537275497941509	2.488755870125925e-05	0.01589465181932862	1500
chr10	63236488	63236489	1.0	rs77731585	46	C	T	1	1.7254814123817876	-1.4693399867207297	0.00014984750950551687	0.9970979009890653	0.046161847487081874	1.0	ref	1.7254814123817876	0.00014984750950551687	0.046161847487081874	1500
chr10	64102537	64102538	1.0	rs59369230	28	C	T	1	1.6878646855410584	-1.945277031373044	0.0002442466042275386	1.0	0.059218493812019435	1.0	ref	1.6878646855410584	0.0002442466042275386	0.059218493812019435	1500
chr10	75686021	75686022	1.0	rs2463954	31	G	A	1	1.7349529618308135	-1.8083101989567893	0.00019327128263359907	0.99786653825511	0.051542112493637326	1.0	ref	1.7349529618308135	0.00019327128263359907	0.051542112493637326	1500
chr10	86389622	86389623	1.0	rs77125591	32	G	A	1	-2.328402340130458	1.968602196509449	1.0	1.3939071600255457e-05	1.0	0.030416215821057427	alt	1.968602196509449	1.3939071600255457e-05	0.030416215821057427	1500
chr10	86711518	86711519	1.0	rs61857119	37	A	G	1	1.9064218350157947	-1.8687699811970009	4.1127270250735765e-05	0.9989187304004634	0.021784976155841265	1.0	ref	1.9064218350157947	4.1127270250735765e-05	0.021784976155841265	1500
chr10	113563574	113563575	1.0	rs11575642	31	A	C	1	1.7349529618308135	-1.8083101989567893	0.00019327128263359907	0.99786653825511	0.051542112493637326	1.0	ref	1.7349529618308135	0.00019327128263359907	0.051542112493637326	1500
chr11	18013044	18013045	1.25	rs3741202	46	G	C	2	1.4383446187886006	-1.1284526174444158	6.990374896940491e-05	0.9753717394289495	0.029863766211886498	1.0	ref	1.4383446187886006	6.990374896940491e-05	0.029863766211886498	1500
chr11	66268507	66268508	1.0	rs3814739	38	T	C	1	1.6595244885053164	-1.452345421848669	0.0004007718035490645	0.9933467541517144	0.07555365760792189	1.0	ref	1.6595244885053164	0.0004007718035490645	0.07555365760792189	1500
chr11	95292142	95292143	1.0	rs527284	29	C	T	1	1.7492652302052014	-2.008570281077144	0.00014300797746524997	1.0	0.04457933202294727	1.0	ref	1.7492652302052014	0.00014300797746524997	0.04457933202294727	1500
chr11	117799935	117799936	1.0	rs7125693	31	C	T	1	1.864742447625138	-2.1335672008353934	4.839701388644526e-05	1.0	0.024848545266991554	1.0	ref	1.864742447625138	4.839701388644526e-05	0.024848545266991554	1500
chr11	119107200	119107201	1.0	rs2509050	43	A	G	2	1.7598289595090912	0.05661493002605327	0.0003879301621272035	0.9915690946929756	0.07555365760792189	1.0	ref	1.7598289595090912	0.0003879301621272035	0.07555365760792189	1500
chr11	120541343	120541344	1.0	rs78566287	38	C	T	1	1.6595244885053164	-1.452345421848669	0.0004007718035490645	0.9933467541517144	0.07555365760792189	1.0	ref	1.6595244885053164	0.0004007718035490645	0.07555365760792189	1500
chr11	124075939	124075940	1.0	rs34260731	33	A	C	1	1.6999709575483686	-1.6481403736651514	0.0002931650128494557	0.9957279129385057	0.0656113321492564	1.0	ref	1.6999709575483686	0.0002931650128494557	0.0656113321492564	1500
chr11	128343130	128343131	1.0	rs871507	30	G	A	1	1.8081589192587697	-2.0713446047905832	8.336569402121654e-05	1.0	0.033583549199162385	1.0	ref	1.8081589192587697	8.336569402121654e-05	0.033583549199162385	1500
chr11	133064536	133064537	1.0	rs12361143	28	G	C	1	1.6878646855410584	-1.945277031373044	0.0002442466042275386	1.0	0.059218493812019435	1.0	ref	1.6878646855410584	0.0002442466042275386	0.059218493812019435	1500
chr12	47312933	47312934	1.0	rs214652	36	T	C	1	2.1184990398709203	-2.408546557679833	3.0216242921009537e-06	1.0	0.004945077005541467	1.0	ref	2.1184990398709203	3.0216242921009537e-06	0.004945077005541467	1500
chr12	52874431	52874432	1.0	rs2682314	52	G	A	2	1.2386943110300965	-1.1106991036540679	0.00038502925907593595	0.9887102886310308	0.07555365760792189	1.0	ref	1.2386943110300965	0.00038502925907593595	0.07555365760792189	1500
chr12	52874432	52874433	1.0	rs2638516	52	C	A	2	1.2386943110300965	-1.1106991036540679	0.00038502925907593595	0.9887102886310308	0.07555365760792189	1.0	ref	1.2386943110300965	0.00038502925907593595	0.07555365760792189	1500
chr12	52884596	52884597	1.0	rs9668186	55	C	A	1	-1.49493249548394	1.781835608204212	0.9992526211162056	4.647290997687204e-05	1.0	0.060100661777735605	alt	1.781835608204212	4.647290997687204e-05	0.060100661777735605	1500
chr12	58234053	58234054	1.0	rs2888284	32	C	A	1	1.7915364901971818	-1.8705327950015995	0.00011574591513083443	0.9985057004955062	0.03788508484626124	1.0	ref	1.7915364901971818	0.00011574591513083443	0.03788508484626124	1500
chr12	62763476	62763477	1.0	rs498359	38	G	T	1	2.2086968488424987	-2.511597534501177	9.744406690070056e-07	1.0	0.003189466114743555	1.0	ref	2.2086968488424987	9.744406690070056e-07	0.003189466114743555	1500
chr12	62763477	62763478	1.0	rs498988	38	C	T	1	2.2086968488424987	-2.511597534501177	9.744406690070056e-07	1.0	0.003189466114743555	1.0	ref	2.2086968488424987	9.744406690070056e-07	0.003189466114743555	1500
chr12	69333069	69333070	1.0	rs317688	30	T	C	1	1.6760592727772452	-1.74553587524335	0.0003211671190963815	0.9970063363383561	0.06893246732408811	1.0	ref	1.6760592727772452	0.0003211671190963815	0.06893246732408811	1500
chr12	71139286	71139287	1.0	rs77376607	55	A	T	1	2.3251054494347576	-2.192628016586002	1.2458518040491795e-07	0.9999889170516498	0.001087420982967592	1.0	ref	2.3251054494347576	1.2458518040491795e-07	0.001087420982967592	1500
chr12	111600323	111600324	1.0	rs192889816	41	C	T	1	1.6533887162953689	-1.4085465576798328	0.00037122609306005066	0.9937960575336293	0.07555365760792189	1.0	ref	1.6533887162953689	0.00037122609306005066	0.07555365760792189	1500
chr12	113185583	113185584	1.0	rs28365932	45	A	G	1	1.8284754228534603	-1.6068435104706649	6.5609394031945e-05	0.9984153579762615	0.029863766211886498	1.0	ref	1.8284754228534603	6.5609394031945e-05	0.029863766211886498	1500
chr12	124827848	124827849	1.0	rs73415457	43	C	T	1	-1.63934034168746	1.8408182080120556	0.9987672373758606	6.983218912129727e-05	1.0	0.07950242922352908	alt	1.8408182080120556	6.983218912129727e-05	0.07950242922352908	1500
chr13	45341345	45341346	1.0	rs12872310	33	A	C	1	1.8459842742195574	-1.92969548761047	6.900169713979595e-05	0.9989558553458853	0.029863766211886498	1.0	ref	1.8459842742195574	6.900169713979595e-05	0.029863766211886498	1500
chr15	29925371	29925372	1.0	rs7166018	39	G	A	1	1.8567729555483852	-1.730474652567195	6.707444293465128e-05	0.998303925979058	0.029863766211886498	1.0	ref	1.8567729555483852	6.707444293465128e-05	0.029863766211886498	1500
chr15	41660906	41660907	1.0	rs28444909	32	C	T	1	1.7915364901971818	-1.8705327950015995	0.00011574591513083443	0.9985057004955062	0.03788508484626124	1.0	ref	1.7915364901971818	0.00011574591513083443	0.03788508484626124	1500
chr15	42273389	42273390	1.0	rs2277533	50	C	A	1	-1.595201062059365	1.8561051895869936	0.9993030466704317	3.7604417526541845e-05	1.0	0.057921863113676364	alt	1.8561051895869936	3.7604417526541845e-05	0.057921863113676364	1500
chr15	49844585	49844586	1.0	rs7180532	44	T	A	1	2.208984605036226	-2.2102347772049824	1.128130565724574e-06	0.9999331203384036	0.00328223320705533	1.0	ref	2.208984605036226	1.128130565724574e-06	0.00328223320705533	1500
chr16	324616	324617	1.0	rs3848365	39	C	T	1	1.7084340889862633	-1.506199901812293	0.0002579864871394404	0.9951943947055475	0.061968991677574435	1.0	ref	1.7084340889862633	0.0002579864871394404	0.061968991677574435	1500
chr16	388351	388352	1.0	rs34626626	44	G	T	1	2.3390242854996743	-2.4760245889874435	1.826583941060823e-07	0.9999874875570003	0.0011957275124169413	1.0	ref	2.3390242854996743	1.826583941060823e-07	0.0011957275124169413	1500
chr16	4351486	4351487	1.0	rs9937854	43	A	G	2	1.2445501310676934	-0.9439377008639713	0.0004184400911668105	0.9906870007266847	0.07555365760792189	1.0	ref	1.2445501310676934	0.0004184400911668105	0.07555365760792189	1500
chr16	4625190	4625191	1.0	rs1825689	56	A	G	2	2.4875391458826663	0.02106397452588094	1.2174712915509856e-08	0.9999583871690122	0.0003187948576926256	1.0	ref	2.4875391458826663	1.2174712915509856e-08	0.0003187948576926256	1500
chr16	4625278	4625279	1.0	rs56268873	39	T	C	1	2.1354908914145425	-2.2485631286673833	2.848526651016803e-06	0.9998966125929571	0.004945077005541467	1.0	ref	2.1354908914145425	2.848526651016803e-06	0.004945077005541467	1500
chr16	12612831	12612832	1.0	rs11649101	34	G	C	1	1.8984516941136929	-1.985201944572255	4.095754745674947e-05	0.9992678023423401	0.021784976155841265	1.0	ref	1.8984516941136929	4.095754745674947e-05	0.021784976155841265	1500
chr16	21261269	21261270	1.0	rs14122	43	G	C	2	-2.054877246995754	2.1093070416474404	0.9998783820488432	4.058552635193965e-06	1.0	0.013284150094069247	alt	2.1093070416474404	4.058552635193965e-06	0.013284150094069247	1500
chr16	29613755	29613756	1.0	rs182116409	29	C	A	1	1.7492652302052014	-2.008570281077144	0.00014300797746524997	1.0	0.04457933202294727	1.0	ref	1.7492652302052014	0.00014300797746524997	0.04457933202294727	1500
chr16	30762283	30762284	1.0	rs3812999	50	G	T	3	-0.5476428651621142	1.2792600641151388	0.995162654730765	9.444732725096755e-05	1.0	0.09862923258691607	alt	1.2792600641151388	9.444732725096755e-05	0.09862923258691607	1500
chr16	50712634	50712635	1.0	rs4785225	31	C	G	1	1.7349529618308135	-1.8083101989567893	0.00019327128263359907	0.99786653825511	0.051542112493637326	1.0	ref	1.7349529618308135	0.00019327128263359907	0.051542112493637326	1500
chr16	56649978	56649979	1.0	rs7191779	38	C	G	1	2.091096772056089	-2.1991157681565365	4.889268759657605e-06	0.9998450505556074	0.006096452498649256	1.0	ref	2.091096772056089	4.889268759657605e-06	0.006096452498649256	1500
chr16	56649998	56649999	1.0	rs1875232	33	G	T	1	1.971657651541649	-2.248236350406049	1.612435202259716e-05	1.0	0.01259378801820471	1.0	ref	1.971657651541649	1.612435202259716e-05	0.01259378801820471	1500
chr16	57432689	57432690	1.0	rs1273578	37	C	A	1	-2.277649270208742	2.105340706758874	0.9999192107750531	3.6705585781662564e-06	1.0	0.013284150094069247	alt	2.105340706758874	3.6705585781662564e-06	0.013284150094069247	1500
chr18	49858589	49858590	1.0	rs570051	44	C	G	2	1.930826510322711	0.5347820696400655	2.6467646340903524e-05	0.9751153863271513	0.015956088072609804	1.0	ref	1.930826510322711	2.6467646340903524e-05	0.015956088072609804	1500
chr18	49858643	49858644	1.0	rs640179	35	G	A	1	1.6574641473249785	-1.514657988331626	0.00043208766147570353	0.9934864852623184	0.07555365760792189	1.0	ref	1.6574641473249785	0.00043208766147570353	0.07555365760792189	1500
chr18	74266330	74266331	1.0	rs76562069	32	G	A	1	1.7915364901971818	-1.8705327950015995	0.00011574591513083443	0.9985057004955062	0.03788508484626124	1.0	ref	1.7915364901971818	0.00011574591513083443	0.03788508484626124	1500
chr18	74542293	74542294	1.0	rs9949100	44	T	C	1	2.0725016466038224	-1.973185958161876	5.900378578761689e-06	0.9997446784801449	0.0064375588785364505	1.0	ref	2.0725016466038224	5.900378578761689e-06	0.0064375588785364505	1500
chr18	74542307	74542308	1.0	rs17817077	45	G	A	1	1.9714684948200567	-1.8032609567195639	1.6560909043056115e-05	0.9994393637851776	0.01259378801820471	1.0	ref	1.9714684948200567	1.6560909043056115e-05	0.01259378801820471	1500
chr19	10569055	10569056	1.125	rs58713728	49	A	C	4	1.381717398660948	-0.5368929324383324	4.186266712545491e-06	0.9995503980685256	0.005769336519368615	1.0	ref	1.381717398660948	4.186266712545491e-06	0.005769336519368615	1500
chr19	10569056	10569057	1.125	rs58573889	49	A	G	4	1.381717398660948	-0.5368929324383324	4.186266712545491e-06	0.9995503980685256	0.005769336519368615	1.0	ref	1.381717398660948	4.186266712545491e-06	0.005769336519368615	1500
chr19	21569338	21569339	1.0	rs73550345	25	C	T	2	1.3346396404294907	-1.1654751302126427	0.0002069166099582244	0.9681731679067684	0.05364466764114956	0.9995510941780835	ref	1.3346396404294907	0.0002069166099582244	0.05364466764114956	1500
chr19	58401420	58401421	1.0	rs35138622	38	C	A	2	1.5787763366890224	-0.6194602953316345	7.071046420228996e-05	0.9969051653609607	0.029863766211886498	1.0	ref	1.5787763366890224	7.071046420228996e-05	0.029863766211886498	1500
chr2	6220140	6220141	1.0	rs13421332	31	C	T	1	1.7349529618308135	-1.8083101989567893	0.00019327128263359907	0.99786653825511	0.051542112493637326	1.0	ref	1.7349529618308135	0.00019327128263359907	0.051542112493637326	1500
chr2	9843556	9843557	1.0	rs2303914	44	G	T	1	1.6405925147952747	-1.374094010751242	0.00034399339753212317	0.9944148832136825	0.07148783424110035	1.0	ref	1.6405925147952747	0.00034399339753212317	0.07148783424110035	1500
chr2	10774483	10774484	1.0	rs1734414	55	T	C	2	1.587525111965991	-1.0345433907131825	1.6833400062523002e-05	0.9994826298763188	0.01259378801820471	1.0	ref	1.587525111965991	1.6833400062523002e-05	0.01259378801820471	1500
chr2	10774490	10774491	1.0	rs1686454	56	G	A	2	1.4710839380334537	-1.2757737625422996	1.837333868628953e-05	0.9965070146240124	0.013364052041680315	1.0	ref	1.4710839380334537	1.837333868628953e-05	0.013364052041680315	1500
chr2	22934997	22934998	1.0	rs79980623	37	A	G	1	1.6088984154353483	-1.400239443851099	0.0006191573949999596	0.9910366263584937	0.09825840235196329	1.0	ref	1.6088984154353483	0.0006191573949999596	0.09825840235196329	1500
chr2	43844620	43844621	1.0	rs75365565	38	C	T	1	1.809467240770029	-1.676124903254605	0.00010765794686414571	0.9975532442031801	0.03788508484626124	1.0	ref	1.809467240770029	0.00010765794686414571	0.03788508484626124	1500
chr2	46698924	46698925	1.0	rs3814039	39	C	G	2	1.2507761897849767	-0.9843276521273854	0.000600234325921258	0.9895891222499982	0.0976219616412928	1.0	ref	1.2507761897849767	0.000600234325921258	0.0976219616412928	1500
chr2	100562878	100562879	1.0	rs2970988	29	A	G	3	1.4009582149391262	-0.6661299146653212	3.548552215852551e-05	0.9255545372148726	0.019769965908957243	0.9837092810395518	ref	1.4009582149391262	3.548552215852551e-05	0.019769965908957243	1500
chr2	100562879	100562880	1.0	rs2309848	29	G	A	3	1.4009582149391262	-0.6661299146653212	3.548552215852551e-05	0.9255545372148726	0.019769965908957243	0.9837092810395518	ref	1.4009582149391262	3.548552215852551e-05	0.019769965908957243	1500
chr2	105583286	105583287	1.0	rs6741618	33	A	G	1	1.8459842742195574	-1.92969548761047	6.900169713979595e-05	0.9989558553458853	0.029863766211886498	1.0	ref	1.8459842742195574	6.900169713979595e-05	0.029863766211886498	1500
chr2	121530830	121530831	1.0	rs72969386	34	C	G	1	1.7544187415707442	-1.7073030662740218	0.00018072082012663058	0.9969596018501854	0.05143668125017197	1.0	ref	1.7544187415707442	0.00018072082012663058	0.05143668125017197	1500
chr2	127003529	127003530	1.0	rs11684707	42	A	G	1	1.845937612736198	-1.6636006279462272	6.673770326316948e-05	0.9983340264787463	0.029863766211886498	1.0	ref	1.845937612736198	6.673770326316948e-05	0.029863766211886498	1500
chr2	137208734	137208735	1.0	rs6758417	38	A	C	1	-2.328701699968714	2.151144396371999	0.9999484291851254	2.098316499428096e-06	1.0	0.009157402922920782	alt	2.151144396371999	2.098316499428096e-06	0.009157402922920782	1500
chr2	150878640	150878641	1.0	rs6723323	27	G	A	1	1.6237343481213427	-1.8809939247098133	0.0004152148041094872	1.0	0.07555365760792189	1.0	ref	1.6237343481213427	0.0004152148041094872	0.07555365760792189	1500
chr2	168190773	168190774	1.0	rs10202854	37	C	T	1	1.7605576402890821	-1.6222704232909813	0.00017196783917117548	0.996547864972995	0.05059525695165427	1.0	ref	1.7605576402890821	0.00017196783917117548	0.05059525695165427	1500
chr2	170742285	170742286	1.0	rs58691943	27	A	G	1	1.6237343481213427	-1.8809939247098133	0.0004152148041094872	1.0	0.07555365760792189	1.0	ref	1.6237343481213427	0.0004152148041094872	0.07555365760792189	1500
chr2	172555610	172555611	1.0	rs180873766	50	A	G	1	-2.337264971429293	2.3723414474812348	0.9999941551498659	1.029338074486064e-07	1.0	0.0013476608740208792	alt	2.3723414474812348	1.029338074486064e-07	0.0013476608740208792	1500
chr2	215831592	215831593	1.0	rs10804244	38	G	A	1	1.6595244885053164	-1.452345421848669	0.0004007718035490645	0.9933467541517144	0.07555365760792189	1.0	ref	1.6595244885053164	0.0004007718035490645	0.07555365760792189	1500
chr2	226982215	226982216	1.0	rs7563644	39	A	G	1	-1.862611770929898	1.934220335089349	0.9993610125098735	3.0744360389639195e-05	1.0	0.053669405120180154	alt	1.934220335089349	3.0744360389639195e-05	0.053669405120180154	1500
chr2	231347318	231347319	1.0	rs7582626	32	G	A	1	1.7915364901971818	-1.8705327950015995	0.00011574591513083443	0.9985057004955062	0.03788508484626124	1.0	ref	1.7915364901971818	0.00011574591513083443	0.03788508484626124	1500
chr2	231514535	231514536	1.0	rs56726105	30	C	T	1	1.6760592727772452	-1.74553587524335	0.0003211671190963815	0.9970063363383561	0.06893246732408811	1.0	ref	1.6760592727772452	0.0003211671190963815	0.06893246732408811	1500
chr20	6489617	6489618	1.0	rs928202	46	A	G	1	-2.180163562780521	2.2279515381460593	0.9999652150548943	8.560358498074522e-07	1.0	0.006263299392648482	alt	2.2279515381460593	8.560358498074522e-07	0.006263299392648482	1500
chr20	17682532	17682533	1.0	rs57633693	32	G	A	2	-2.0082348111468944	1.6319318401137624	0.999371537128042	1.0253727897394547e-05	1.0	0.02648439869407231	alt	1.6319318401137624	1.0253727897394547e-05	0.02648439869407231	1500
chr20	17700163	17700164	1.0	rs2277867	35	G	A	1	1.6574641473249785	-1.514657988331626	0.00043208766147570353	0.9934864852623184	0.07555365760792189	1.0	ref	1.6574641473249785	0.00043208766147570353	0.07555365760792189	1500
chr20	20052722	20052723	1.0	rs7508949	41	C	G	1	1.8015434933777446	-1.6141532674353805	0.00010525337068800518	0.9976334540821794	0.03788508484626124	1.0	ref	1.8015434933777446	0.00010525337068800518	0.03788508484626124	1500
chr20	32182550	32182551	1.0	rs6121377	54	A	G	1	1.492441701745829	-1.2002386156473825	0.0004869280024094192	0.9938588991082067	0.08121152702605505	1.0	ref	1.492441701745829	0.0004869280024094192	0.08121152702605505	1500
chr20	44018191	44018192	1.0	rs6073282	33	C	G	1	1.971657651541649	-2.248236350406049	1.612435202259716e-05	1.0	0.01259378801820471	1.0	ref	1.971657651541649	1.612435202259716e-05	0.01259378801820471	1500
chr20	44018193	44018194	1.0	rs6073283	33	G	A	1	1.971657651541649	-2.248236350406049	1.612435202259716e-05	1.0	0.01259378801820471	1.0	ref	1.971657651541649	1.612435202259716e-05	0.01259378801820471	1500
chr20	44350803	44350804	1.0	rs11699154	39	G	A	1	-2.376305935853666	2.1955385157304526	0.9999667037906083	1.1959708597763e-06	1.0	0.006263299392648482	alt	2.1955385157304526	1.1959708597763e-06	0.006263299392648482	1500
chr20	44885561	44885562	1.0	rs6031847	59	C	T	2	1.166381109799432	-0.895267946574821	0.0004328068986514525	0.9897568558788741	0.07555365760792189	1.0	ref	1.166381109799432	0.0004328068986514525	0.07555365760792189	1500
chr20	47319702	47319703	1.0	rs3746481	32	A	T	2	1.6433874291820003	0.00920334893511048	0.00047307888397539395	0.9708524044725442	0.0794075036980493	1.0	ref	1.6433874291820003	0.00047307888397539395	0.0794075036980493	1500
chr20	49713492	49713493	1.0	rs12329570	37	G	C	1	1.6088984154353483	-1.400239443851099	0.0006191573949999596	0.9910366263584937	0.09825840235196329	1.0	ref	1.6088984154353483	0.0006191573949999596	0.09825840235196329	1500
chr20	49775556	49775557	1.0	rs6063428	37	C	T	1	2.1643027294840453	-2.4621501739903304	1.7183882808573227e-06	1.0	0.003461230548788384	1.0	ref	2.1643027294840453	1.7183882808573227e-06	0.003461230548788384	1500
chr20	51008792	51008793	1.0	rs4809818	34	A	G	1	1.7544187415707442	-1.7073030662740218	0.00018072082012663058	0.9969596018501854	0.05143668125017197	1.0	ref	1.7544187415707442	0.00018072082012663058	0.05143668125017197	1500
chr20	51008793	51008794	1.0	rs4809819	34	C	A	1	1.7544187415707442	-1.7073030662740218	0.00018072082012663058	0.9969596018501854	0.05143668125017197	1.0	ref	1.7544187415707442	0.00018072082012663058	0.05143668125017197	1500
chr20	57544992	57544993	1.0	rs4810082	41	C	T	1	1.8015434933777446	-1.6141532674353805	0.00010525337068800518	0.9976334540821794	0.03788508484626124	1.0	ref	1.8015434933777446	0.00010525337068800518	0.03788508484626124	1500
chr21	18723326	18723327	1.0	rs2825039	32	T	C	1	1.6433874291820003	-1.5859177776203413	0.00047307888397539395	0.9940150042274712	0.0794075036980493	1.0	ref	1.6433874291820003	0.00047307888397539395	0.0794075036980493	1500
chr22	23894204	23894205	1.0	rs755622	46	G	C	1	1.5819857020508339	-1.2975817618264305	0.0004705537344907049	0.9931763323263824	0.0794075036980493	1.0	ref	1.5819857020508339	0.0004705537344907049	0.0794075036980493	1500
chr22	24695427	24695428	1.0	rs6004240	43	C	T	1	1.5961983954368213	-1.3246466502403953	0.000517115307749266	0.992348980900251	0.08570040717350969	1.0	ref	1.5961983954368213	0.000517115307749266	0.08570040717350969	1500
chr22	26463498	26463499	1.0	rs5761541	49	G	T	1	1.5650900336785947	-1.2727462400207838	0.00042519399162987314	0.9938835082182895	0.07555365760792189	1.0	ref	1.5650900336785947	0.00042519399162987314	0.07555365760792189	1500
chr22	27306961	27306962	1.0	rs13058409	36	T	G	1	1.709931567219114	-1.5701644452934111	0.00027331217563011473	0.9952651448449481	0.06447458845832932	1.0	ref	1.709931567219114	0.00027331217563011473	0.06447458845832932	1500
chr22	34116133	34116134	1.0	rs5999208	31	A	G	1	1.7349529618308135	-1.8083101989567893	0.00019327128263359907	0.99786653825511	0.051542112493637326	1.0	ref	1.7349529618308135	0.00019327128263359907	0.051542112493637326	1500
chr22	38705613	38705614	1.0	rs2267393	53	G	C	2	1.7929093046208475	-1.1657150926358213	1.686264378907385e-06	0.999894656004439	0.003461230548788384	1.0	ref	1.7929093046208475	1.686264378907385e-06	0.003461230548788384	1500
chr22	38705627	38705628	1.0	rs2267394	59	T	C	2	2.184464233820587	-1.0553069173556768	5.171451935188879e-08	0.9999965329069826	0.000677072344614604	1.0	ref	2.184464233820587	5.171451935188879e-08	0.000677072344614604	1500
chr22	40728987	40728988	1.0	rs8136514	48	C	T	1	1.5244480491812489	-1.2283318872169349	0.0006232216237801503	0.9917796096279908	0.0983075796306219	1.0	ref	1.5244480491812489	0.0006232216237801503	0.0983075796306219	1500
chr22	40732891	40732892	1.0	rs8135325	30	C	T	1	1.8081589192587697	-2.0713446047905832	8.336569402121654e-05	1.0	0.033583549199162385	1.0	ref	1.8081589192587697	8.336569402121654e-05	0.033583549199162385	1500
chr22	42074603	42074604	1.0	rs133381	28	C	G	1	1.6878646855410584	-1.945277031373044	0.0002442466042275386	1.0	0.059218493812019435	1.0	ref	1.6878646855410584	0.0002442466042275386	0.059218493812019435	1500
chr3	129413909	129413910	1.0	rs9865316	50	A	C	1	-1.7622226200009186	1.9878127333747821	0.9997530519505153	1.045484685269587e-05	1.0	0.02648439869407231	alt	1.9878127333747821	1.045484685269587e-05	0.02648439869407231	1500
chr3	139491415	139491416	1.0	rs4683799	35	G	C	1	1.949077767183661	-2.037307922569825	2.421163798625706e-05	0.9994842170934127	0.01589465181932862	1.0	ref	1.949077767183661	2.421163798625706e-05	0.01589465181932862	1500
chr3	142086641	142086642	1.0	rs56116145	47	T	C	1	1.7661233968791334	-1.5137543395245787	9.816678788783575e-05	0.9979099503180452	0.03780143148298499	1.0	ref	1.7661233968791334	9.816678788783575e-05	0.03780143148298499	1500
chr3	142086642	142086643	1.0	rs55871523	47	G	A	1	1.7661233968791334	-1.5137543395245787	9.816678788783575e-05	0.9979099503180452	0.03780143148298499	1.0	ref	1.7661233968791334	9.816678788783575e-05	0.03780143148298499	1500
chr3	149473755	149473756	1.0	rs74420255	31	A	G	1	-1.9492614350952113	1.7950005861467235	0.9990767006759702	9.79324058529623e-05	1.0	0.09862923258691607	alt	1.7950005861467235	9.79324058529623e-05	0.09862923258691607	1500
chr3	158571032	158571033	1.0	rs16829118	37	C	A	1	2.045293082442964	-2.145512151846039	8.363735583214846e-06	0.9997645401402737	0.008760176649859229	1.0	ref	2.045293082442964	8.363735583214846e-06	0.008760176649859229	1500
chr3	172040277	172040278	1.0	rs68014738	35	C	G	1	1.949077767183661	-2.037307922569825	2.421163798625706e-05	0.9994842170934127	0.01589465181932862	1.0	ref	1.949077767183661	2.421163798625706e-05	0.01589465181932862	1500
chr3	186746317	186746318	1.0	rs6796803	44	T	C	1	2.0725016466038224	-1.973185958161876	5.900378578761689e-06	0.9997446784801449	0.0064375588785364505	1.0	ref	2.0725016466038224	5.900378578761689e-06	0.0064375588785364505	1500
chr3	193777724	193777725	1.0	rs9880995	40	C	T	1	-1.9136642006898699	1.980024024702474	0.9995766245365261	1.864046918228979e-05	1.0	0.03754620657986601	alt	1.980024024702474	1.864046918228979e-05	0.03754620657986601	1500
chr3	194583893	194583894	1.0	rs75411436	35	T	G	1	1.949077767183661	-2.037307922569825	2.421163798625706e-05	0.9994842170934127	0.01589465181932862	1.0	ref	1.949077767183661	2.421163798625706e-05	0.01589465181932862	1500
chr3	196528990	196528991	1.0	rs9854196	29	C	G	1	1.6146587281131022	-1.6822426255392502	0.0005309733419225698	0.9958692252587875	0.08689710598901557	1.0	ref	1.6146587281131022	0.0005309733419225698	0.08689710598901557	1500
chr4	108620459	108620460	1.1666666666666667	rs3796935	50	T	C	3	1.2622419849934055	-0.16223236144785363	0.00042855250889637807	0.9939862122390576	0.07555365760792189	1.0	ref	1.2622419849934055	0.00042855250889637807	0.07555365760792189	1500
chr5	595754	595755	1.0	rs4045344	41	G	T	1	1.9469707645199636	-1.8335256293885394	2.568539468673473e-05	0.9991992261522779	0.015956088072609804	1.0	ref	1.9469707645199636	2.568539468673473e-05	0.015956088072609804	1500
chr5	759373	759374	1.0	rs112751561	53	T	A	1	1.5845554116055869	-1.299774289198297	0.00026032419646871064	0.996173224987826	0.061968991677574435	1.0	ref	1.5845554116055869	0.00026032419646871064	0.061968991677574435	1500
chr5	31048711	31048712	1.0	rs66538534	32	G	C	1	1.7915364901971818	-1.8705327950015995	0.00011574591513083443	0.9985057004955062	0.03788508484626124	1.0	ref	1.7915364901971818	0.00011574591513083443	0.03788508484626124	1500
chr5	58460383	58460384	1.0	rs11546180	43	C	G	1	1.7435865252669474	-1.5115975345011772	0.00015762689668300116	0.9968399705818637	0.04744207229476305	1.0	ref	1.7435865252669474	0.00015762689668300116	0.04744207229476305	1500
chr5	58738455	58738456	1.0	rs293000	35	T	C	1	-2.173586432057416	2.009125391499571	0.9998103928121572	1.1125773749658027e-05	1.0	0.02648439869407231	alt	2.009125391499571	1.1125773749658027e-05	0.02648439869407231	1500
chr5	64666299	64666300	1.0	rs17388335	30	A	G	1	-2.212295840929005	1.857570884120705	1.0	4.349232363960706e-05	1.0	0.05993928918437425	alt	1.857570884120705	4.349232363960706e-05	0.05993928918437425	1500
chr5	64666349	64666350	1.0	rs1035491	27	A	G	1	1.6237343481213427	-1.8809939247098133	0.0004152148041094872	1.0	0.07555365760792189	1.0	ref	1.6237343481213427	0.0004152148041094872	0.07555365760792189	1500
chr5	64666350	64666351	1.0	rs1035490	27	C	A	1	1.6237343481213427	-1.8809939247098133	0.0004152148041094872	1.0	0.07555365760792189	1.0	ref	1.6237343481213427	0.0004152148041094872	0.07555365760792189	1500
chr5	76372732	76372733	1.0	rs75790111	32	C	T	1	1.9191902316475136	-2.192729893444264	2.7986796496761283e-05	1.0	0.016285205917059873	1.0	ref	1.9191902316475136	2.7986796496761283e-05	0.016285205917059873	1500
chr5	95710498	95710499	1.0	rs116602875	32	C	A	1	1.6433874291820003	-1.5859177776203413	0.00047307888397539395	0.9940150042274712	0.0794075036980493	1.0	ref	1.6433874291820003	0.00047307888397539395	0.0794075036980493	1500
chr5	98773676	98773677	1.0	rs2547972	48	G	A	1	2.0869457122399933	-1.937204209813589	3.961298125144187e-06	0.9998297861104015	0.005769336519368615	1.0	ref	2.0869457122399933	3.961298125144187e-06	0.005769336519368615	1500
chr5	98773684	98773685	1.0	rs2545732	45	T	C	1	2.247458752850861	-2.2536321676509954	6.656764891518696e-07	0.9999560793181145	0.0029051231447402843	1.0	ref	2.247458752850861	6.656764891518696e-07	0.0029051231447402843	1500
chr5	102100160	102100161	1.0	rs2126654	36	G	A	1	1.9979873676646078	-2.091162402533449	1.4256699655081538e-05	0.9996474351930578	0.01259378801820471	1.0	ref	1.9979873676646078	1.4256699655081538e-05	0.01259378801820471	1500
chr5	103569638	103569639	1.0	rs294053	38	C	A	1	-1.8109410567600257	1.8869146203109928	0.9990499416048546	5.0495113962580993e-05	1.0	0.060100661777735605	alt	1.8869146203109928	5.0495113962580993e-05	0.060100661777735605	1500
chr5	109485149	109485150	1.0	rs11748201	45	C	T	1	1.9714684948200567	-1.8032609567195639	1.6560909043056115e-05	0.9994393637851776	0.01259378801820471	1.0	ref	1.9714684948200567	1.6560909043056115e-05	0.01259378801820471	1500
chr5	112922210	112922211	1.0	rs153556	47	T	C	1	1.7661233968791334	-1.5137543395245787	9.816678788783575e-05	0.9979099503180452	0.03780143148298499	1.0	ref	1.7661233968791334	9.816678788783575e-05	0.03780143148298499	1500
chr5	122493472	122493473	1.0	rs6865644	37	C	T	1	1.6088984154353483	-1.400239443851099	0.0006191573949999596	0.9910366263584937	0.09825840235196329	1.0	ref	1.6088984154353483	0.0006191573949999596	0.09825840235196329	1500
chr6	73567195	73567196	1.0	rs35659919	25	G	A	2	1.3021653386332854	-1.4981250310007936	0.0002973963552952721	1.0	0.06599426748649745	1.0	ref	1.3021653386332854	0.0002973963552952721	0.06599426748649745	1500
chr6	159790388	159790389	1.0	rs2273826	30	A	G	3	1.3400780615725438	-0.57783402560711	6.209977907459697e-05	0.9376639770098311	0.029863766211886498	0.9898215970261477	ref	1.3400780615725438	6.209977907459697e-05	0.029863766211886498	1500
chr6	159790391	159790392	1.0	rs2273825	29	A	C	2	1.2761976088058105	-1.3955670975395713	0.00044185051410113594	0.9850864283854176	0.07662156100488904	1.0	ref	1.2761976088058105	0.00044185051410113594	0.07662156100488904	1500
chr7	408993	408994	1.0	rs36165304	28	A	G	1	1.6878646855410584	-1.945277031373044	0.0002442466042275386	1.0	0.059218493812019435	1.0	ref	1.6878646855410584	0.0002442466042275386	0.059218493812019435	1500
chr7	4745377	4745378	1.0	rs7797790	38	G	A	1	1.809467240770029	-1.676124903254605	0.00010765794686414571	0.9975532442031801	0.03788508484626124	1.0	ref	1.809467240770029	0.00010765794686414571	0.03788508484626124	1500
chr7	4745391	4745392	1.0	rs7798915	35	C	T	1	1.8068861614648797	-1.762809523235807	0.00011085086340704715	0.9978302487275665	0.03788508484626124	1.0	ref	1.8068861614648797	0.00011085086340704715	0.03788508484626124	1500
chr7	7182336	7182337	1.0	rs758263	47	T	G	1	1.908645771537444	-1.6956616043752244	2.6811834072745137e-05	0.9992178265081896	0.015956088072609804	1.0	ref	1.908645771537444	2.6811834072745137e-05	0.015956088072609804	1500
chr7	7566921	7566922	1.0	rs191849167	50	C	G	1	2.1590954979958283	-2.012739356708506	1.4985780485056932e-06	0.9999189380691741	0.003461230548788384	1.0	ref	2.1590954979958283	1.4985780485056932e-06	0.003461230548788384	1500
chr7	15555561	15555562	1.0	rs17329947	27	G	A	1	1.6237343481213427	-1.8809939247098133	0.0004152148041094872	1.0	0.07555365760792189	1.0	ref	1.6237343481213427	0.0004152148041094872	0.07555365760792189	1500
chr7	20330599	20330600	1.0	rs62456081	36	G	A	2	1.8575122345348478	-0.20768455835823374	6.767262072764746e-05	0.9955023758018359	0.029863766211886498	1.0	ref	1.8575122345348478	6.767262072764746e-05	0.029863766211886498	1500
chr7	28738420	28738421	1.0	rs73075777	31	T	G	2	1.3487867030291956	-1.523143453906902	0.00045588350392773453	0.9917578691377046	0.07853493125228768	1.0	ref	1.3487867030291956	0.00045588350392773453	0.07853493125228768	1500
chr7	29469348	29469349	1.0	rs79776490	39	A	G	1	-1.862611770929898	1.934220335089349	0.9993610125098735	3.0744360389639195e-05	1.0	0.053669405120180154	alt	1.934220335089349	3.0744360389639195e-05	0.053669405120180154	1500
chr7	31315102	31315103	1.0	rs9648375	30	T	C	1	-2.212295840929005	1.857570884120705	1.0	4.349232363960706e-05	1.0	0.05993928918437425	alt	1.857570884120705	4.349232363960706e-05	0.05993928918437425	1500
chr7	39535272	39535273	1.0	rs12111825	44	C	T	1	1.6405925147952747	-1.374094010751242	0.00034399339753212317	0.9944148832136825	0.07148783424110035	1.0	ref	1.6405925147952747	0.00034399339753212317	0.07148783424110035	1500
chr7	46154563	46154564	1.0	rs181506746	27	C	A	1	1.6237343481213427	-1.8809939247098133	0.0004152148041094872	1.0	0.07555365760792189	1.0	ref	1.6237343481213427	0.0004152148041094872	0.07555365760792189	1500
chr7	51606661	51606662	1.0	rs11975201	33	T	C	1	1.6999709575483686	-1.6481403736651514	0.0002931650128494557	0.9957279129385057	0.0656113321492564	1.0	ref	1.6999709575483686	0.0002931650128494557	0.0656113321492564	1500
chr7	143902137	143902138	1.5	rs3735382	57	C	G	1	1.6348398948662841	-1.4522620002369369	0.000338872753282007	0.9960055284257662	0.07148783424110035	1.0	ref	1.6348398948662841	0.000338872753282007	0.07148783424110035	1500
chr8	23336099	23336100	1.0	rs12541356	42	G	A	1	1.699192405908494	-1.4621501739903304	0.00024252834627534772	0.9955926515545546	0.059218493812019435	1.0	ref	1.699192405908494	0.00024252834627534772	0.059218493812019435	1500
chr8	27772634	27772635	1.0	rs7842666	38	G	A	1	-1.8109410567600257	1.8869146203109928	0.9990499416048546	5.0495113962580993e-05	1.0	0.060100661777735605	alt	1.8869146203109928	5.0495113962580993e-05	0.060100661777735605	1500
chr8	29513489	29513490	1.0	rs17462248	33	T	G	1	1.6999709575483686	-1.6481403736651514	0.0002931650128494557	0.9957279129385057	0.0656113321492564	1.0	ref	1.6999709575483686	0.0002931650128494557	0.0656113321492564	1500
chr8	30723066	30723067	1.0	rs2551697	35	G	A	1	1.6574641473249785	-1.514657988331626	0.00043208766147570353	0.9934864852623184	0.07555365760792189	1.0	ref	1.6574641473249785	0.00043208766147570353	0.07555365760792189	1500
chr8	33513238	33513239	1.0	rs2732288	45	G	A	3	1.8996749008694787	0.28721523598467513	0.00023866636816222915	0.9834699268853994	0.059218493812019435	1.0	ref	1.8996749008694787	0.00023866636816222915	0.059218493812019435	1500
chr8	37551452	37551453	1.0	rs7003482	39	C	T	1	1.999531239407276	-1.9767233468200884	1.4998786013371236e-05	0.9995072645527224	0.01259378801820471	1.0	ref	1.999531239407276	1.4998786013371236e-05	0.01259378801820471	1500
chr8	40051632	40051633	1.0	rs2929106	38	T	C	1	1.9537275497941509	-1.9231197305095908	2.488755870125925e-05	0.9992647042519665	0.01589465181932862	1.0	ref	1.9537275497941509	2.488755870125925e-05	0.01589465181932862	1500
chr8	40099944	40099945	1.0	rs72633023	27	T	C	1	1.6237343481213427	-1.8809939247098133	0.0004152148041094872	1.0	0.07555365760792189	1.0	ref	1.6237343481213427	0.0004152148041094872	0.07555365760792189	1500
chr8	40104447	40104448	1.0	rs72633041	47	T	C	1	1.6238058777454611	-1.343809104636871	0.00031641317193621346	0.9949900854491688	0.06893246732408811	1.0	ref	1.6238058777454611	0.00031641317193621346	0.06893246732408811	1500
chr8	73878926	73878927	1.0	rs34584592	35	G	C	2	1.5621439979663878	-1.762809523235807	0.00014288965047049595	0.9978302487275665	0.04457933202294727	1.0	ref	1.5621439979663878	0.00014288965047049595	0.04457933202294727	1500
chr8	93969563	93969564	1.0	rs11784805	29	G	C	1	1.6146587281131022	-1.6822426255392502	0.0005309733419225698	0.9958692252587875	0.08689710598901557	1.0	ref	1.6146587281131022	0.0005309733419225698	0.08689710598901557	1500
chr8	94719864	94719865	1.0	rs28583813	38	A	G	1	1.809467240770029	-1.676124903254605	0.00010765794686414571	0.9975532442031801	0.03788508484626124	1.0	ref	1.809467240770029	0.00010765794686414571	0.03788508484626124	1500
chr8	96293678	96293679	1.0	rs2319599	41	T	C	1	1.6533887162953689	-1.4085465576798328	0.00037122609306005066	0.9937960575336293	0.07555365760792189	1.0	ref	1.6533887162953689	0.00037122609306005066	0.07555365760792189	1500
chr8	116874890	116874891	1.0	rs6996153	40	T	C	1	1.9025766451615103	-1.7840782688776926	4.159819773886054e-05	0.9988412974410096	0.021784976155841265	1.0	ref	1.9025766451615103	4.159819773886054e-05	0.021784976155841265	1500
