#chr	start	end	mean_bad	id	max_cover	ref	alt	n_reps	ref_comb_es	alt_comb_es	ref_comb_pval	alt_comb_pval	ref_fdr_comb_pval	alt_fdr_comb_pval	pref_allele	comb_es	comb_pval	fdr_comb_pval	1616
chr1	16619938	16619939	1.25	rs367060	51	C	T	2	2.1453022628340537	-0.9656426561423688	2.0452059976638345e-06	0.9999701621968572	0.0025412820746527403	1.0	ref	2.1453022628340537	2.0452059976638345e-06	0.0025412820746527403	1616
chr1	16896252	16896253	1.3333333333333333	rs9325651	87	G	C	3	1.2254276535243376	-0.12763931908385062	0.0010623585629362764	0.9761763656520647	0.09596496352565419	1.0	ref	1.2254276535243376	0.0010623585629362764	0.09596496352565419	1616
chr1	38000110	38000111	1.0	rs114938274	29	C	G	1	1.6146587281131022	-1.6822426255392502	0.0005309733419225698	0.9958692252587875	0.06597638758577887	1.0	ref	1.6146587281131022	0.0005309733419225698	0.06597638758577887	1616
chr1	42846600	42846601	1.0	rs568268113	89	A	C	1	1.4657760641836326	-1.2283926216788306	2.2346844992460876e-05	0.9995538946950931	0.01230380628476328	1.0	ref	1.4657760641836326	2.2346844992460876e-05	0.01230380628476328	1616
chr1	42846601	42846602	1.0	rs537356474	89	G	C	1	1.4657760641836326	-1.2283926216788306	2.2346844992460876e-05	0.9995538946950931	0.01230380628476328	1.0	ref	1.4657760641836326	2.2346844992460876e-05	0.01230380628476328	1616
chr1	55277678	55277679	1.0	rs9787299	35	C	T	1	1.6574641473249785	-1.514657988331626	0.00043208766147570353	0.9934864852623184	0.06275371841925705	1.0	ref	1.6574641473249785	0.00043208766147570353	0.06275371841925705	1616
chr1	111406440	111406441	1.0	rs1264877	40	C	G	1	1.6060830015170127	-1.3541968083672429	0.0005651427722458571	0.9913910194065303	0.06945045738489473	1.0	ref	1.6060830015170127	0.0005651427722458571	0.06945045738489473	1616
chr1	151281559	151281560	1.25	rs11587537	49	T	A	2	1.440041559453868	-1.0804559056003769	6.479387946039794e-05	0.9981313040412939	0.020453592367494097	1.0	ref	1.440041559453868	6.479387946039794e-05	0.020453592367494097	1616
chr1	156054718	156054719	1.5	rs550693027	101	C	A	1	1.301110303833168	-0.8334649173719022	0.0001679167927565965	0.9840387805018852	0.03545615669256333	1.0	ref	1.301110303833168	0.0001679167927565965	0.03545615669256333	1616
chr1	165598096	165598097	1.0	rs4147146	25	G	A	1	1.486230824371408	-1.7424617604750776	0.001181815783374248	1.0	0.09857530440428139	1.0	ref	1.486230824371408	0.001181815783374248	0.09857530440428139	1616
chr1	165630908	165630909	1.5	rs4147592	66	G	A	2	1.4948611256301096	-0.6363000143383376	5.924042499599427e-05	0.9986004975086279	0.020453592367494097	1.0	ref	1.4948611256301096	5.924042499599427e-05	0.020453592367494097	1616
chr1	210292121	210292122	1.25	rs1338290	66	G	A	2	1.1478990037142918	-0.37861401235848313	0.0006656729809895176	0.9872852047638861	0.07885331023062432	1.0	ref	1.1478990037142918	0.0006656729809895176	0.07885331023062432	1616
chr1	227542751	227542752	1.0	rs7542685	27	C	A	1	1.6237343481213427	-1.8809939247098133	0.0004152148041094872	1.0	0.06274793451832966	1.0	ref	1.6237343481213427	0.0004152148041094872	0.06274793451832966	1616
chr1	237562426	237562427	1.0	rs722581	53	T	C	1	1.8520748654185786	-1.5977018574296622	2.6405378774418198e-05	0.999318424715405	0.01230380628476328	1.0	ref	1.8520748654185786	2.6405378774418198e-05	0.01230380628476328	1616
chr10	89564019	89564020	1.0	rs6586198	27	T	C	1	1.6237343481213427	-1.8809939247098133	0.0004152148041094872	1.0	0.06274793451832966	1.0	ref	1.6237343481213427	0.0004152148041094872	0.06274793451832966	1616
chr10	95693945	95693946	1.0	rs41291572	71	A	C	1	1.3722186747709966	-1.101038191812603	0.0002915815731230207	0.9961967676189963	0.05016548818822677	1.0	ref	1.3722186747709966	0.0002915815731230207	0.05016548818822677	1616
chr11	207399	207400	1.0	rs71487219	44	A	G	2	1.289394852346357	-0.31958999598750815	0.001038577068388034	0.97553188567896	0.09596496352565419	1.0	ref	1.289394852346357	0.001038577068388034	0.09596496352565419	1616
chr11	3423328	3423329	1.1666666666666667	rs3944146	35	G	A	3	1.3113612881200172	-0.9871639055045134	0.0001462278508020925	0.9991708625232878	0.032705321110396014	1.0	ref	1.3113612881200172	0.0001462278508020925	0.032705321110396014	1616
chr11	17276577	17276578	1.0	rs214088	58	C	G	1	1.3911495589402083	-1.0952015169004792	0.000747172379721825	0.9915002914280024	0.08079699576386898	1.0	ref	1.3911495589402083	0.000747172379721825	0.08079699576386898	1616
chr11	27280374	27280375	1.0	rs6484286	25	G	A	1	1.486230824371408	-1.7424617604750776	0.001181815783374248	1.0	0.09857530440428139	1.0	ref	1.486230824371408	0.001181815783374248	0.09857530440428139	1616
chr11	34916567	34916568	1.0	rs2956110	91	C	A	2	1.059664786688838	0.018476238291834722	0.00082300896293313	0.9819573210901811	0.0844376993805614	1.0	ref	1.059664786688838	0.00082300896293313	0.0844376993805614	1616
chr11	57712259	57712260	1.0	rs1424751	64	G	C	1	1.5881864059997621	-1.3088999249807722	8.682635328627121e-05	0.9984761397824373	0.024274477720009274	1.0	ref	1.5881864059997621	8.682635328627121e-05	0.024274477720009274	1616
chr11	61922710	61922711	1.0	rs2727258	47	G	A	1	1.6238058777454611	-1.343809104636871	0.00031641317193621346	0.9949900854491688	0.052052346273258464	1.0	ref	1.6238058777454611	0.00031641317193621346	0.052052346273258464	1616
chr11	71787301	71787302	1.0	rs12787265	34	C	G	1	1.7544187415707442	-1.7073030662740218	0.00018072082012663058	0.9969596018501854	0.03545615669256333	1.0	ref	1.7544187415707442	0.00018072082012663058	0.03545615669256333	1616
chr11	71787307	71787308	1.0	rs12793051	34	T	A	1	2.022283724611617	-2.300342328403619	9.257409083958262e-06	1.0	0.007963508137377326	1.0	ref	2.022283724611617	9.257409083958262e-06	0.007963508137377326	1616
chr11	108664909	108664910	1.25	rs61915779	64	C	T	2	1.6863835253941424	-0.4381487755780082	8.038215081933196e-05	0.998701212686079	0.02304906647724588	1.0	ref	1.6863835253941424	8.038215081933196e-05	0.02304906647724588	1616
chr11	112074176	112074177	1.0	rs2303437	25	C	T	1	1.486230824371408	-1.7424617604750776	0.001181815783374248	1.0	0.09857530440428139	1.0	ref	1.486230824371408	0.001181815783374248	0.09857530440428139	1616
chr11	128522599	128522600	1.0	rs2269458	28	A	T	2	1.5205209285633128	0.06760929478070565	0.0010640843670912206	0.426077879538037	0.09596496352565419	0.824872168623552	ref	1.5205209285633128	0.0010640843670912206	0.09596496352565419	1616
chr11	130817756	130817757	1.0	rs4429065	43	C	G	1	-1.63934034168746	1.8408182080120556	0.9987672373758606	6.983218912129727e-05	1.0	0.09956164496851613	alt	1.8408182080120556	6.983218912129727e-05	0.09956164496851613	1616
chr13	25287438	25287439	1.0	rs3809335	26	A	G	1	1.556620152262806	-1.81333544497747	0.0007023631008980094	1.0	0.07885331023062432	1.0	ref	1.556620152262806	0.0007023631008980094	0.07885331023062432	1616
chr13	33543009	33543010	1.0	rs7329675	44	G	T	1	1.6405925147952747	-1.374094010751242	0.00034399339753212317	0.9944148832136825	0.05495540235145333	1.0	ref	1.6405925147952747	0.00034399339753212317	0.05495540235145333	1616
chr13	105443088	105443089	1.0	rs9558552	32	G	A	1	1.6433874291820003	-1.5859177776203413	0.00047307888397539395	0.9940150042274712	0.06282086649764171	1.0	ref	1.6433874291820003	0.00047307888397539395	0.06282086649764171	1616
chr13	110706140	110706141	1.0	rs3818496	63	G	A	2	1.1424710019167712	-0.6148733466893002	0.0006047469319489162	0.9845380078820604	0.07350961891287751	1.0	ref	1.1424710019167712	0.0006047469319489162	0.07350961891287751	1616
chr13	111153692	111153693	1.0	rs9555774	27	T	G	1	1.6237343481213427	-1.8809939247098133	0.0004152148041094872	1.0	0.06274793451832966	1.0	ref	1.6237343481213427	0.0004152148041094872	0.06274793451832966	1616
chr14	22473158	22473159	1.0	rs2293732	25	A	C	1	1.486230824371408	-1.7424617604750776	0.001181815783374248	1.0	0.09857530440428139	1.0	ref	1.486230824371408	0.001181815783374248	0.09857530440428139	1616
chr14	52730021	52730022	1.25	rs2065051	70	A	C	2	1.3839851711698965	-0.7205503822746726	5.411112103413329e-05	0.9983793140532208	0.02017082221749042	1.0	ref	1.3839851711698965	5.411112103413329e-05	0.02017082221749042	1616
chr14	63204209	63204210	1.0	rs17100852	57	G	C	1	1.3555256492094871	-1.0586049631006125	0.0010516812276988373	0.9890460472976256	0.09596496352565419	1.0	ref	1.3555256492094871	0.0010516812276988373	0.09596496352565419	1616
chr14	63204219	63204220	1.0	rs74058900	63	A	C	1	1.3341009682019127	-1.0441660650809377	0.0007699172676573665	0.9914281477331337	0.08079699576386898	1.0	ref	1.3341009682019127	0.0007699172676573665	0.08079699576386898	1616
chr14	68814730	68814731	1.0	rs72731565	59	G	A	1	-1.3741793143870202	1.6758271237682991	0.998868491281442	7.923347778175767e-05	1.0	0.09956164496851613	alt	1.6758271237682991	7.923347778175767e-05	0.09956164496851613	1616
chr14	71753353	71753354	1.0	rs11624769	53	G	T	1	1.8520748654185786	-1.5977018574296622	2.6405378774418198e-05	0.999318424715405	0.01230380628476328	1.0	ref	1.8520748654185786	2.6405378774418198e-05	0.01230380628476328	1616
chr14	93860301	93860302	1.0	rs58516863	26	G	A	1	1.556620152262806	-1.81333544497747	0.0007023631008980094	1.0	0.07885331023062432	1.0	ref	1.556620152262806	0.0007023631008980094	0.07885331023062432	1616
chr15	26082222	26082223	1.0	rs8043373	30	A	G	2	1.2630295236112288	-1.0505116663259488	0.000488725009999244	0.9906933459432447	0.06282086649764171	1.0	ref	1.2630295236112288	0.000488725009999244	0.06282086649764171	1616
chr15	26082227	26082228	1.0	rs8042751	29	C	T	2	1.258791471834418	-0.5640843894419092	0.0011444713413263268	0.9816195034457675	0.09857530440428139	1.0	ref	1.258791471834418	0.0011444713413263268	0.09857530440428139	1616
chr15	60507990	60507991	1.0	rs183566992	35	G	A	1	1.6574641473249785	-1.514657988331626	0.00043208766147570353	0.9934864852623184	0.06275371841925705	1.0	ref	1.6574641473249785	0.00043208766147570353	0.06275371841925705	1616
chr15	65296074	65296075	1.0	rs149250021	32	C	T	1	1.9191902316475136	-2.192729893444264	2.7986796496761283e-05	1.0	0.012519053808931258	1.0	ref	1.9191902316475136	2.7986796496761283e-05	0.012519053808931258	1616
chr15	75738651	75738652	1.0	rs12904654	50	A	G	1	1.4690781941856503	-1.1658310361042719	0.0008005894705886778	0.9902511011652332	0.08289807453327022	1.0	ref	1.4690781941856503	0.0008005894705886778	0.08289807453327022	1616
chr15	90954896	90954897	1.3333333333333333	rs867468	60	G	A	3	1.1482137548230225	-0.607133096524792	0.00017076410247607925	0.9918999288873455	0.03545615669256333	1.0	ref	1.1482137548230225	0.00017076410247607925	0.03545615669256333	1616
chr15	90954899	90954900	1.3333333333333333	rs2001216	60	T	C	3	1.0963827626507099	-0.725799305787959	0.0002236440090258883	0.98938315375662	0.041683515882275146	1.0	ref	1.0963827626507099	0.0002236440090258883	0.041683515882275146	1616
chr17	3911531	3911532	1.0	rs9898098	30	C	A	1	1.6760592727772452	-1.74553587524335	0.0003211671190963815	0.9970063363383561	0.052052346273258464	1.0	ref	1.6760592727772452	0.0003211671190963815	0.052052346273258464	1616
chr17	10128324	10128325	1.0	rs9914258	33	C	T	1	1.5464328349362346	-1.3932726996779454	0.0010617399405815273	0.9876692893850849	0.09596496352565419	1.0	ref	1.5464328349362346	0.0010617399405815273	0.09596496352565419	1616
chr17	21043244	21043245	1.0	rs71371043	126	G	C	2	1.3902888099128208	0.08157961109446636	9.420322658142503e-05	0.9972528540392364	0.025519916977099644	1.0	ref	1.3902888099128208	9.420322658142503e-05	0.025519916977099644	1616
chr18	50879118	50879119	1.0	rs1510394	58	T	A	1	1.8870181285659573	-1.6279554318582812	1.0987226785485397e-05	0.9996790142489992	0.008191343809472213	1.0	ref	1.8870181285659573	1.0987226785485397e-05	0.008191343809472213	1616
chr18	56037091	56037092	1.0	rs1424410	29	C	A	1	1.7492652302052014	-2.008570281077144	0.00014300797746524997	1.0	0.03263792269375286	1.0	ref	1.7492652302052014	0.00014300797746524997	0.03263792269375286	1616
chr19	2900828	2900829	1.5	rs35520749	84	G	C	1	1.3752055866949755	-0.35953551762960867	0.0004999603968783075	0.8083490922838443	0.06282086649764171	0.9354809984605518	ref	1.3752055866949755	0.0004999603968783075	0.06282086649764171	1616
chr19	4788134	4788135	1.0	rs57826811	33	G	A	1	1.5464328349362346	-1.3932726996779454	0.0010617399405815273	0.9876692893850849	0.09596496352565419	1.0	ref	1.5464328349362346	0.0010617399405815273	0.09596496352565419	1616
chr19	11739025	11739026	1.3333333333333333	rs7507492	104	C	A	3	0.982733166897763	-0.33117093267517167	3.087630149347695e-05	0.9952382818580328	0.01278850665190936	1.0	ref	0.982733166897763	3.087630149347695e-05	0.01278850665190936	1616
chr19	11739037	11739038	1.3333333333333333	rs12462188	85	T	G	3	0.970920837688606	-0.3376752923836318	0.00019309066346956115	0.9912969874201362	0.036633097520195564	1.0	ref	0.970920837688606	0.00019309066346956115	0.036633097520195564	1616
chr19	12775638	12775639	1.0	rs57524243	79	T	C	1	1.1347231426951483	-0.8789450956441334	0.0012066332519805904	0.9886681490373916	0.09857530440428139	1.0	ref	1.1347231426951483	0.0012066332519805904	0.09857530440428139	1616
chr19	15379589	15379590	1.0	rs144075571	36	G	C	1	1.709931567219114	-1.5701644452934111	0.00027331217563011473	0.9952651448449481	0.048515080318596394	1.0	ref	1.709931567219114	0.00027331217563011473	0.048515080318596394	1616
chr19	32581162	32581163	1.0	rs10402931	54	G	A	1	1.3663569892024747	-1.0609870897085996	0.0012252496925865253	0.9871152623208136	0.09857530440428139	1.0	ref	1.3663569892024747	0.0012252496925865253	0.09857530440428139	1616
chr19	36973404	36973405	1.0	rs1644647	45	G	A	1	1.8284754228534603	-1.6068435104706649	6.5609394031945e-05	0.9984153579762615	0.020453592367494097	1.0	ref	1.8284754228534603	6.5609394031945e-05	0.020453592367494097	1616
chr19	49199062	49199063	1.0	rs34639121	37	G	C	1	1.6088984154353483	-1.400239443851099	0.0006191573949999596	0.9910366263584937	0.07445201234714567	1.0	ref	1.6088984154353483	0.0006191573949999596	0.07445201234714567	1616
chr19	50804967	50804968	1.0	rs7258582	99	A	T	1	1.3707340841663944	-1.1384871509419217	2.5736811681149335e-05	0.9994505886309167	0.01230380628476328	1.0	ref	1.3707340841663944	2.5736811681149335e-05	0.01230380628476328	1616
chr19	54190113	54190114	1.0	rs3810233	98	A	G	1	1.0610993764536323	-0.8533552227674024	0.0007520007536699983	0.9934633282134724	0.08079699576386898	1.0	ref	1.0610993764536323	0.0007520007536699983	0.08079699576386898	1616
chr19	58381142	58381143	1.0	rs10469313	72	C	T	1	1.302957647255667	-1.0339239959540665	0.0004839628042154278	0.9943762001632247	0.06282086649764171	1.0	ref	1.302957647255667	0.0004839628042154278	0.06282086649764171	1616
chr2	9555776	9555777	1.25	rs12692386	54	A	G	2	-0.6494458704359017	1.6715817054036723	0.9994321331178476	2.7140799541005984e-05	1.0	0.07587889031676748	alt	1.6715817054036723	2.7140799541005984e-05	0.07587889031676748	1616
chr2	20543747	20543748	1.0	rs10173000	36	T	C	2	1.2716537487574389	-1.0608053605914982	0.0004748923185946635	0.9910257652087503	0.06282086649764171	1.0	ref	1.2716537487574389	0.0004748923185946635	0.06282086649764171	1616
chr2	21381622	21381623	1.0	rs9679011	36	G	A	1	1.5564309955412128	-1.3447329868893139	0.0009510237892988092	0.987897737492009	0.09012965284515748	1.0	ref	1.5564309955412128	0.0009510237892988092	0.09012965284515748	1616
chr2	43050667	43050668	1.0	rs11900192	32	C	T	1	1.6433874291820003	-1.5859177776203413	0.00047307888397539395	0.9940150042274712	0.06282086649764171	1.0	ref	1.6433874291820003	0.00047307888397539395	0.06282086649764171	1616
chr2	43225946	43225947	1.0	rs35064085	26	G	A	1	1.556620152262806	-1.81333544497747	0.0007023631008980094	1.0	0.07885331023062432	1.0	ref	1.556620152262806	0.0007023631008980094	0.07885331023062432	1616
chr2	46500336	46500337	1.0	rs78642158	37	A	G	1	-2.0035861347024215	1.9749783515471666	0.9995999323999434	1.891514196575098e-05	1.0	0.07050934420099775	alt	1.9749783515471666	1.891514196575098e-05	0.07050934420099775	1616
chr2	70900565	70900566	1.0	rs3732243	39	G	T	2	1.3353313395241309	-0.7203684030059713	0.0006906677044208676	0.9896057688467336	0.07885331023062432	1.0	ref	1.3353313395241309	0.0006906677044208676	0.07885331023062432	1616
chr2	101151632	101151633	1.0	rs62152496	28	C	T	1	1.6878646855410584	-1.945277031373044	0.0002442466042275386	1.0	0.04477720942748466	1.0	ref	1.6878646855410584	0.0002442466042275386	0.04477720942748466	1616
chr2	119291055	119291056	1.0	rs12470189	30	G	A	1	1.6760592727772452	-1.74553587524335	0.0003211671190963815	0.9970063363383561	0.052052346273258464	1.0	ref	1.6760592727772452	0.0003211671190963815	0.052052346273258464	1616
chr2	128091076	128091077	1.1666666666666667	rs6731515	61	C	G	3	-0.05247717202007938	1.7243865429249372	0.9976296477531722	6.375974906613986e-05	1.0	0.09956164496851613	alt	1.7243865429249372	6.375974906613986e-05	0.09956164496851613	1616
chr2	128091077	128091078	1.0	rs28372711	36	C	G	1	1.9979873676646078	-2.091162402533449	1.4256699655081538e-05	0.9996474351930578	0.009067970231963691	1.0	ref	1.9979873676646078	1.4256699655081538e-05	0.009067970231963691	1616
chr2	173963889	173963890	1.0	rs113303834	39	C	T	1	1.5571734010360658	-1.300342328403619	0.0008554888424872253	0.9883024735676825	0.08490174684355924	1.0	ref	1.5571734010360658	0.0008554888424872253	0.08490174684355924	1616
chr2	200510219	200510220	1.0	rs77880297	31	C	A	2	-1.2456060224593388	1.4167415330167834	0.9987380243823463	8.404381212172617e-05	1.0	0.09956164496851613	alt	1.4167415330167834	8.404381212172617e-05	0.09956164496851613	1616
chr2	201952272	201952273	1.0	rs72932620	32	G	A	1	1.6433874291820003	-1.5859177776203413	0.00047307888397539395	0.9940150042274712	0.06282086649764171	1.0	ref	1.6433874291820003	0.00047307888397539395	0.06282086649764171	1616
chr2	237966848	237966849	1.0	rs35277801	61	G	T	1	-1.4460480107683633	1.741415465395876	0.999431692503773	3.588618142497298e-05	1.0	0.08026303337509456	alt	1.741415465395876	3.588618142497298e-05	0.08026303337509456	1616
chr20	44885561	44885562	1.5	rs6031847	122	C	T	2	1.2030254577005923	-0.2199214084662428	9.584516793688501e-05	0.9843308432476436	0.025519916977099644	1.0	ref	1.2030254577005923	9.584516793688501e-05	0.025519916977099644	1616
chr20	44885568	44885569	1.5	rs6031848	133	T	C	2	0.9377942107751086	-0.13076686666527215	0.0004714792252192108	0.8449065911530074	0.06282086649764171	0.9534504653306191	ref	0.9377942107751086	0.0004714792252192108	0.06282086649764171	1616
chr22	19144866	19144867	1.5	rs1936950	81	A	T	1	1.2054935527580772	-0.8571431041322031	0.0012171035235544225	0.9761887218473926	0.09857530440428139	1.0	ref	1.2054935527580772	0.0012171035235544225	0.09857530440428139	1616
chr22	19144871	19144872	1.5	rs1936951	82	G	A	1	1.3197057640977699	-0.997764770724233	0.00047271634595678707	0.9889142193800828	0.06282086649764171	1.0	ref	1.3197057640977699	0.00047271634595678707	0.06282086649764171	1616
chr22	41589951	41589952	1.5	rs2076200	150	G	T	2	1.0307178973520856	-0.08601771993093621	6.668105651864178e-05	0.5716676100915259	0.020453592367494097	0.8769223498374301	ref	1.0307178973520856	6.668105651864178e-05	0.020453592367494097	1616
chr22	41589953	41589954	1.5	rs4822045	150	C	A	2	1.0307178973520856	-0.08601771993093621	6.668105651864178e-05	0.5716676100915259	0.020453592367494097	0.8769223498374301	ref	1.0307178973520856	6.668105651864178e-05	0.020453592367494097	1616
chr3	15378316	15378317	1.0	rs57597951	39	T	G	1	1.8567729555483852	-1.730474652567195	6.707444293465128e-05	0.998303925979058	0.020453592367494097	1.0	ref	1.8567729555483852	6.707444293465128e-05	0.020453592367494097	1616
chr3	33097270	33097271	1.0	rs7637133	41	C	A	1	1.8015434933777446	-1.6141532674353805	0.00010525337068800518	0.9976334540821794	0.026751101009180954	1.0	ref	1.8015434933777446	0.00010525337068800518	0.026751101009180954	1616
chr3	33097271	33097272	1.0	rs17522953	41	G	C	1	1.8015434933777446	-1.6141532674353805	0.00010525337068800518	0.9976334540821794	0.026751101009180954	1.0	ref	1.8015434933777446	0.00010525337068800518	0.026751101009180954	1616
chr3	39107600	39107601	1.0	rs6786764	31	A	G	1	1.7349529618308135	-1.8083101989567893	0.00019327128263359907	0.99786653825511	0.036633097520195564	1.0	ref	1.7349529618308135	0.00019327128263359907	0.036633097520195564	1616
chr3	42881274	42881275	1.0	rs6788947	31	T	A	1	1.584493740128432	-1.523143453906902	0.0007591800961498612	0.9917578691377046	0.08079699576386898	1.0	ref	1.584493740128432	0.0007591800961498612	0.08079699576386898	1616
chr3	53892082	53892083	1.0	rs2304575	36	C	G	1	1.8575122345348478	-1.814915501233377	6.767262072764746e-05	0.9984457587154785	0.020453592367494097	1.0	ref	1.8575122345348478	6.767262072764746e-05	0.020453592367494097	1616
chr3	72996719	72996720	1.0	rs9812514	82	A	G	2	1.1717090685575524	-0.49143287074996567	0.0001232895924007821	0.9961095138054405	0.029335053442935025	1.0	ref	1.1717090685575524	0.0001232895924007821	0.029335053442935025	1616
chr3	73455969	73455970	1.0	rs181796740	27	G	A	1	1.6237343481213427	-1.8809939247098133	0.0004152148041094872	1.0	0.06274793451832966	1.0	ref	1.6237343481213427	0.0004152148041094872	0.06274793451832966	1616
chr3	101779232	101779233	1.0	rs3796278	38	A	G	1	1.9537275497941509	-1.9231197305095908	2.488755870125925e-05	0.9992647042519665	0.01230380628476328	1.0	ref	1.9537275497941509	2.488755870125925e-05	0.01230380628476328	1616
chr3	124565145	124565146	1.1666666666666667	rs986911	39	A	C	3	1.3503793785467448	-0.42966858849252426	0.000498762197252914	0.9952945436375145	0.06282086649764171	1.0	ref	1.3503793785467448	0.000498762197252914	0.06282086649764171	1616
chr3	151625269	151625270	1.0	rs7645502	30	C	G	1	1.523093195464289	-1.459850204202802	0.0012111744269607625	0.9888363833591907	0.09857530440428139	1.0	ref	1.523093195464289	0.0012111744269607625	0.09857530440428139	1616
chr3	170357384	170357385	1.0	rs28364646	39	G	C	1	1.5571734010360658	-1.300342328403619	0.0008554888424872253	0.9883024735676825	0.08490174684355924	1.0	ref	1.5571734010360658	0.0008554888424872253	0.08490174684355924	1616
chr3	184299202	184299203	1.1666666666666667	rs2272475	53	T	G	3	1.5626290437592902	-0.2632602972400439	8.383414866966113e-06	0.9992351365920238	0.007812644038106836	1.0	ref	1.5626290437592902	8.383414866966113e-06	0.007812644038106836	1616
chr3	184299203	184299204	1.1666666666666667	rs2272474	53	T	C	3	1.5626290437592902	-0.2632602972400439	8.383414866966113e-06	0.9992351365920238	0.007812644038106836	1.0	ref	1.5626290437592902	8.383414866966113e-06	0.007812644038106836	1616
chr3	194315664	194315665	1.0	rs79340827	39	G	C	1	1.5571734010360658	-1.300342328403619	0.0008554888424872253	0.9883024735676825	0.08490174684355924	1.0	ref	1.5571734010360658	0.0008554888424872253	0.08490174684355924	1616
chr4	1289819	1289820	1.0	rs17164589	102	G	T	1	1.2156188162550965	-0.9964681460694935	0.00011672390805972687	0.9982867820310635	0.02837659703982447	1.0	ref	1.2156188162550965	0.00011672390805972687	0.02837659703982447	1616
chr4	3955554	3955555	1.0	rs59680892	49	G	T	2	1.2348840070987892	-0.48949230894211265	0.0007051176806816088	0.979941078762318	0.07885331023062432	1.0	ref	1.2348840070987892	0.0007051176806816088	0.07885331023062432	1616
chr4	39458869	39458870	1.1666666666666667	rs2276890	45	C	G	3	1.5925014441235883	0.19222649237689104	7.601773198031329e-05	0.3427140865442461	0.022371218335153778	0.8051519784208895	ref	1.5925014441235883	7.601773198031329e-05	0.022371218335153778	1616
chr4	44760359	44760360	1.0	rs5007781	25	A	T	1	1.486230824371408	-1.7424617604750776	0.001181815783374248	1.0	0.09857530440428139	1.0	ref	1.486230824371408	0.001181815783374248	0.09857530440428139	1616
chr4	44760360	44760361	1.0	rs7660983	25	A	T	1	1.486230824371408	-1.7424617604750776	0.001181815783374248	1.0	0.09857530440428139	1.0	ref	1.486230824371408	0.001181815783374248	0.09857530440428139	1616
chr4	94207525	94207526	1.0	rs17374902	81	T	C	1	1.3615018177040703	-1.1081021239044269	0.00013586428891570752	0.9979795083776453	0.031653548811340776	1.0	ref	1.3615018177040703	0.00013586428891570752	0.031653548811340776	1616
chr4	99564097	99564098	1.25	rs11944752	77	G	A	2	1.2232924324508405	-0.10561048576772011	0.0002801802101997824	0.9190588678910394	0.0489571139166276	0.9871687931968081	ref	1.2232924324508405	0.0002801802101997824	0.0489571139166276	1616
chr4	108620446	108620447	1.0	rs3796936	90	T	A	1	1.095949538848493	-0.8665570926092299	0.0008630705804172738	0.9919889997719266	0.08490174684355924	1.0	ref	1.095949538848493	0.0008630705804172738	0.08490174684355924	1616
chr4	118835248	118835249	1.0	rs114581578	28	C	T	1	1.5505283906933864	-1.6179595188760194	0.0008730842248957625	0.9943784217321462	0.08490174684355924	1.0	ref	1.5505283906933864	0.0008730842248957625	0.08490174684355924	1616
chr4	168408820	168408821	1.0	rs62334122	34	T	G	1	1.7544187415707442	-1.7073030662740218	0.00018072082012663058	0.9969596018501854	0.03545615669256333	1.0	ref	1.7544187415707442	0.00018072082012663058	0.03545615669256333	1616
chr4	169612584	169612585	1.0	rs10520157	46	G	T	1	2.0109968590066947	-1.8476646978202744	1.0320070497460196e-05	0.9996159877137196	0.008191343809472213	1.0	ref	2.0109968590066947	1.0320070497460196e-05	0.008191343809472213	1616
chr4	183960166	183960167	1.0	rs2309948	58	C	G	1	1.633304237585678	-1.3465417602340874	0.00010864030021717813	0.9980316520862941	0.02699832171841562	1.0	ref	1.633304237585678	0.00010864030021717813	0.02699832171841562	1616
chr5	6713026	6713027	1.5	rs34826769	39	G	A	2	1.5111954522206312	-0.8698044027625021	0.0001747574047149967	0.9976360664316255	0.03545615669256333	1.0	ref	1.5111954522206312	0.0001747574047149967	0.03545615669256333	1616
chr5	16179015	16179016	1.0	rs342550	32	C	T	1	1.6433874291820003	-1.5859177776203413	0.00047307888397539395	0.9940150042274712	0.06282086649764171	1.0	ref	1.6433874291820003	0.00047307888397539395	0.06282086649764171	1616
chr5	77775878	77775879	1.0	rs254415	38	G	T	1	-2.0552568488722938	2.022284066325523	0.9997360220411889	1.1187719651738673e-05	1.0	0.0625561344326968	alt	2.022284066325523	1.1187719651738673e-05	0.0625561344326968	1616
chr5	98773443	98773444	1.0	rs1508792	62	G	C	2	1.0712210670651707	-0.6891512221926593	0.0011985458592712207	0.9823566911016315	0.09857530440428139	1.0	ref	1.0712210670651707	0.0011985458592712207	0.09857530440428139	1616
chr5	109689432	109689433	1.0	rs555615570	44	C	A	2	1.4891059046298538	-1.3317488665400163	2.9603754421303583e-05	0.9991809075834559	0.012733030218978383	1.0	ref	1.4891059046298538	2.9603754421303583e-05	0.012733030218978383	1616
chr5	113513599	113513600	1.0	rs7701913	47	C	A	1	1.4826278734866216	-1.1821045444064944	0.0009085303131676555	0.988986044655144	0.08758702148408527	1.0	ref	1.4826278734866216	0.0009085303131676555	0.08758702148408527	1616
chr5	139697558	139697559	1.0	rs7728485	35	A	G	1	1.6574641473249785	-1.514657988331626	0.00043208766147570353	0.9934864852623184	0.06275371841925705	1.0	ref	1.6574641473249785	0.00043208766147570353	0.06275371841925705	1616
chr5	157731317	157731318	1.0	rs2270821	47	G	C	2	0.6820242716222191	2.064680664929772	0.07349009205071175	9.752088442572978e-05	0.6078696001502288	0.09956164496851613	alt	2.064680664929772	9.752088442572978e-05	0.09956164496851613	1616
chr5	157731405	157731406	1.0	rs2270819	100	C	A	3	0.9751096111392817	-0.2572994325981646	1.299740311922118e-05	0.9989983500002191	0.009067970231963691	1.0	ref	0.9751096111392817	1.299740311922118e-05	0.009067970231963691	1616
chr5	157820855	157820856	1.0	rs1145586	25	C	T	1	1.486230824371408	-1.7424617604750776	0.001181815783374248	1.0	0.09857530440428139	1.0	ref	1.486230824371408	0.001181815783374248	0.09857530440428139	1616
chr5	176388785	176388786	1.0	rs3172920	55	A	C	1	1.4038316946211382	-1.1071292112559012	0.0008663663215186307	0.9905086472279825	0.08490174684355924	1.0	ref	1.4038316946211382	0.0008663663215186307	0.08490174684355924	1616
chr5	176537418	176537419	1.0	rs62404660	76	G	T	1	1.809859201997492	-1.544479006607025	2.432173584576452e-06	0.9999118309833229	0.0027198997196318463	1.0	ref	1.809859201997492	2.432173584576452e-06	0.0027198997196318463	1616
chr5	177367189	177367190	1.0	rs12654812	58	G	A	1	1.3911495589402083	-1.0952015169004792	0.000747172379721825	0.9915002914280024	0.08079699576386898	1.0	ref	1.3911495589402083	0.000747172379721825	0.08079699576386898	1616
chr6	31665718	31665719	1.0	rs3117579	30	G	T	1	1.523093195464289	-1.459850204202802	0.0012111744269607625	0.9888363833591907	0.09857530440428139	1.0	ref	1.523093195464289	0.0012111744269607625	0.09857530440428139	1616
chr6	42050610	42050611	1.0	rs201815488	42	G	T	1	1.5503947058236962	-1.2710430339298977	0.0007730732850517732	0.9894336826800546	0.08079699576386898	1.0	ref	1.5503947058236962	0.0007730732850517732	0.08079699576386898	1616
chr6	42979274	42979275	1.0	rs9462860	50	G	C	1	-1.7622226200009186	1.9878127333747821	0.9997530519505153	1.045484685269587e-05	1.0	0.0625561344326968	alt	1.9878127333747821	1.045484685269587e-05	0.0625561344326968	1616
chr6	85464325	85464326	1.0	rs4373339	31	C	T	1	-1.9492614350952113	1.7950005861467235	0.9990767006759702	9.79324058529623e-05	1.0	0.09956164496851613	alt	1.7950005861467235	9.79324058529623e-05	0.09956164496851613	1616
chr6	113137651	113137652	1.25	rs2502400	36	T	G	2	1.5564309955412128	-1.3447329868893139	0.0009510237892988092	0.987897737492009	0.09012965284515748	1.0	ref	1.5564309955412128	0.0009510237892988092	0.09012965284515748	1616
chr6	137452159	137452160	1.0	rs6570158	30	G	C	1	1.6760592727772452	-1.74553587524335	0.0003211671190963815	0.9970063363383561	0.052052346273258464	1.0	ref	1.6760592727772452	0.0003211671190963815	0.052052346273258464	1616
chr6	159790388	159790389	1.3333333333333333	rs2273826	72	A	G	3	1.069161870781644	-0.18666422166510788	0.00015383874747889643	0.9865504777425184	0.03373291594228429	1.0	ref	1.069161870781644	0.00015383874747889643	0.03373291594228429	1616
chr6	159790391	159790392	1.3333333333333333	rs2273825	69	A	C	3	1.0629545923755404	-0.18312952132619914	0.00018025650186843172	0.9785726554494146	0.03545615669256333	1.0	ref	1.0629545923755404	0.00018025650186843172	0.03545615669256333	1616
chr7	22083103	22083104	1.0	rs7788000	58	G	T	1	1.7585848113806355	-1.4847386564669187	3.636453607629228e-05	0.9991789733420116	0.014523735962184876	1.0	ref	1.7585848113806355	3.636453607629228e-05	0.014523735962184876	1616
chr8	8648893	8648894	1.0	rs12550829	39	T	C	1	1.7084340889862633	-1.506199901812293	0.0002579864871394404	0.9951943947055475	0.04653327234968326	1.0	ref	1.7084340889862633	0.0002579864871394404	0.04653327234968326	1616
chr8	9555789	9555790	1.3333333333333333	rs7821559	106	A	G	3	0.9929221569536624	-0.11860674544775443	0.000684481090485713	0.9168351067088361	0.07885331023062432	0.9866211507241064	ref	0.9929221569536624	0.000684481090485713	0.07885331023062432	1616
chr8	9555796	9555797	1.3333333333333333	rs6601330	100	A	T	3	1.1896681894152092	-0.32129955471081634	4.9304595914845065e-05	0.9675644671652435	0.019012872279852152	0.9994601464106864	ref	1.1896681894152092	4.9304595914845065e-05	0.019012872279852152	1616
chr8	38650708	38650709	1.25	rs72612129	60	T	A	2	1.555609303205169	-0.21992524062470004	0.0004917630050512531	0.9901452635628439	0.06282086649764171	1.0	ref	1.555609303205169	0.0004917630050512531	0.06282086649764171	1616
chr9	22446683	22446684	1.0	rs2247403	31	G	T	1	1.584493740128432	-1.523143453906902	0.0007591800961498612	0.9917578691377046	0.08079699576386898	1.0	ref	1.584493740128432	0.0007591800961498612	0.08079699576386898	1616
chr9	68999768	68999769	1.25	rs10746988	30	T	A	2	1.4859145916837524	-0.188977468904988	0.0011122560631314166	0.9892249479665243	0.09857530440428139	1.0	ref	1.4859145916837524	0.0011122560631314166	0.09857530440428139	1616
chr9	92878098	92878099	1.0	rs10992504	53	G	A	1	2.260975112015042	-2.1221685770822107	3.400667759111306e-07	0.99997487220357	0.00047537084437677165	1.0	ref	2.260975112015042	3.400667759111306e-07	0.00047537084437677165	1616
chr9	109120084	109120085	1.25	rs7854745	119	A	G	2	1.2745605753922051	0.0401517213638676	1.4595677740798216e-05	0.9924321600718721	0.009067970231963691	1.0	ref	1.2745605753922051	1.4595677740798216e-05	0.009067970231963691	1616
