#chr	start	end	mean_bad	id	max_cover	ref	alt	n_reps	ref_comb_es	alt_comb_es	ref_comb_pval	alt_comb_pval	ref_fdr_comb_pval	alt_fdr_comb_pval	pref_allele	comb_es	comb_pval	fdr_comb_pval	113
chr1	3900695	3900696	2.0	rs10909825	41	C	T	11	-0.42634837895885985	0.760844143518236	0.9547167348762939	0.0006325616734274883	1.0	0.05300866823322352	alt	0.760844143518236	0.0006325616734274883	0.05300866823322352	113
chr1	5992520	5992521	2.0	rs806109	77	G	A	11	-0.3198310880494515	0.7159113783340271	0.8319806511345037	0.0010852158546592933	0.9593312557883841	0.07413675702753976	alt	0.7159113783340271	0.0010852158546592933	0.07413675702753976	113
chr1	15230027	15230028	2.0	rs6677613	33	G	A	7	0.9086861893476382	-0.5729356046698051	0.001044151782823184	0.9621686513191412	0.08101844388942854	1.0	ref	0.9086861893476382	0.001044151782823184	0.08101844388942854	113
chr1	16206762	16206763	2.0	rs221055	50	C	T	10	-0.2186277064565759	1.0942159217210414	0.9489607242324497	0.00020641053793201227	1.0	0.03603583974729714	alt	1.0942159217210414	0.00020641053793201227	0.03603583974729714	113
chr1	16608311	16608312	2.0	rs61527589	32	C	T	10	0.7265678593690388	-0.5449020871389167	0.001192170871984509	0.957887968234064	0.08815051682850163	1.0	ref	0.7265678593690388	0.001192170871984509	0.08815051682850163	113
chr1	37477487	37477488	2.0	rs12408993	34	C	G	5	-0.7274175529723553	1.3627956960430627	0.8947872790599143	6.764830122497845e-05	0.9789625775074168	0.02362053184438831	alt	1.3627956960430627	6.764830122497845e-05	0.02362053184438831	113
chr1	37990218	37990219	2.0	rs4360494	41	G	C	12	0.8928968149190987	-0.36733325105251774	0.00018812917031561156	0.9483802282886161	0.023647836708672373	1.0	ref	0.8928968149190987	0.00018812917031561156	0.023647836708672373	113
chr1	43991632	43991633	2.0	rs12403036	46	G	A	9	-0.3825425276703442	0.753811793459651	0.9819097475015904	0.0016113984845140088	1.0	0.0864757857272002	alt	0.753811793459651	0.0016113984845140088	0.0864757857272002	113
chr1	113904942	113904943	2.590909090909091	rs1217397	75	G	A	11	1.3111206257536248	-0.3935876228899947	7.630189151228567e-07	0.9997543734551961	0.0004359612619588322	1.0	ref	1.3111206257536248	7.630189151228567e-07	0.0004359612619588322	113
chr1	113905153	113905154	2.7222222222222223	rs1217398	90	C	G	9	1.6830062701764397	-0.34044539811642305	7.244219831086077e-08	0.9986405687340161	0.00011382480409593998	1.0	ref	1.6830062701764397	7.244219831086077e-08	0.00011382480409593998	113
chr1	113905291	113905292	2.611111111111111	rs971173	80	G	T	9	1.6455108345371035	0.05655502195070647	2.538228305229072e-07	0.9999294331024846	0.0001771124204294707	1.0	ref	1.6455108345371035	2.538228305229072e-07	0.0001771124204294707	113
chr1	151836589	151836590	2.6	rs11204897	43	A	G	5	1.3222634481927393	-0.2439000475613024	0.00024336992038017188	0.9050168616973644	0.02832555462202556	0.9956049246136449	ref	1.3222634481927393	0.00024336992038017188	0.02832555462202556	113
chr1	151837053	151837054	2.375	rs12140021	58	C	G	12	0.9908407481402713	-0.16018459057714912	2.1106088597286724e-05	0.9970116821990497	0.006029625765179412	1.0	ref	0.9908407481402713	2.1106088597286724e-05	0.006029625765179412	113
chr1	171781633	171781634	1.9230769230769231	rs2294717	48	C	T	13	-0.2675263182217265	0.7990722003198242	0.933038590969789	0.0007569575448654281	0.99291356997039	0.0587342983886323	alt	0.7990722003198242	0.0007569575448654281	0.0587342983886323	113
chr1	181127061	181127062	1.8571428571428572	rs6703722	35	C	A	7	-0.34325351479305616	0.8880815823565598	0.9215767712120883	0.00202889665026821	0.9883032970162102	0.09734057593080687	alt	0.8880815823565598	0.00202889665026821	0.09734057593080687	113
chr1	181127238	181127239	1.9166666666666667	rs6667888	45	A	G	12	-0.33441360406132026	0.8255790339957354	0.8253131351283547	0.00016921499337114462	0.9559123793002002	0.03222776464659527	alt	0.8255790339957354	0.00016921499337114462	0.03222776464659527	113
chr1	197902888	197902889	2.0714285714285716	rs4539165	49	G	T	7	-0.3731621883593452	0.8796968028013474	0.9126132554591858	0.00131376922974096	0.9862579045769813	0.07863847246592318	alt	0.8796968028013474	0.00131376922974096	0.07863847246592318	113
chr1	201114214	201114215	2.2857142857142856	rs3738262	40	A	G	7	0.9421607163657417	-0.6071394576197279	0.0009711235033884712	0.988408326355939	0.07629389023495677	1.0	ref	0.9421607163657417	0.0009711235033884712	0.07629389023495677	113
chr1	201114377	201114378	2.1818181818181817	rs3738263	50	A	G	11	0.9045663274360755	-0.2909431026361148	0.00010353516829020855	0.9962479425653513	0.018075514797332243	1.0	ref	0.9045663274360755	0.00010353516829020855	0.018075514797332243	113
chr1	201461307	201461308	2.0	rs481298	55	A	G	10	-0.2544760650127976	0.9686255993993811	0.9127155337698749	0.00011310859435647424	0.9862579045769813	0.02843550062121762	alt	0.9686255993993811	0.00011310859435647424	0.02843550062121762	113
chr1	202860936	202860937	2.2	rs11578806	54	G	A	10	-0.13843835972901536	1.083289923953852	0.9238455652217266	0.0002554916767283907	0.9892600631444275	0.03734337647064966	alt	1.083289923953852	0.0002554916767283907	0.03734337647064966	113
chr1	205122298	205122299	2.090909090909091	rs17344537	60	T	G	11	0.883985125369581	-0.2327721013024941	0.0006180866835075475	0.976951871531796	0.05342343123301089	1.0	ref	0.883985125369581	0.0006180866835075475	0.05342343123301089	113
chr1	205631990	205631991	2.1666666666666665	rs4951248	80	T	A	12	-0.2621211438571995	1.0172348100425792	0.9688559411028709	0.0003753071070883119	1.0	0.04235973542643157	alt	1.0172348100425792	0.0003753071070883119	0.04235973542643157	113
chr1	205750403	205750404	2.3333333333333335	rs823114	44	G	A	3	1.5564626804279715	-0.6049245250095157	0.000779786105875197	0.9572115697410092	0.06364877500552744	1.0	ref	1.5564626804279715	0.000779786105875197	0.06364877500552744	113
chr1	207316689	207316690	2.111111111111111	rs4844378	46	A	G	9	-0.4624617607478054	1.2574013635059405	0.9981508683886734	7.36699802828733e-06	1.0	0.0039471605882982035	alt	1.2574013635059405	7.36699802828733e-06	0.0039471605882982035	113
chr1	207321333	207321334	2.1666666666666665	rs28371583	61	A	G	12	1.1503882471343683	-0.7378651017214959	2.2776364320927087e-07	0.9993135098510525	0.0001771124204294707	1.0	ref	1.1503882471343683	2.2776364320927087e-07	0.0001771124204294707	113
chr10	5890223	5890224	1.8333333333333333	rs2253422	47	C	A	9	-0.5577373813179197	1.0042105613306238	0.9854966588883821	0.0004058096991491608	1.0	0.04338122708775324	alt	1.0042105613306238	0.0004058096991491608	0.04338122708775324	113
chr10	9205622	9205623	1.5	rs1469993	31	A	G	4	-0.7584048219759131	0.983329276089143	0.9880880470463155	0.0012905112196420082	1.0	0.07798906745625021	alt	0.983329276089143	0.0012905112196420082	0.07798906745625021	113
chr10	14560443	14560444	1.7142857142857142	rs3740120	31	C	T	7	-0.35075378666313384	0.8799276683164715	0.9089024730603454	0.0008137043198064883	0.9840193706863029	0.061069624242757276	alt	0.8799276683164715	0.0008137043198064883	0.061069624242757276	113
chr10	25016472	25016473	2.0625	rs2291586	73	G	A	8	0.9666646686130257	-0.137766592567891	0.0015261864994034618	0.9635816197968627	0.09886584416602254	1.0	ref	0.9666646686130257	0.0015261864994034618	0.09886584416602254	113
chr10	29160199	29160200	1.0	rs511991	30	A	C	1	-2.227446521868911	1.8442417080886724	1.0	0.0003208960125806875	1.0	0.039767434906288736	alt	1.8442417080886724	0.0003208960125806875	0.039767434906288736	113
chr10	68331977	68331978	1.8636363636363635	rs10998071	53	C	A	11	0.7733098347223553	-0.3788765902602476	0.0010772678079368813	0.9909473324925253	0.08256863625467438	1.0	ref	0.7733098347223553	0.0010772678079368813	0.08256863625467438	113
chr10	68721110	68721111	1.8636363636363635	rs5030883	67	A	C	11	0.7788395522475295	-0.3872091137621374	0.00043510115606942184	0.9586188274379075	0.04272829321712994	1.0	ref	0.7788395522475295	0.00043510115606942184	0.04272829321712994	113
chr10	72332191	72332192	1.8571428571428572	rs9416016	57	T	C	7	0.9065842236629056	-0.5096693884566462	0.001341983723594982	0.9654148630374717	0.09362213292045196	1.0	ref	0.9065842236629056	0.001341983723594982	0.09362213292045196	113
chr11	34916567	34916568	1.9444444444444444	rs2956110	70	C	A	9	-0.4405207785423784	0.7276274198499871	0.9157573494239611	0.001512108217069365	0.9874132416991234	0.08428498470225751	alt	0.7276274198499871	0.001512108217069365	0.08428498470225751	113
chr11	66052189	66052190	1.65	rs2241303	77	C	A	10	-0.25693713992213857	0.6993124453548786	0.9262284123592217	0.001763990196026297	0.9892600631444275	0.09087441296742031	alt	0.6993124453548786	0.001763990196026297	0.09087441296742031	113
chr11	71787301	71787302	1.6875	rs12787265	67	C	G	8	1.0383095488921015	-0.6901014981096946	0.00014780986988860675	0.9853558876815351	0.021002981783914326	1.0	ref	1.0383095488921015	0.00014780986988860675	0.021002981783914326	113
chr11	71787340	71787341	1.625	rs12418197	69	A	G	4	1.466717615066568	-1.0146871146578937	0.00047056386235207843	0.9996539085685393	0.0448105132558002	1.0	ref	1.466717615066568	0.00047056386235207843	0.0448105132558002	113
chr11	119018362	119018363	1.8333333333333333	rs11545858	45	G	T	9	-0.10562542176060644	0.8376367648619256	0.8442245545600834	0.0015167235802075068	0.9623998246453311	0.08428498470225751	alt	0.8376367648619256	0.0015167235802075068	0.08428498470225751	113
chr12	1837024	1837025	1.9285714285714286	rs12423378	42	A	C	7	-0.45922736496441113	1.1668965711235446	0.9922183188918086	8.392524342292782e-05	1.0	0.024275061074996097	alt	1.1668965711235446	8.392524342292782e-05	0.024275061074996097	113
chr12	6470977	6470978	1.8888888888888888	rs2534721	59	C	A	9	0.920329227740504	-0.46827513889824346	0.00015372110772634193	0.9962024263300024	0.021002981783914326	1.0	ref	0.920329227740504	0.00015372110772634193	0.021002981783914326	113
chr12	31729273	31729274	1.9	rs7978407	33	G	A	10	-0.5078483777038391	0.9594790473144408	0.9973283986848176	0.0006018898110317703	1.0	0.051820239210064054	alt	0.9594790473144408	0.0006018898110317703	0.051820239210064054	113
chr12	52203351	52203352	1.7	rs1870221	52	G	C	10	1.0648088866696148	-0.052154801113128535	0.00045299127524963756	0.9688036068923604	0.0438007717683688	1.0	ref	1.0648088866696148	0.00045299127524963756	0.0438007717683688	113
chr12	95003775	95003776	1.95	rs835044	61	T	C	10	1.0772232956373613	-0.28507192698280565	3.056946178051284e-05	0.9968193526882777	0.0080053778037718	1.0	ref	1.0772232956373613	3.056946178051284e-05	0.0080053778037718	113
chr12	102120181	102120182	2.0714285714285716	rs548827009	62	T	C	7	1.0696516189905383	-0.6473641990367186	0.0013647734161744097	0.9864872907104126	0.09362213292045196	1.0	ref	1.0696516189905383	0.0013647734161744097	0.09362213292045196	113
chr12	108515206	108515207	2.0625	rs2288381	73	G	A	8	-0.1983515403318192	1.3250588581286673	0.9818170318591886	8.424536389220962e-05	1.0	0.024275061074996097	alt	1.3250588581286673	8.424536389220962e-05	0.024275061074996097	113
chr12	120317655	120317656	1.8636363636363635	rs2522133	51	A	G	11	0.9191126347789941	-0.2856211968208525	0.0001524006080995842	0.9782114715615278	0.021002981783914326	1.0	ref	0.9191126347789941	0.0001524006080995842	0.021002981783914326	113
chr13	30743740	30743741	2.6666666666666665	rs4254165	41	A	G	6	-0.48067752044638623	0.9901013832816696	0.9728863244181276	0.001216398358223752	1.0	0.07798906745625021	alt	0.9901013832816696	0.001216398358223752	0.07798906745625021	113
chr14	20343428	20343429	1.9166666666666667	rs2297617	50	T	C	6	1.1347192789323792	-0.42890592296075103	0.00037635992424126197	0.9884504461538531	0.03879492813238816	1.0	ref	1.1347192789323792	0.00037635992424126197	0.03879492813238816	113
chr14	37595532	37595533	1.875	rs10400689	48	G	T	4	-1.4263255454169217	1.3982326868881174	0.9373463951855827	0.00018864358383095212	0.9942990875512889	0.033874997839358115	alt	1.3982326868881174	0.00018864358383095212	0.033874997839358115	113
chr14	100376299	100376300	1.85	rs2273804	64	C	G	10	-0.265686444694277	0.8182433401861139	0.9403007046283277	0.0009878979322216963	0.99633123863068	0.0705561193637882	alt	0.8182433401861139	0.0009878979322216963	0.0705561193637882	113
chr14	101761521	101761522	1.8333333333333333	rs7158488	65	T	C	9	-0.6745745720843176	0.9945331353724919	0.9954354658166443	0.00013745636703097313	1.0	0.03163478439886896	alt	0.9945331353724919	0.00013745636703097313	0.03163478439886896	113
chr15	51971896	51971897	2.6666666666666665	rs17612102	48	T	C	6	-0.22492255313634202	1.2176134692621652	0.9485938403958982	0.00025062813467725906	1.0	0.03734337647064966	alt	1.2176134692621652	0.00025062813467725906	0.03734337647064966	113
chr15	78278532	78278533	2.0	rs62007839	31	G	A	4	-1.182317480367614	1.1807019387945286	1.0	0.0008259217280245614	1.0	0.061069624242757276	alt	1.1807019387945286	0.0008259217280245614	0.061069624242757276	113
chr16	3003910	3003911	2.090909090909091	rs2526272	68	G	T	11	-0.31186607471090433	0.8261842071485241	0.9942690912970497	0.00032269517585055294	1.0	0.039767434906288736	alt	0.8261842071485241	0.00032269517585055294	0.039767434906288736	113
chr16	3004009	3004010	2.1	rs2524316	64	C	G	10	-0.21997980891162122	0.9091664198678792	0.957237720632856	0.0002778161089700953	1.0	0.03795813575819671	alt	0.9091664198678792	0.0002778161089700953	0.03795813575819671	113
chr16	3004086	3004087	2.1	rs12917920	79	G	C	10	-0.2621097845497831	0.9430100877954609	0.9839870279788558	0.0004731889873776106	1.0	0.04671231423775797	alt	0.9430100877954609	0.0004731889873776106	0.04671231423775797	113
chr16	4474683	4474684	1.8636363636363635	rs17137056	82	G	C	11	-0.6510764893995907	0.8934474229281573	0.9994817074323763	0.00011931319230901024	1.0	0.028841669756235748	alt	0.8934474229281573	0.00011931319230901024	0.028841669756235748	113
chr16	4616535	4616536	1.875	rs1982784	66	A	G	8	0.8826413613527924	-0.4653491633602012	0.0011637078286257751	0.9825677193200875	0.08707028217753568	1.0	ref	0.8826413613527924	0.0011637078286257751	0.08707028217753568	113
chr16	11640399	11640400	1.5555555555555556	rs1344534	42	T	C	9	-0.43072470528277507	0.7114312010068289	0.9581322517300297	0.0016123113687467093	1.0	0.0864757857272002	alt	0.7114312010068289	0.0016123113687467093	0.0864757857272002	113
chr16	11640460	11640461	1.5555555555555556	rs1344533	38	T	C	9	-0.43635153693718	0.7395626213663364	0.9837674419542718	0.0014919653410750428	1.0	0.08428498470225751	alt	0.7395626213663364	0.0014919653410750428	0.08428498470225751	113
chr16	19067847	19067848	1.5909090909090908	rs35787586	66	C	A	11	-0.3146941903309099	0.6743861564358251	0.9176148035587837	0.0019103403527017252	0.9874132416991234	0.09412343657058798	alt	0.6743861564358251	0.0019103403527017252	0.09412343657058798	113
chr16	31033361	31033362	1.5555555555555556	rs58726213	42	A	G	9	-0.21162004617171634	0.8437668536334915	0.9505346852347778	0.0004800246703147575	1.0	0.04671231423775797	alt	0.8437668536334915	0.0004800246703147575	0.04671231423775797	113
chr16	84014017	84014018	2.55	rs72799212	85	C	G	10	-0.08452550983051317	0.8066160219619297	0.9377471955850266	0.001644168816168735	0.994388581787058	0.08683698327412184	alt	0.8066160219619297	0.001644168816168735	0.08683698327412184	113
chr16	84014408	84014409	2.0	rs7202119	70	T	C	3	-0.514718460994114	1.305703658867999	0.9505865220789852	0.0019169132666722773	1.0	0.09412343657058798	alt	1.305703658867999	0.0019169132666722773	0.09412343657058798	113
chr16	89193263	89193264	2.4	rs73264005	77	C	T	5	-0.407145144317487	1.1853212439893703	0.878340786167296	0.00046704870066124524	0.9725813673469794	0.04671231423775797	alt	1.1853212439893703	0.00046704870066124524	0.04671231423775797	113
chr17	714859	714860	2.3333333333333335	rs2955626	60	C	G	9	-0.31615497003671067	0.8728414485526794	0.9631298539082027	0.0010768868522559802	1.0	0.07413675702753976	alt	0.8728414485526794	0.0010768868522559802	0.07413675702753976	113
chr17	7717276	7717277	2.3333333333333335	rs4246412	36	G	T	9	-0.5115250211813187	0.781232065432829	0.9788185181108386	0.0018045013592949074	1.0	0.09220561823714223	alt	0.781232065432829	0.0018045013592949074	0.09220561823714223	113
chr17	17280765	17280766	1.8333333333333333	rs1029829	49	G	C	6	1.2161497073336398	-0.6777535736122513	0.0001340196334001868	0.9987211672082575	0.02017733978877824	1.0	ref	1.2161497073336398	0.0001340196334001868	0.02017733978877824	113
chr17	27532453	27532454	1.1	rs940011	29	A	G	5	-1.3724096555246086	1.4540688963431647	0.9939346153215434	1.4427716824502494e-07	1.0	0.00022669550060499543	alt	1.4540688963431647	1.4427716824502494e-07	0.00022669550060499543	113
chr17	28318964	28318965	1.4	rs11080054	53	G	A	10	-0.2607296376805603	0.8010770539262905	0.9730614259314957	0.00036196250878120067	1.0	0.04235973542643157	alt	0.8010770539262905	0.00036196250878120067	0.04235973542643157	113
chr17	50660499	50660500	1.4166666666666667	rs1978153	29	C	G	6	-1.0225674494520167	0.8078092018617975	0.9986557171194483	0.0013346482811317974	1.0	0.0791345702538995	alt	0.8078092018617975	0.0013346482811317974	0.0791345702538995	113
chr17	58352223	58352224	1.5	rs75924914	51	C	G	11	-0.16031330760560786	0.6745842245402439	0.7872484879657976	0.0012599859903006517	0.9485234729522056	0.07798906745625021	alt	0.6745842245402439	0.0012599859903006517	0.07798906745625021	113
chr17	58692525	58692526	4.0	rs16943176	63	G	A	7	1.043588703699737	-0.5239324699773248	0.00043130767598527846	0.9902812513084784	0.04272829321712994	1.0	ref	1.043588703699737	0.00043130767598527846	0.04272829321712994	113
chr17	58692617	58692618	4.6	rs12946397	83	C	T	5	1.6055276504869853	0.2664242048348012	0.0013080905905913053	0.9883034453778615	0.09281324717686956	1.0	ref	1.6055276504869853	0.0013080905905913053	0.09281324717686956	113
chr17	59406913	59406914	3.25	rs11652716	54	T	C	8	-0.5077401449128113	0.9035436994858763	0.947591473274002	0.0010580118134619933	0.9999068838407297	0.07413675702753976	alt	0.9035436994858763	0.0010580118134619933	0.07413675702753976	113
chr17	61393720	61393721	2.0	rs917533	66	A	G	1	-2.309748578939524	2.5703275330257376	0.9991889238006193	0.000577178232387692	1.0	0.051820239210064054	alt	2.5703275330257376	0.000577178232387692	0.051820239210064054	113
chr17	75549601	75549602	1.75	rs7502353	62	G	T	10	-0.05234106916832359	1.0974286788958616	0.9983884111452901	2.0911929799951032e-05	1.0	0.008762098586179483	alt	1.0974286788958616	2.0911929799951032e-05	0.008762098586179483	113
chr17	75549846	75549847	1.7727272727272727	rs9908730	51	G	C	11	-0.7955331505697188	0.8157119105351025	0.9992770198833143	0.0008148306149573847	1.0	0.061069624242757276	alt	0.8157119105351025	0.0008148306149573847	0.061069624242757276	113
chr17	75667215	75667216	1.7	rs2165635	65	C	A	5	1.342081132701085	-0.4834562762761992	0.00012847055451048613	0.9989920849468181	0.02017733978877824	1.0	ref	1.342081132701085	0.00012847055451048613	0.02017733978877824	113
chr17	75667216	75667217	1.7	rs2165634	65	T	G	5	1.342081132701085	-0.4834562762761992	0.00012847055451048613	0.9989920849468181	0.02017733978877824	1.0	ref	1.342081132701085	0.00012847055451048613	0.02017733978877824	113
chr17	75667232	75667233	1.7727272727272727	rs864234	60	C	A	11	1.0053859431209802	-0.4829452748576562	1.2241914072378044e-05	0.9969893384148649	0.00407354678260758	1.0	ref	1.0053859431209802	1.2241914072378044e-05	0.00407354678260758	113
chr19	4247340	4247341	1.9	rs3815343	71	G	C	10	-0.6852518753172416	1.3702544716017202	0.9999462466490021	7.194170167747513e-08	1.0	0.0001507178650143104	alt	1.3702544716017202	7.194170167747513e-08	0.0001507178650143104	113
chr19	10717820	10717821	2.0	rs192408184	58	T	C	10	0.7960437010447889	-0.29374345491064124	0.0009638954468310318	0.886284850835394	0.07629389023495677	0.993602429374937	ref	0.7960437010447889	0.0009638954468310318	0.07629389023495677	113
chr19	12945742	12945743	2.0	rs2974752	71	G	A	9	0.8871153186878693	-0.48555530284548004	0.0002569301063095563	0.9871141134248452	0.028329924879922128	1.0	ref	0.8871153186878693	0.0002569301063095563	0.028329924879922128	113
chr19	13731643	13731644	2.0	rs8099953	56	T	G	4	-0.603732257575499	1.3449169380199124	0.9771859231135553	0.0012280181823186504	1.0	0.07798906745625021	alt	1.3449169380199124	0.0012280181823186504	0.07798906745625021	113
chr19	13747783	13747784	2.090909090909091	rs410359	74	C	T	11	-0.41644456298889704	1.1804223217618461	0.9848157355868536	7.4216314668096456e-06	1.0	0.0039471605882982035	alt	1.1804223217618461	7.4216314668096456e-06	0.0039471605882982035	113
chr19	15195919	15195920	2.1	rs114509076	52	G	A	10	-0.41976892577441455	1.0512499471415162	0.9934871092229058	0.0002217007718647264	1.0	0.03734337647064966	alt	1.0512499471415162	0.0002217007718647264	0.03734337647064966	113
chr19	17022380	17022381	2.0	rs76598107	37	A	G	6	0.9909631115239728	-0.17797668230172992	0.0014005495874478038	0.731831692350742	0.09364312933095156	0.9685327829910325	ref	0.9909631115239728	0.0014005495874478038	0.09364312933095156	113
chr19	18636885	18636886	2.0	rs3764627	72	C	T	6	-0.628568849446085	1.6880842226058226	0.9985721137946992	0.00032186796615696204	1.0	0.039767434906288736	alt	1.6880842226058226	0.00032186796615696204	0.039767434906288736	113
chr19	44500643	44500644	2.25	rs2293165	45	G	C	4	-0.27948645581186765	1.4898030041283268	0.9962945990721973	0.0012174177998389014	1.0	0.07798906745625021	alt	1.4898030041283268	0.0012174177998389014	0.07798906745625021	113
chr19	48332978	48332979	2.857142857142857	rs1062918	48	G	A	7	1.2908926125444684	-0.7418276526236492	1.2314620345193958e-05	0.994901221008688	0.00407354678260758	1.0	ref	1.2908926125444684	1.2314620345193958e-05	0.00407354678260758	113
chr2	10408450	10408451	1.25	rs876614	26	C	T	4	-1.6275110408206581	1.2307742173011122	0.999425614019805	0.00016295630268563322	1.0	0.03200563632435015	alt	1.2307742173011122	0.00016295630268563322	0.03200563632435015	113
chr2	20114174	20114175	1.0909090909090908	rs7585046	56	C	G	11	0.8103593519269414	-0.1781069605284384	0.00048760983078976106	0.9537938488224615	0.04506805568402424	1.0	ref	0.8103593519269414	0.00048760983078976106	0.04506805568402424	113
chr2	20114210	20114211	1.1666666666666667	rs73919269	41	C	G	6	1.0838345188596332	-0.5728702826528178	9.384683818713034e-05	0.9892219581115802	0.017873556909276188	1.0	ref	1.0838345188596332	9.384683818713034e-05	0.017873556909276188	113
chr2	20114211	20114212	1.1666666666666667	rs73919270	41	C	G	6	1.0838345188596332	-0.5728702826528178	9.384683818713034e-05	0.9892219581115802	0.017873556909276188	1.0	ref	1.0838345188596332	9.384683818713034e-05	0.017873556909276188	113
chr2	20474467	20474468	1.1111111111111112	rs78072509	33	G	A	9	1.0425062994883074	-0.6023091447452406	2.688710414434553e-06	0.9999274605439813	0.0013279138272583404	1.0	ref	1.0425062994883074	2.688710414434553e-06	0.0013279138272583404	113
chr2	25228919	25228920	1.15	rs74580656	26	C	T	10	0.2579218230808936	0.954462073030228	0.9023464165456498	0.000151001357512501	0.9805813144469746	0.03163478439886896	alt	0.954462073030228	0.000151001357512501	0.03163478439886896	113
chr2	30218137	30218138	1.125	rs7568254	33	C	T	12	0.19114661266805572	0.88893052302918	0.9078918060607851	0.002021347308693273	0.9834197247745138	0.09734057593080687	alt	0.88893052302918	0.002021347308693273	0.09734057593080687	113
chr2	30872306	30872307	1.125	rs6725431	39	C	T	8	0.043606896424116325	1.0961978095013536	0.9692112094414748	0.00014636284663764118	1.0	0.03163478439886896	alt	1.0961978095013536	0.00014636284663764118	0.03163478439886896	113
chr2	43996255	43996256	1.1363636363636365	rs77353999	46	A	C	11	0.6801703149816867	0.04996637430524047	0.001472998533338453	0.8683418396857049	0.09643537272950184	0.9911965968806129	ref	0.6801703149816867	0.001472998533338453	0.09643537272950184	113
chr2	46042427	46042428	1.1	rs1470598	35	A	G	10	0.8436797870456368	-0.5866641311310051	6.139965471209171e-05	0.9994505636998772	0.013306787236741256	1.0	ref	0.8436797870456368	6.139965471209171e-05	0.013306787236741256	113
chr2	46164262	46164263	1.0	rs3820730	42	C	T	3	1.5466561143798132	-1.5642305052118006	3.5902714175494374e-05	0.9994884041581623	0.009025942343719286	1.0	ref	1.5466561143798132	3.5902714175494374e-05	0.009025942343719286	113
chr2	46164276	46164277	1.1428571428571428	rs3768736	40	G	C	7	1.4216386718210563	-0.6948269392248949	2.8180178270401064e-07	0.9999957540375727	0.0001771124204294707	1.0	ref	1.4216386718210563	2.8180178270401064e-07	0.0001771124204294707	113
chr2	46698924	46698925	1.1363636363636365	rs3814039	61	C	G	11	1.0637528095415123	-0.4528602232518131	1.7029010731229415e-07	0.9989675299434787	0.00016459678257501988	1.0	ref	1.0637528095415123	1.7029010731229415e-07	0.00016459678257501988	113
chr2	47319946	47319947	1.0	rs6734711	25	G	T	2	-1.5516711018507658	1.180734902973718	0.9895646696331901	0.0019015380771759398	1.0	0.09412343657058798	alt	1.180734902973718	0.0019015380771759398	0.09412343657058798	113
chr2	53971034	53971035	1.1	rs141622297	40	G	A	5	-0.8706244169861121	0.9391341485413088	0.9944080011090121	0.0003537353418546987	1.0	0.04235973542643157	alt	0.9391341485413088	0.0003537353418546987	0.04235973542643157	113
chr2	63588666	63588667	1.125	rs2278718	48	A	C	12	-0.09726305778154763	0.6274201053411911	0.8883049888978395	0.0010841754501543116	0.9756477621611921	0.07413675702753976	alt	0.6274201053411911	0.0010841754501543116	0.07413675702753976	113
chr2	65377779	65377780	1.0833333333333333	rs268120	32	A	G	6	1.1897553516833554	-0.2405406273768339	9.078530444969375e-05	0.9977181913083703	0.017873556909276188	1.0	ref	1.1897553516833554	9.078530444969375e-05	0.017873556909276188	113
chr2	65406770	65406771	1.0	rs13029865	25	A	G	2	1.467385479762894	-1.7552304531982519	0.00021753496174128844	1.0	0.025796362915924485	1.0	ref	1.467385479762894	0.00021753496174128844	0.025796362915924485	113
chr2	65577131	65577132	1.0	rs12472695	24	C	T	4	1.166455459071212	-0.16945975386189602	0.00048319530049963116	0.9925624478886202	0.04506805568402424	1.0	ref	1.166455459071212	0.00048319530049963116	0.04506805568402424	113
chr2	72367943	72367944	1.0	rs540774479	32	T	G	7	1.3439818438276294	-0.738785662015426	1.5772404389270445e-07	0.999977030323799	0.00016459678257501988	1.0	ref	1.3439818438276294	1.5772404389270445e-07	0.00016459678257501988	113
chr2	85595558	85595559	1.1666666666666667	rs2232739	34	T	G	12	0.8870658885886524	-0.1256065025304386	2.7043139564164213e-05	0.9867119509197353	0.007389831833077047	1.0	ref	0.8870658885886524	2.7043139564164213e-05	0.007389831833077047	113
chr2	100292171	100292172	1.0909090909090908	rs764828	41	A	C	11	-0.13517745079946822	0.7736511737451316	0.9640599257368656	0.00023037491242038693	1.0	0.03734337647064966	alt	0.7736511737451316	0.00023037491242038693	0.03734337647064966	113
chr2	100562659	100562660	1.125	rs6746622	37	T	G	12	0.17089398612628004	0.9259457821280198	0.8445427639292518	0.001267693980676346	0.9623998246453311	0.07798906745625021	alt	0.9259457821280198	0.001267693980676346	0.07798906745625021	113
chr2	109614114	109614115	1.05	rs7579996	60	C	A	10	-0.33252298272010333	0.8240916671963368	0.98247462437953	2.3397742983105042e-05	1.0	0.009190925915550948	alt	0.8240916671963368	2.3397742983105042e-05	0.009190925915550948	113
chr2	111050099	111050100	1.0	rs2009581	24	G	A	7	0.8712649741268296	-0.30986366809049876	0.0012290530694819297	0.9910510190324304	0.08878848898498767	1.0	ref	0.8712649741268296	0.0012290530694819297	0.08878848898498767	113
chr2	112055278	112055279	1.0555555555555556	rs34128716	65	C	G	9	1.32730414000469	0.024361965397858898	5.1815756048280984e-08	0.9999260176562335	0.00010855400892114866	1.0	ref	1.32730414000469	5.1815756048280984e-08	0.00010855400892114866	113
chr2	112645728	112645729	1.05	rs17515715	60	G	T	10	-0.18419186976158444	0.73707146670109	0.8854461696022143	0.0007113762118878255	0.9749525536001957	0.05732050630403825	alt	0.73707146670109	0.0007113762118878255	0.05732050630403825	113
chr2	112662160	112662161	1.1	rs60372418	29	C	G	10	0.13408555635913663	0.9048054227048856	0.9899502294678381	0.0006676633832955861	1.0	0.05449693979237349	alt	0.9048054227048856	0.0006676633832955861	0.05449693979237349	113
chr2	113078113	113078114	1.0	rs11678375	34	T	C	7	0.9680132369477312	0.09693093935459451	0.0006205108162306754	0.8983402131894882	0.05342343123301089	0.9955798563067816	ref	0.9680132369477312	0.0006205108162306754	0.05342343123301089	113
chr2	113078421	113078422	1.0	rs12466799	31	T	C	1	1.845897103016624	-2.1514129770431656	0.0006516286851197617	1.0	0.05460648381303603	1.0	ref	1.845897103016624	0.0006516286851197617	0.05460648381303603	113
chr2	113079366	113079367	1.1666666666666667	rs10186133	29	G	T	6	1.2819389858748353	-1.0815573703548418	2.7466793563020566e-06	0.9997813661758677	0.0013279138272583404	1.0	ref	1.2819389858748353	2.7466793563020566e-06	0.0013279138272583404	113
chr2	121036238	121036239	1.125	rs1878516	29	C	T	4	1.4372489673181974	-1.2347023157184986	0.0001731758122044592	0.9997824588971225	0.022533397269378926	1.0	ref	1.4372489673181974	0.0001731758122044592	0.022533397269378926	113
chr2	121860598	121860599	1.0	rs13023601	25	C	T	2	-1.5516711018507658	1.3960864346606314	0.9990871946534959	0.00024348326300233558	1.0	0.03734337647064966	alt	1.3960864346606314	0.00024348326300233558	0.03734337647064966	113
chr2	127701464	127701465	1.05	rs1048211	55	A	G	10	0.6998834774824618	0.11142398024063159	0.0012279706260476515	0.8126656170403183	0.08878848898498767	0.9790307462331608	ref	0.6998834774824618	0.0012279706260476515	0.08878848898498767	113
chr2	128091077	128091078	1.1	rs28372711	28	C	G	5	0.9534901735740913	-0.3544473447455164	0.0006791440733221662	0.9435296326853894	0.05616342764249756	1.0	ref	0.9534901735740913	0.0006791440733221662	0.05616342764249756	113
chr2	131672837	131672838	1.0625	rs182827960	25	G	C	8	0.7446454011223376	0.0824548797761365	0.001550741723083588	0.7437827944019767	0.09886584416602254	0.9694674852927249	ref	0.7446454011223376	0.001550741723083588	0.09886584416602254	113
chr2	149069386	149069387	1.1	rs16826443	30	G	C	10	0.46159035379026375	0.6602066562272438	0.9757241313323742	0.0017035853346533754	1.0	0.08902513629899961	alt	0.6602066562272438	0.0017035853346533754	0.08902513629899961	113
chr2	150133709	150133710	1.0	rs68028498	39	T	C	8	-0.40583645703250837	1.0168272976461112	0.995919820833194	6.0689249060395186e-05	1.0	0.02243717237321081	alt	1.0168272976461112	6.0689249060395186e-05	0.02243717237321081	113
chr2	150133842	150133843	1.1111111111111112	rs66854919	32	T	C	9	-0.1946049079377616	0.7032306641149844	0.9761416712941824	0.001253746946683001	1.0	0.07798906745625021	alt	0.7032306641149844	0.001253746946683001	0.07798906745625021	113
chr2	152717577	152717578	1.0909090909090908	rs2293680	60	G	C	11	-0.12398384289441086	0.7570430078925116	0.9007205189696552	0.00037742962352906414	0.9799253006273642	0.04235973542643157	alt	0.7570430078925116	0.00037742962352906414	0.04235973542643157	113
chr2	169694445	169694446	1.125	rs1446901	69	A	C	12	-0.02263572836593853	1.1994114174645931	0.9990773705920807	1.9602728847598716e-06	1.0	0.0020533858467859656	alt	1.1994114174645931	1.9602728847598716e-06	0.0020533858467859656	113
chr2	172998734	172998735	1.1	rs55985774	42	A	G	10	0.0053733140207157665	0.9333513600603572	0.9663875720757535	8.726037861432071e-05	1.0	0.024275061074996097	alt	0.9333513600603572	8.726037861432071e-05	0.024275061074996097	113
chr2	190881983	190881984	1.0	rs72907217	29	G	A	4	-1.4299419185932702	1.2799777442353604	0.9997274647629635	7.429051887552467e-06	1.0	0.0039471605882982035	alt	1.2799777442353604	7.429051887552467e-06	0.0039471605882982035	113
chr2	215982646	215982647	1.0909090909090908	rs2115569	51	T	C	11	0.7059441700859321	-0.19846160218188674	0.0003984175011098539	0.9291607186370424	0.040387967652829544	1.0	ref	0.7059441700859321	0.0003984175011098539	0.040387967652829544	113
chr2	218568633	218568634	1.1666666666666667	rs524902	50	A	C	6	1.1703303176001094	-0.4788800483757365	9.94819767433343e-05	0.9938102997630968	0.018075514797332243	1.0	ref	1.1703303176001094	9.94819767433343e-05	0.018075514797332243	113
chr2	222656077	222656078	1.4285714285714286	rs12467164	46	T	G	7	0.9917737301320683	-0.31641013145380126	0.0001348366382066326	0.9869195406956994	0.02017733978877824	1.0	ref	0.9917737301320683	0.0001348366382066326	0.02017733978877824	113
chr2	223957325	223957326	1.3	rs3738960	56	C	G	10	-0.10448912810520253	0.9224633073120124	0.8965714868690341	0.00036413137571759263	0.9789625775074168	0.04235973542643157	alt	0.9224633073120124	0.00036413137571759263	0.04235973542643157	113
chr2	233247889	233247890	1.1	rs11679791	42	G	T	10	0.9728327741805358	-0.10880110130233514	5.858971428232677e-05	0.9214708586425753	0.013151298366586562	1.0	ref	0.9728327741805358	5.858971428232677e-05	0.013151298366586562	113
chr2	237559066	237559067	1.6666666666666667	rs68155722	33	G	A	6	-0.0584266120317173	1.165906680355158	0.9976458631444928	0.00042636152674648486	1.0	0.04392921632133865	alt	1.165906680355158	0.00042636152674648486	0.04392921632133865	113
chr2	237559270	237559271	1.5714285714285714	rs1320203	52	A	G	7	-0.9287237062244332	1.2485336636534516	0.9996152137581225	6.004570869847608e-06	1.0	0.0039471605882982035	alt	1.2485336636534516	6.004570869847608e-06	0.0039471605882982035	113
chr2	238061015	238061016	1.3636363636363635	rs113465114	62	C	T	11	0.7868721862612517	0.06533860030031476	0.0011254539364044507	0.9811154993125071	0.08522262638918039	1.0	ref	0.7868721862612517	0.0011254539364044507	0.08522262638918039	113
chr2	238684596	238684597	1.1111111111111112	rs6705415	44	G	T	9	-0.22096893404798731	1.0550608277655562	0.9981260234473537	7.536344798660055e-06	1.0	0.0039471605882982035	alt	1.0550608277655562	7.536344798660055e-06	0.0039471605882982035	113
chr2	239531980	239531981	1.2857142857142858	rs58644382	30	G	A	7	-0.45463603619386683	1.281035159147065	0.9999324248729281	8.598962396771596e-07	1.0	0.0010808895732741894	alt	1.281035159147065	8.598962396771596e-07	0.0010808895732741894	113
chr2	241149505	241149506	1.4166666666666667	rs3806599	56	A	C	12	1.1871898646904837	-0.5107943579838188	1.8332179443518523e-07	0.9998931893706096	0.00016459678257501988	1.0	ref	1.1871898646904837	1.8332179443518523e-07	0.00016459678257501988	113
chr20	31560295	31560296	1.375	rs6059984	29	C	T	8	-0.6808499489926061	0.7348226147344885	0.9990570151005418	0.0017139286383737397	1.0	0.08902513629899961	alt	0.7348226147344885	0.0017139286383737397	0.08902513629899961	113
chr20	31572855	31572856	1.3	rs73235714	42	T	C	10	-0.3618108636559947	0.8178371803041635	0.9880086151871437	0.0002488246078359999	1.0	0.03734337647064966	alt	0.8178371803041635	0.0002488246078359999	0.03734337647064966	113
chr20	31573319	31573320	1.3	rs1471782	59	G	A	10	-0.3377941732987243	0.872807639905177	0.9953557144389625	0.00017794214577310314	1.0	0.032893129005410394	alt	0.872807639905177	0.00017794214577310314	0.032893129005410394	113
chr20	31605267	31605268	1.3	rs6060262	40	A	C	10	-0.0016017650659795601	0.7828552033364291	0.9919278224255124	0.001267151995734454	1.0	0.07798906745625021	alt	0.7828552033364291	0.001267151995734454	0.07798906745625021	113
chr20	31723592	31723593	1.3636363636363635	rs45443696	67	A	C	11	-0.2346832712301625	0.741388193262227	0.9975615253850113	0.0003116800613223931	1.0	0.039767434906288736	alt	0.741388193262227	0.0003116800613223931	0.039767434906288736	113
chr20	40892940	40892941	1.4375	rs6129700	35	A	G	8	-0.5149876268132901	0.8232991050196734	0.9574064422752052	0.001987876316333695	1.0	0.09685118331904863	alt	0.8232991050196734	0.001987876316333695	0.09685118331904863	113
chr20	42019179	42019180	1.4375	rs72626506	26	C	T	8	-0.10560439846689924	0.9261089810883677	0.9937179890725456	0.0015172680020413478	1.0	0.08428498470225751	alt	0.9261089810883677	0.0015172680020413478	0.08428498470225751	113
chr20	45993598	45993599	1.3	rs73128584	53	T	C	10	-0.020739624317204504	0.8092601413324255	0.8251640037014071	0.0009710454708050208	0.9559123793002002	0.07014966418401787	alt	0.8092601413324255	0.0009710454708050208	0.07014966418401787	113
chr20	48697906	48697907	2.8333333333333335	rs1040559	43	A	G	6	-0.6303382307505702	1.1917632938227822	0.9317136770999712	0.0001615691495424628	0.9923437486143567	0.03200563632435015	alt	1.1917632938227822	0.0001615691495424628	0.03200563632435015	113
chr20	51767139	51767140	3.0	rs6096573	53	C	T	4	-0.6331455470954773	1.3245258456540077	0.9940167070246096	0.0006302202488516575	1.0	0.05300866823322352	alt	1.3245258456540077	0.0006302202488516575	0.05300866823322352	113
chr20	54194844	54194845	3.0	rs6023015	64	C	G	1	-1.9873385566663937	2.2323267703363596	1.0	0.0019024907853749111	1.0	0.09412343657058798	alt	2.2323267703363596	0.0019024907853749111	0.09412343657058798	113
chr20	57435909	57435910	3.0	rs6099621	68	A	G	8	-0.3672778755556242	1.0702029780011828	0.8916013955444612	0.0002404823613080341	0.9775923802454676	0.03734337647064966	alt	1.0702029780011828	0.0002404823613080341	0.03734337647064966	113
chr22	38705613	38705614	1.3333333333333333	rs2267393	38	G	C	6	0.986521177069049	-0.8792573625861091	0.00037652993095873947	0.9996397315728943	0.03879492813238816	1.0	ref	0.986521177069049	0.00037652993095873947	0.03879492813238816	113
chr22	38705627	38705628	1.3333333333333333	rs2267394	41	T	C	6	1.0143459235272516	-0.979977223911352	0.00026454824701097095	0.9975839321442387	0.028666995387309525	1.0	ref	1.0143459235272516	0.00026454824701097095	0.028666995387309525	113
chr3	62666048	62666049	2.6666666666666665	rs1355548	39	T	G	3	2.0620596194542276	-0.13978489214697434	8.504710568835061e-06	0.9999795253545057	0.0033407566203205222	1.0	ref	2.0620596194542276	8.504710568835061e-06	0.0033407566203205222	113
chr3	98039778	98039779	1.3	rs937128	22	C	T	5	-0.43927089844749734	0.9297993999461647	0.7342908784628699	0.0015287968585612343	0.9318653739161245	0.08428498470225751	alt	0.9297993999461647	0.0015287968585612343	0.08428498470225751	113
chr3	112562283	112562284	1.1818181818181819	rs28365853	52	C	T	11	0.9227646113914996	0.8254413767639347	0.0015573140131163454	0.766139533860122	0.09886584416602254	0.9739455846098032	ref	0.9227646113914996	0.0015573140131163454	0.09886584416602254	113
chr3	121749946	121749947	1.1818181818181819	rs1574133	51	G	C	11	0.6202760189498742	0.8753067271689206	0.8957261258652621	0.0005757580450363081	0.9789625775074168	0.051820239210064054	alt	0.8753067271689206	0.0005757580450363081	0.051820239210064054	113
chr3	130111581	130111582	1.0	rs72990317	32	A	G	2	1.8464511179783263	-1.8883785712093717	1.3704810478133396e-05	0.9968406705253724	0.004306736692753419	1.0	ref	1.8464511179783263	1.3704810478133396e-05	0.004306736692753419	113
chr3	130111649	130111650	1.5	rs10934907	46	T	C	2	1.4240314017970668	-1.162868417348928	0.001390022580707603	0.987930702933758	0.09364312933095156	1.0	ref	1.4240314017970668	0.001390022580707603	0.09364312933095156	113
chr3	130112117	130112118	1.3333333333333333	rs113421391	29	G	C	9	0.6983415056380469	-0.30248664228476424	0.0015881494258389041	0.9866835921223024	0.09981519141397512	1.0	ref	0.6983415056380469	0.0015881494258389041	0.09981519141397512	113
chr3	130480893	130480894	1.2857142857142858	rs2971565	28	A	G	7	-0.37835386250130587	1.1094144612973285	0.6931366777331676	0.0007495949508860961	0.9259336719530274	0.0587342983886323	alt	1.1094144612973285	0.0007495949508860961	0.0587342983886323	113
chr3	142724100	142724101	1.2222222222222223	rs62278493	32	G	C	9	-0.33004154833524385	0.7563639271788838	0.98258342298336	0.0011742542471695234	1.0	0.07798906745625021	alt	0.7563639271788838	0.0011742542471695234	0.07798906745625021	113
chr3	151809090	151809091	1.2857142857142858	rs56350252	35	C	A	7	-0.5568224432579827	0.8914198745404751	0.9866194016970953	0.00032162138342635963	1.0	0.039767434906288736	alt	0.8914198745404751	0.00032162138342635963	0.039767434906288736	113
chr3	155870358	155870359	1.4	rs11706359	64	T	C	10	1.0467379854752084	-0.22094932920470894	1.2182742814424958e-05	0.9881384825293048	0.00407354678260758	1.0	ref	1.0467379854752084	1.2182742814424958e-05	0.00407354678260758	113
chr3	156826794	156826795	1.3	rs344071	30	C	T	10	-0.2933299868534763	0.8832596958628204	0.7622341077149855	0.001286340908629065	0.9408767336863575	0.07798906745625021	alt	0.8832596958628204	0.001286340908629065	0.07798906745625021	113
chr3	158672750	158672751	2.0	rs17698034	40	A	G	9	-0.29793592812408665	1.1689483188503609	0.9867643790523118	8.883475015511698e-05	1.0	0.024275061074996097	alt	1.1689483188503609	8.883475015511698e-05	0.024275061074996097	113
chr3	160449893	160449894	2.4285714285714284	rs568147726	54	A	G	7	-0.3756484762610872	1.0691211757062158	0.8841639670764777	0.0006000350197747769	0.9743942719753923	0.051820239210064054	alt	1.0691211757062158	0.0006000350197747769	0.051820239210064054	113
chr3	161371520	161371521	2.9	rs80349259	70	G	T	10	1.0541653137592593	-0.1603609345125486	0.0001162899549325046	0.9855038626903866	0.01975357747975112	1.0	ref	1.0541653137592593	0.0001162899549325046	0.01975357747975112	113
chr3	161371671	161371672	3.0	rs455739	51	G	A	9	1.0438623504344937	-0.3491417046565422	0.00014781292428885573	0.9928323700679311	0.021002981783914326	1.0	ref	1.0438623504344937	0.00014781292428885573	0.021002981783914326	113
chr3	184363582	184363583	1.5	rs41559914	34	G	T	2	-0.5061848503904698	1.6765444244215062	0.9836444659908204	0.0013502541418981672	1.0	0.07931165683953252	alt	1.6765444244215062	0.0013502541418981672	0.07931165683953252	113
chr3	184565903	184565904	1.9	rs35112242	51	T	G	10	-0.35400111353334635	0.7003295183868318	0.8612846162573415	0.0015963592607432411	0.9662930762544434	0.0864757857272002	alt	0.7003295183868318	0.0015963592607432411	0.0864757857272002	113
chr3	192273676	192273677	2.0	rs1979697	36	T	C	7	1.0972892164444898	-0.4966363855821239	0.00016282899878665154	0.9927779197775174	0.021774048029236277	1.0	ref	1.0972892164444898	0.00016282899878665154	0.021774048029236277	113
chr3	193872534	193872535	2.0	rs115522807	48	A	G	8	-0.22310988872616389	1.1927353824854154	0.9664837338100173	0.0002666134175786495	1.0	0.03784089138186759	alt	1.1927353824854154	0.0002666134175786495	0.03784089138186759	113
chr4	7068076	7068077	1.8571428571428572	rs3822270	32	C	A	7	-0.5767837024318228	0.8948610550909167	0.9664128842803024	0.0008536984992389936	1.0	0.06238947753159389	alt	0.8948610550909167	0.0008536984992389936	0.06238947753159389	113
chr4	108620459	108620460	1.375	rs3796935	47	T	C	8	1.0451681360913594	-0.44525930912774025	5.6686458686551014e-05	0.9995962119021226	0.013151298366586562	1.0	ref	1.0451681360913594	5.6686458686551014e-05	0.013151298366586562	113
chr4	112637445	112637446	1.4444444444444444	rs13146963	44	A	G	9	0.8099530879507371	-0.3250075342985896	0.000643100951997639	0.9427972786929151	0.05460648381303603	1.0	ref	0.8099530879507371	0.000643100951997639	0.05460648381303603	113
chr4	112637483	112637484	1.3571428571428572	rs78940827	44	C	A	7	-0.3304304239808714	1.0417416172621878	0.9153505865556901	0.00014734223030747192	0.9872967970658165	0.03163478439886896	alt	1.0417416172621878	0.00014734223030747192	0.03163478439886896	113
chr4	124610382	124610383	1.2857142857142858	rs9993557	31	A	T	7	0.8857592825149279	-0.7001753888644877	0.0005059631203359395	0.97697772119688	0.04608664074364318	1.0	ref	0.8857592825149279	0.0005059631203359395	0.04608664074364318	113
chr4	175127558	175127559	1.2857142857142858	rs330477	43	G	A	7	-0.9515569313173817	1.1008628737518955	0.9999719611872337	1.2529829599608343e-05	1.0	0.0056249985023956025	alt	1.1008628737518955	1.2529829599608343e-05	0.0056249985023956025	113
chr5	178081893	178081894	3.5	rs58184656	47	C	T	4	1.4645173597824077	-1.151647624009625	0.0002000250896681206	0.9588286043706817	0.02465015075615957	1.0	ref	1.4645173597824077	0.0002000250896681206	0.02465015075615957	113
chr6	15949514	15949515	2.0	rs1122664	35	A	G	7	1.0773021312839424	-0.14361903964736436	0.0002541400806835914	0.5838023813293437	0.028329924879922128	0.9369166145710932	ref	1.0773021312839424	0.0002541400806835914	0.028329924879922128	113
chr6	31620092	31620093	1.85	rs2857694	35	A	T	10	-0.6446147887136926	1.005196097578071	0.9990858702165442	0.00010123961135740197	1.0	0.02651212322421964	alt	1.005196097578071	0.00010123961135740197	0.02651212322421964	113
chr6	110815594	110815595	1.7727272727272727	rs706932	49	C	G	11	0.8594813923690253	-0.32294893357295584	0.00033058978114570314	0.9482718132954917	0.03521621651696177	1.0	ref	0.8594813923690253	0.00033058978114570314	0.03521621651696177	113
chr6	151658112	151658113	1.9	rs851969	30	A	G	5	-0.7967157673867464	0.9503909663267671	0.9957889794636942	0.0021137719973558134	1.0	0.09988764664196456	alt	0.9503909663267671	0.0021137719973558134	0.09988764664196456	113
chr7	36153084	36153085	3.2222222222222223	rs12540878	80	C	G	9	1.075331915344417	-0.1752288979212369	0.0002112641039606242	0.7552738701870796	0.025534517180625445	0.970338567891618	ref	1.075331915344417	0.0002112641039606242	0.025534517180625445	113
chr7	39733395	39733396	3.375	rs12701758	61	G	A	8	-0.2733219748144162	1.1040449925649949	0.9792194865199432	0.0004072382495111282	1.0	0.04338122708775324	alt	1.1040449925649949	0.0004072382495111282	0.04338122708775324	113
chr7	44200963	44200964	3.1	rs35832856	49	C	T	10	0.7794647614606516	-0.49523655168963165	0.0005914776523294165	0.9789966433135804	0.05235826823789272	1.0	ref	0.7794647614606516	0.0005914776523294165	0.05235826823789272	113
chr7	73742984	73742985	2.35	rs34062071	54	C	T	10	0.931747973044729	-0.2661951703653534	0.0005767526258213931	0.985350494342247	0.05178414647553508	1.0	ref	0.931747973044729	0.0005767526258213931	0.05178414647553508	113
chr7	91264297	91264298	2.1875	rs2232153	62	G	T	8	0.9367528996665501	-0.10583435529397944	0.0014311596457627623	0.7382205662787029	0.09468250919598906	0.9694674852927249	ref	0.9367528996665501	0.0014311596457627623	0.09468250919598906	113
chr7	93232347	93232348	2.3181818181818183	rs76810131	46	C	T	11	-0.3064103597664483	0.791165902370442	0.9555406320516731	0.00072928118832378	1.0	0.05801939580525262	alt	0.791165902370442	0.00072928118832378	0.05801939580525262	113
chr7	98315802	98315803	2.5	rs9648907	43	C	T	8	-0.2160457165498041	0.8946695160469156	0.9012312109193434	0.001205204472570295	0.9801410918884007	0.07798906745625021	alt	0.8946695160469156	0.001205204472570295	0.07798906745625021	113
chr7	100101545	100101546	2.3125	rs1534310	81	A	T	8	-0.3410583642830387	0.9853338619053866	0.9495634032624162	0.0014877677646597711	1.0	0.08428498470225751	alt	0.9853338619053866	0.0014877677646597711	0.08428498470225751	113
chr7	106365390	106365391	1.8571428571428572	rs2705001	41	A	G	7	-0.7088909199247914	0.9819251935236114	0.9926691155597015	0.00039870783748549815	1.0	0.04338122708775324	alt	0.9819251935236114	0.00039870783748549815	0.04338122708775324	113
chr7	108526345	108526346	1.7222222222222223	rs40897	86	A	G	9	-0.3997948917775733	1.1773765205963995	0.9955299807858473	9.81758868282705e-06	1.0	0.004746426528582154	alt	1.1773765205963995	9.81758868282705e-06	0.004746426528582154	113
chr7	127651949	127651950	1.7	rs73234873	57	C	T	10	1.1811870335025973	0.07569787970699923	4.403388110305053e-06	0.9942339197319967	0.0019097615966894908	1.0	ref	1.1811870335025973	4.403388110305053e-06	0.0019097615966894908	113
chr7	127651966	127651967	1.7	rs73234874	60	G	A	10	0.9134042198014977	-0.3968663881778137	0.00010190998278748398	0.9887009762053436	0.018075514797332243	1.0	ref	0.9134042198014977	0.00010190998278748398	0.018075514797332243	113
chr7	159015724	159015725	1.375	rs2527180	37	C	T	4	1.3200438725658028	-1.047330965998789	7.888574043635641e-05	0.9781149347193118	0.016526562621416666	1.0	ref	1.3200438725658028	7.888574043635641e-05	0.016526562621416666	113
chr8	73972294	73972295	1.9	rs6990813	48	G	T	10	0.7657486647796553	-0.15700136130379086	0.0013704433140304822	0.9539165825213117	0.09362213292045196	1.0	ref	0.7657486647796553	0.0013704433140304822	0.09362213292045196	113
chr8	94968479	94968480	2.0	rs6982393	29	T	C	7	-0.3602493713050996	0.8771470708718723	0.9697726108499318	0.0019107083211973228	1.0	0.09412343657058798	alt	0.8771470708718723	0.0019107083211973228	0.09412343657058798	113
chr8	95071732	95071733	2.0	rs2678826	41	C	T	8	-0.42103247504828206	0.7696052162950695	0.8847742302614741	0.001623570837837649	0.9747249846088282	0.0864757857272002	alt	0.7696052162950695	0.001623570837837649	0.0864757857272002	113
chr8	102238762	102238763	1.9	rs28999669	50	C	T	10	-0.5842530247126367	0.7432935281998465	0.9907166384645715	0.002087952401227877	1.0	0.0994150063766455	alt	0.7432935281998465	0.002087952401227877	0.0994150063766455	113
chr8	104589399	104589400	1.8888888888888888	rs77292833	72	C	G	9	1.2689747493532046	-0.6428597747185859	4.557903572051291e-06	0.9997693669006311	0.0019097615966894908	1.0	ref	1.2689747493532046	4.557903572051291e-06	0.0019097615966894908	113
chr8	124450759	124450760	1.9090909090909092	rs79997881	38	C	T	11	-0.4198987876479502	0.9217938826062231	0.9907184093083974	0.0002709371697985746	1.0	0.03784089138186759	alt	0.9217938826062231	0.0002709371697985746	0.03784089138186759	113
chr8	124856992	124856993	1.9	rs117835247	51	G	C	10	-0.5791086728643561	1.1650849986250567	0.9994186019155367	3.21660468319226e-06	1.0	0.0028880514905519077	alt	1.1650849986250567	3.21660468319226e-06	0.0028880514905519077	113
chr8	126383849	126383850	1.9166666666666667	rs59893644	34	G	C	6	-0.4676417055373128	1.098488072915033	0.9600587173483968	0.0008253439524933798	1.0	0.061069624242757276	alt	1.098488072915033	0.0008253439524933798	0.061069624242757276	113
chr8	133674915	133674916	2.0	rs2922458	36	G	C	7	0.8731703510471921	-0.7136950904796984	0.0009195466553180415	0.9822110325561089	0.07409424011120373	1.0	ref	0.8731703510471921	0.0009195466553180415	0.07409424011120373	113
chr8	143771643	143771644	1.8571428571428572	rs7840691	45	G	T	7	-0.5839447318222821	1.1904903067458599	0.960150407711404	0.0005886489898211087	1.0	0.051820239210064054	alt	1.1904903067458599	0.0005886489898211087	0.051820239210064054	113
chr9	89022388	89022389	1.9285714285714286	rs10780221	42	G	A	7	-0.5833843680000352	1.1497403163725188	0.993883112204658	8.508455401444257e-05	1.0	0.024275061074996097	alt	1.1497403163725188	8.508455401444257e-05	0.024275061074996097	113
chr9	89604885	89604886	1.75	rs3138496	38	C	T	6	-0.8077096804126331	0.9946352425694289	0.9873908222931594	0.0005394218421930489	1.0	0.0506009892266166	alt	0.9946352425694289	0.0005394218421930489	0.0506009892266166	113
chr9	92152146	92152147	1.75	rs7860710	38	C	T	6	1.2154664389692833	-0.6780221185014317	0.00017567803758147452	0.9522247733524916	0.022533397269378926	1.0	ref	1.2154664389692833	0.00017567803758147452	0.022533397269378926	113
chr9	98172767	98172768	1.8333333333333333	rs2275710	30	C	T	9	-0.5176006047339363	0.8134194086166822	0.9930070671473215	0.0006540910792021868	1.0	0.054091610957707155	alt	0.8134194086166822	0.0006540910792021868	0.054091610957707155	113
chr9	115591686	115591687	1.5	rs62575263	31	G	A	7	0.8337592996122012	-0.6726474755265919	0.0013143005566812079	0.98859742396878	0.09281324717686956	1.0	ref	0.8337592996122012	0.0013143005566812079	0.09281324717686956	113
chr9	121598266	121598267	1.5555555555555556	rs7038469	29	C	T	9	0.9270608377873252	-0.20180093467956342	0.00012644854806812732	0.9838948582190327	0.02017733978877824	1.0	ref	0.9270608377873252	0.00012644854806812732	0.02017733978877824	113
chr9	125189930	125189931	1.3636363636363635	rs459311	73	G	T	11	0.2038620178331312	0.7310324619334663	0.9451903885861683	0.0011655856094583807	0.9988715718105264	0.07798906745625021	alt	0.7310324619334663	0.0011655856094583807	0.07798906745625021	113
chr9	126661822	126661823	1.3	rs76187783	66	G	A	10	-0.22911116798049613	0.8335990508426324	0.9893628316648759	0.0004905350421148809	1.0	0.04671231423775797	alt	0.8335990508426324	0.0004905350421148809	0.04671231423775797	113
chr9	126914611	126914612	1.2777777777777777	rs3118831	42	G	A	9	-0.17780999385221133	0.9028330343981187	0.9995531396728484	0.0004149921584251383	1.0	0.043470428595033236	alt	0.9028330343981187	0.0004149921584251383	0.043470428595033236	113
chr9	129824188	129824189	1.3	rs13300897	72	C	T	10	-0.15484770176202217	0.7010089853026463	0.9257894449929972	0.0014940859961183764	0.9892600631444275	0.08428498470225751	alt	0.7010089853026463	0.0014940859961183764	0.08428498470225751	113
chr9	131383391	131383392	1.25	rs542305	29	A	G	8	-0.38846342555640395	0.868929405555642	0.9970769011414317	0.0005915960504639483	1.0	0.051820239210064054	alt	0.868929405555642	0.0005915960504639483	0.051820239210064054	113
chr9	131744867	131744868	1.2777777777777777	rs720769	57	G	A	9	-0.2256414750265523	0.8482258052467379	0.9578035027302131	0.00048749215328089054	1.0	0.04671231423775797	alt	0.8482258052467379	0.00048749215328089054	0.04671231423775797	113
chr9	133030669	133030670	1.2777777777777777	rs650627	43	C	T	9	0.9931708713655201	-0.5422582114482147	1.9804602842120914e-05	0.9981963113801214	0.005927234707749045	1.0	ref	0.9931708713655201	1.9804602842120914e-05	0.005927234707749045	113
chr9	133133861	133133862	1.2777777777777777	rs542336	32	T	C	9	1.309710920708505	0.5172686101713165	4.7902413313253126e-05	0.9244055412095636	0.01157948721822292	1.0	ref	1.309710920708505	4.7902413313253126e-05	0.01157948721822292	113
chr9	136800116	136800117	1.3	rs7859194	55	A	C	10	0.8569270280375179	-0.005852699480321202	0.0002489501751298467	0.9926627939123251	0.028329924879922128	1.0	ref	0.8569270280375179	0.0002489501751298467	0.028329924879922128	113
