#chr	start	end	mean_bad	id	max_cover	ref	alt	n_reps	ref_comb_es	alt_comb_es	ref_comb_pval	alt_comb_pval	ref_fdr_comb_pval	alt_fdr_comb_pval	pref_allele	comb_es	comb_pval	fdr_comb_pval	867
1	15526780	15526781	1.1666666666666667	rs12741552	39	T	C	6	1.2039557304034303	-1.2708737225298778	1.1177078610246911e-05	0.9989387618669029	0.0019722463256808412	1.0	ref	1.2039557304034303	1.1177078610246911e-05	0.0019722463256808412	867
1	15526793	15526794	1.1428571428571428	rs35718454	35	T	G	7	1.2986812967769836	-1.0031087388122388	2.8555317774128934e-06	0.9999936649068278	0.0006928233974948032	1.0	ref	1.2986812967769836	2.8555317774128934e-06	0.0006928233974948032	867
1	16896592	16896593	1.1	rs74055961	23	A	G	5	0.8734709826748186	-0.683606280487989	0.002171310724334083	0.9783728944512039	0.04347885847613543	1.0	ref	0.8734709826748186	0.002171310724334083	0.04347885847613543	867
1	29570216	29570217	1.0	rs28435157	25	T	C	2	1.4315608899563201	-1.7182435517147168	0.00028527366331031483	1.0	0.01628577001427415	1.0	ref	1.4315608899563201	0.00028527366331031483	0.01628577001427415	867
1	44328087	44328088	1.1428571428571428	rs11210982	33	G	A	7	-0.11793058060813842	1.1260571442187477	0.9990561700961934	2.8681671611910642e-05	1.0	0.0050610113271562325	alt	1.1260571442187477	2.8681671611910642e-05	0.0050610113271562325	867
1	58546731	58546732	1.1428571428571428	rs1109896	32	A	C	7	0.6953220204841013	-0.4453441411323401	0.003190205268184613	0.9599756204150499	0.05143481218382917	1.0	ref	0.6953220204841013	0.003190205268184613	0.05143481218382917	867
1	58546758	58546759	1.1428571428571428	rs1109895	23	C	T	7	0.7493355621962219	-0.18571023102405182	0.006509704896637153	0.8244196152590931	0.08048827535183262	1.0	ref	0.7493355621962219	0.006509704896637153	0.08048827535183262	867
1	58618470	58618471	1.1428571428571428	rs11582185	36	C	G	7	0.2501312510838031	0.8445058144998504	0.9501717793336841	0.002800476741412622	1.0	0.07816666920623093	alt	0.8445058144998504	0.002800476741412622	0.07816666920623093	867
1	111755543	111755544	1.2	rs197391	22	G	C	5	-0.5877828607726197	1.0345344849889444	0.7436072271654796	0.004948451647769988	0.9158259060458095	0.09201959870252302	alt	1.0345344849889444	0.004948451647769988	0.09201959870252302	867
1	165630908	165630909	1.0	rs4147592	22	G	A	5	0.8979293052407187	-0.39905296449936317	0.0015934668678510224	0.9228588273043977	0.03866148988123543	1.0	ref	0.8979293052407187	0.0015934668678510224	0.03866148988123543	867
1	167808343	167808344	1.0	rs72697788	22	G	T	4	0.9670434054153179	-0.859696761947482	0.0006739920744621164	0.996766114987523	0.024226270676499406	1.0	ref	0.9670434054153179	0.0006739920744621164	0.024226270676499406	867
1	172662916	172662917	1.0	rs929087	27	A	G	4	1.4616397202579623	0.5089506085524897	0.001571714061609947	0.10501051286655502	0.03866148988123543	0.40259413042463044	ref	1.4616397202579623	0.001571714061609947	0.03866148988123543	867
1	173393317	173393318	1.0	rs1418191	27	T	C	6	-0.018337747454160655	0.7779605127033271	0.9630413735081909	0.00307398799091568	1.0	0.07816666920623093	alt	0.7779605127033271	0.00307398799091568	0.07816666920623093	867
1	180631869	180631870	1.0	rs4651075	25	A	G	5	-0.4849011353909507	0.6971636328365955	0.9515960329930672	0.003923604196875183	1.0	0.08188941662510463	alt	0.6971636328365955	0.003923604196875183	0.08188941662510463	867
1	181112737	181112738	1.0	rs72709683	24	A	G	7	0.815279691422436	-0.44596154389572384	0.0005409018212880289	0.9928758956199432	0.021426335410613555	1.0	ref	0.815279691422436	0.0005409018212880289	0.021426335410613555	867
1	201191880	201191881	1.0	rs10920141	32	G	A	3	1.1282558877026525	-0.1939141122354497	0.0028642823667082017	0.9503502537537374	0.05054156430709654	1.0	ref	1.1282558877026525	0.0028642823667082017	0.05054156430709654	867
1	201593475	201593476	1.0	rs685982	23	T	A	5	-0.41159526262078827	0.8627095748015082	0.9925881834348872	0.0008893501984605295	1.0	0.046654830681402366	alt	0.8627095748015082	0.0008893501984605295	0.046654830681402366	867
1	201636587	201636588	1.0	rs10920222	22	A	C	5	-0.9078311016812396	0.8483450794791327	0.9927835880841814	0.0016804800223657564	1.0	0.06154361742286666	alt	0.8483450794791327	0.0016804800223657564	0.06154361742286666	867
1	205141817	205141818	1.0	rs12136320	20	T	C	4	0.7616468031042888	-0.724703278675835	0.0039013428161748078	0.9684003502583226	0.05699651588391919	1.0	ref	0.7616468031042888	0.0039013428161748078	0.05699651588391919	867
1	211639686	211639687	1.0	rs4245741	23	C	T	4	1.2371124021995534	-1.5205510642625115	1.760802171748996e-05	1.0	0.0027171880131042193	1.0	ref	1.2371124021995534	1.760802171748996e-05	0.0027171880131042193	867
1	220962328	220962329	1.0	rs10495159	21	A	G	4	0.2820191962613243	1.055049516825565	0.8867400208660816	0.003136137514902638	0.9863660301109286	0.07816666920623093	alt	1.055049516825565	0.003136137514902638	0.07816666920623093	867
1	222644327	222644328	1.0	rs61824281	22	C	T	7	0.8926747753931943	-0.19533628783064397	0.0030910144759072247	0.8992828625233126	0.05127913758748652	1.0	ref	0.8926747753931943	0.0030910144759072247	0.05127913758748652	867
1	224080296	224080297	1.0	rs6699110	26	T	C	4	0.891269221784889	-0.7442442837757082	0.0016272349195062359	0.9780338996431364	0.03893008693345088	1.0	ref	0.891269221784889	0.0016272349195062359	0.03893008693345088	867
1	236795231	236795232	1.0	rs28372871	25	G	T	7	0.08419900757034599	0.8770675017602174	0.9699442481808775	0.0024375510630202726	1.0	0.07631107440842498	alt	0.8770675017602174	0.0024375510630202726	0.07631107440842498	867
1	240313170	240313171	1.0	rs4457561	27	G	A	5	0.45040181489409187	1.1222813936502942	0.9789729009498005	0.0020529334132459182	1.0	0.06532366811656275	alt	1.1222813936502942	0.0020529334132459182	0.06532366811656275	867
1	246609055	246609056	1.0	rs3007406	28	G	A	7	0.32156814583284	1.2944324723563112	0.7786317699924532	0.0003610350731264555	0.9403297660791065	0.02390193214062996	alt	1.2944324723563112	0.0003610350731264555	0.02390193214062996	867
10	51868072	51868073	1.0	rs7071831	31	T	C	7	0.24295289990584468	0.9475420963817209	0.8003170288619966	0.004405465019947801	0.9497245646161567	0.08466344162097705	alt	0.9475420963817209	0.004405465019947801	0.08466344162097705	867
10	80463534	80463535	1.0	rs11203034	21	C	T	3	1.1454573848755314	-0.2146519809648959	0.002123203175857953	0.6693203881263751	0.04347885847613543	0.9257964232746697	ref	1.1454573848755314	0.002123203175857953	0.04347885847613543	867
10	89515755	89515756	1.0	rs7087139	32	A	G	7	-0.27681968621525727	1.133432281028593	0.9992655962203673	4.188451626992883e-06	1.0	0.0016689693552455031	alt	1.133432281028593	4.188451626992883e-06	0.0016689693552455031	867
10	98361320	98361321	1.0	rs59252894	31	C	T	7	0.8434338852499053	-0.20102903376796577	0.0007688323705066308	0.9462269610948908	0.026648279127738757	1.0	ref	0.8434338852499053	0.0007688323705066308	0.026648279127738757	867
10	99977160	99977161	1.0	rs7078153	31	A	G	7	-0.07557321757966827	1.0430831170242432	0.9980307446301655	0.00011683507668258342	1.0	0.013631102556751396	alt	1.0430831170242432	0.00011683507668258342	0.013631102556751396	867
10	103800999	103801000	1.0	rs77646160	25	G	C	7	0.001331899378327589	0.7325983932377682	0.9500944371110185	0.002551759316568361	1.0	0.07816666920623093	alt	0.7325983932377682	0.002551759316568361	0.07816666920623093	867
10	110526054	110526055	1.0	rs11195166	31	G	T	2	1.5785086043185337	-1.5396646115632167	0.00014265064842848994	0.9984825405535372	0.010649419561526883	1.0	ref	1.5785086043185337	0.00014265064842848994	0.010649419561526883	867
10	119401711	119401712	1.0	rs10886475	23	G	A	6	0.9441747733139595	-0.21212645969426755	0.002104551741727418	0.9528707473405553	0.04347885847613543	1.0	ref	0.9441747733139595	0.002104551741727418	0.04347885847613543	867
10	126062614	126062615	1.0	rs1278275	37	A	G	7	-0.46988449783997743	0.8364677025767943	0.9601852886969297	0.0001973853623323048	1.0	0.018556153393462373	alt	0.8364677025767943	0.0001973853623323048	0.018556153393462373	867
11	12080203	12080204	1.0	rs1994323	28	A	C	5	-0.4929497550865227	1.13583666210408	0.9997993531107106	1.886511562118567e-05	1.0	0.004439581072651841	alt	1.13583666210408	1.886511562118567e-05	0.004439581072651841	867
11	12138493	12138494	1.0	rs1110007	27	G	T	6	-0.41792000495989556	0.895094916240971	0.9783302586231717	0.0011685417123379763	1.0	0.0533891731745549	alt	0.895094916240971	0.0011685417123379763	0.0533891731745549	867
11	12201144	12201145	1.0	rs61875234	27	C	T	7	0.6906161843059921	-0.2490693058696845	0.003168677650419585	0.8823185618682384	0.05143481218382917	1.0	ref	0.6906161843059921	0.003168677650419585	0.05143481218382917	867
11	12398176	12398177	1.0	rs61875447	29	G	T	3	-0.7283648121644228	0.9119184429936382	0.958964025851395	0.003603896821081774	1.0	0.08040418080137612	alt	0.9119184429936382	0.003603896821081774	0.08040418080137612	867
11	12398210	12398211	1.0	rs61875448	33	G	A	3	-0.6098517427191924	0.9665859715940588	0.9411334085816171	0.0032619784676479677	1.0	0.07816666920623093	alt	0.9665859715940588	0.0032619784676479677	0.07816666920623093	867
11	13216161	13216162	1.0	rs11022710	21	T	C	7	-0.4615981866915172	0.5679741853398232	0.9565254602779112	0.0042345515170457435	1.0	0.08348906875470369	alt	0.5679741853398232	0.0042345515170457435	0.08348906875470369	867
11	20387459	20387460	1.0	rs76066547	27	T	C	7	-0.21506839167357966	0.6752204681915044	0.8229974496021698	0.0040634355023335105	0.9617327210582852	0.08236335583095587	alt	0.6752204681915044	0.0040634355023335105	0.08236335583095587	867
11	20387461	20387462	1.0	rs11025544	27	C	G	7	0.6201576617495821	-0.15174562336262393	0.009018342548635818	0.7462740403371553	0.0980915482957966	0.9696909299855767	ref	0.6201576617495821	0.009018342548635818	0.0980915482957966	867
11	26231305	26231306	1.0	rs2349810	24	T	C	2	1.2558759475658943	-1.3406156444118178	0.0012314761206053293	0.996659635925652	0.03366612887457668	1.0	ref	1.2558759475658943	0.0012314761206053293	0.03366612887457668	867
11	26231393	26231394	1.0	rs2349811	20	C	T	4	0.7429994436990262	-0.4848497267223922	0.00737692545516697	0.976262713036502	0.08602536093243716	1.0	ref	0.7429994436990262	0.00737692545516697	0.08602536093243716	867
11	26231445	26231446	1.0	rs12801876	27	A	G	4	1.1062489141200929	-0.9602830404606152	0.00018607406318079685	0.9939909301484526	0.012898919879783097	1.0	ref	1.1062489141200929	0.00018607406318079685	0.012898919879783097	867
11	35623893	35623894	1.0	rs59364489	27	G	C	3	1.0383681353729555	-0.8355123749373249	0.0011796630275026651	0.9740767681961378	0.03366612887457668	1.0	ref	1.0383681353729555	0.0011796630275026651	0.03366612887457668	867
11	35623901	35623902	1.0	rs610531	24	T	C	1	1.3933848983191166	-1.6812566502311816	0.006105615033707675	1.0	0.07848343563196421	1.0	ref	1.3933848983191166	0.006105615033707675	0.07848343563196421	867
11	62841617	62841618	1.0	rs531033896	36	G	A	7	-0.15017303475108476	0.7917828099627947	0.8801681475798799	0.0013939336869638673	0.9829725974985886	0.05756649545525248	alt	0.7917828099627947	0.0013939336869638673	0.05756649545525248	867
11	75348139	75348140	1.0	rs12797588	26	C	T	7	-0.3070098600616937	0.6547586879139279	0.8910685832225347	0.003439183158019163	0.9879939229470044	0.07946969654422852	alt	0.6547586879139279	0.003439183158019163	0.07946969654422852	867
11	78784884	78784885	1.0	rs1785822	27	C	T	7	0.7075375369296047	-0.3614965015420662	0.0019828464057253356	0.9520114807293886	0.04347885847613543	1.0	ref	0.7075375369296047	0.0019828464057253356	0.04347885847613543	867
11	83071935	83071936	1.0	rs12802095	40	T	C	7	0.48634306984034753	0.9235501726149136	0.7584125697482745	0.0036869870752536398	0.9245214467896605	0.08132320355758312	alt	0.9235501726149136	0.0036869870752536398	0.08132320355758312	867
11	85719353	85719354	1.0	rs678376	22	A	G	5	-0.9467769275081879	0.985494382379644	0.9933941494427374	0.001437699206190671	1.0	0.05797511063787044	alt	0.985494382379644	0.001437699206190671	0.05797511063787044	867
11	86484227	86484228	1.0	rs7943741	21	A	G	4	0.9456872853093798	1.1743759079902594	0.008996242679885372	0.17402065994710803	0.0980915482957966	0.5180584370511299	ref	0.9456872853093798	0.008996242679885372	0.0980915482957966	867
11	96156166	96156167	1.0	rs76708731	33	C	A	7	-0.7860776037814037	0.9996427312398346	0.9980838108491056	1.4789373094720339e-05	1.0	0.004100881882407454	alt	0.9996427312398346	1.4789373094720339e-05	0.004100881882407454	867
11	105047404	105047405	1.0	rs501626	40	T	C	7	0.96496185741757	-0.08794494508335113	0.0005024963010210038	0.9614022493168133	0.020319694172536838	1.0	ref	0.96496185741757	0.0005024963010210038	0.020319694172536838	867
11	108664896	108664897	1.0	rs4754342	23	T	G	5	-0.3181499501580237	0.9411429554751258	0.94202888162805	0.0013305652436730337	1.0	0.057391714177096854	alt	0.9411429554751258	0.0013305652436730337	0.057391714177096854	867
11	123175021	123175022	1.0	rs35483681	33	C	T	5	1.5251995385279273	-0.4102585711284452	2.891161485962351e-05	0.9987331328289374	0.003413283282528338	1.0	ref	1.5251995385279273	2.891161485962351e-05	0.003413283282528338	867
12	13347610	13347611	1.25	rs1479116	24	G	A	4	0.9007964681237521	-0.6771886248124437	0.005003826736063585	0.9950901237841405	0.06839737813168605	1.0	ref	0.9007964681237521	0.005003826736063585	0.06839737813168605	867
12	47103452	47103453	1.0	rs1525454	23	C	A	1	1.3153823863178435	-1.6036500502456117	0.008576261349061134	1.0	0.0951229901630152	1.0	ref	1.3153823863178435	0.008576261349061134	0.0951229901630152	867
12	57693953	57693954	1.1428571428571428	rs4760168	40	T	G	7	1.0367213205691528	-0.2906430909292831	0.000164131680752131	0.9949933723804255	0.011799244160736529	1.0	ref	1.0367213205691528	0.000164131680752131	0.011799244160736529	867
12	58750664	58750665	1.1428571428571428	rs2712500	28	A	G	7	0.8983057790352882	-0.462031351584866	0.0004088512488198686	0.982616106679377	0.019053582482169283	1.0	ref	0.8983057790352882	0.0004088512488198686	0.019053582482169283	867
12	77124898	77124899	1.25	rs11103862	23	G	T	4	-0.9593731813000752	0.8592086052087776	0.9930949953201655	0.0032064277971145306	1.0	0.07816666920623093	alt	0.8592086052087776	0.0032064277971145306	0.07816666920623093	867
12	115337816	115337817	1.1428571428571428	rs61929283	35	G	A	7	0.7495006643727848	-0.3004651845971098	0.002018178626283055	0.9845784637410693	0.04347885847613543	1.0	ref	0.7495006643727848	0.002018178626283055	0.04347885847613543	867
12	124681499	124681500	1.25	rs838493	22	A	G	4	0.9220830543615608	-1.150982273199698	0.0020738148028170635	0.9971250486115592	0.04347885847613543	1.0	ref	0.9220830543615608	0.0020738148028170635	0.04347885847613543	867
12	124682117	124682118	1.1	rs838491	27	G	A	5	1.1011288437407574	-1.2151511722173423	5.023696961792114e-05	0.9999019861226411	0.004643331334684997	1.0	ref	1.1011288437407574	5.023696961792114e-05	0.004643331334684997	867
12	127273119	127273120	1.25	rs4765525	31	A	G	4	1.3076363435339018	0.012190392880783676	0.0028603870300018368	0.993807847991292	0.05054156430709654	1.0	ref	1.3076363435339018	0.0028603870300018368	0.05054156430709654	867
12	127284111	127284112	1.25	rs9888346	22	T	G	4	0.8869113055039519	-0.9193200559690156	0.003206394783226857	0.9518363561656729	0.05143481218382917	1.0	ref	0.8869113055039519	0.003206394783226857	0.05143481218382917	867
13	20943779	20943780	1.0	rs3843679	20	G	A	3	0.7814319665571218	-0.7525696983278981	0.0081660793858932	0.9505880783557844	0.09109402349436035	1.0	ref	0.7814319665571218	0.0081660793858932	0.09109402349436035	867
13	21657775	21657776	1.0	rs117464447	22	G	A	5	0.7564945765275839	-0.5354357531800065	0.0029243192117535794	0.9811490228279258	0.05067949633940801	1.0	ref	0.7564945765275839	0.0029243192117535794	0.05067949633940801	867
13	30617836	30617837	1.0	rs751828	32	C	A	7	0.008681207714398738	0.6815437183227903	0.9474173493157222	0.003419308801745941	1.0	0.07946969654422852	alt	0.6815437183227903	0.003419308801745941	0.07946969654422852	867
13	30743882	30743883	1.0	rs4360791	23	G	A	7	0.6889174961950496	-0.34295094384392494	0.006555790104041454	0.9604343067265227	0.08048827535183262	1.0	ref	0.6889174961950496	0.006555790104041454	0.08048827535183262	867
13	33251503	33251504	1.0	rs2555595	27	T	C	4	1.0422232394317152	-0.6230621220776271	0.0003215661428421851	0.8987996901123257	0.017833139521619464	1.0	ref	1.0422232394317152	0.0003215661428421851	0.017833139521619464	867
13	37656849	37656850	1.0	rs7332871	42	C	T	7	0.8447827983963698	0.46291806430814897	0.002108427098580602	0.8724821335879355	0.04347885847613543	1.0	ref	0.8447827983963698	0.002108427098580602	0.04347885847613543	867
13	37656880	37656881	1.0	rs7331553	32	G	A	7	0.7847593466890193	-0.20580190256008285	0.004676045858825289	0.9286467227284029	0.06539149409196497	1.0	ref	0.7847593466890193	0.004676045858825289	0.06539149409196497	867
13	94601665	94601666	1.0	rs3897473	31	T	G	7	-0.22906415931404298	0.8891192874931018	0.9843927026440875	0.00016212324429815047	1.0	0.01656216932540579	alt	0.8891192874931018	0.00016212324429815047	0.01656216932540579	867
13	95271258	95271259	1.0	rs61972758	36	G	A	3	1.31411738472856	-0.514865735661696	0.00025310879235639896	0.9957792429866881	0.015847876321411946	1.0	ref	1.31411738472856	0.00025310879235639896	0.015847876321411946	867
13	107211267	107211268	1.0	rs927667	24	G	C	7	-0.3436151867028172	0.6573022255249291	0.9564208033854162	0.0027637809943801468	1.0	0.07816666920623093	alt	0.6573022255249291	0.0027637809943801468	0.07816666920623093	867
14	61252899	61252900	1.0	rs59197715	35	G	A	7	-0.21342925404909774	0.7496530398188386	0.9325340987742218	0.0012029502875015772	1.0	0.0533891731745549	alt	0.7496530398188386	0.0012029502875015772	0.0533891731745549	867
14	68663658	68663659	1.0	rs2877497	20	A	G	5	0.7789757227125303	-0.9982216890613698	0.0015270988548599302	0.9415049507339798	0.03866148988123543	1.0	ref	0.7789757227125303	0.0015270988548599302	0.03866148988123543	867
14	72665481	72665482	1.0	rs10140566	27	T	G	7	0.8659981393403049	-0.2970243497594812	0.0004036687985577367	0.9738395994202597	0.019053582482169283	1.0	ref	0.8659981393403049	0.0004036687985577367	0.019053582482169283	867
14	94600899	94600900	1.0	rs4508366	20	T	C	2	0.9400284360455093	-0.9069537180022897	0.009257708861018425	0.9264970635920864	0.0987319390067954	1.0	ref	0.9400284360455093	0.009257708861018425	0.0987319390067954	867
14	96105018	96105019	1.0	rs11850664	25	G	A	7	0.5810383215835917	-0.1719734518069183	0.00417431441100899	0.916866848500705	0.060017364976062595	1.0	ref	0.5810383215835917	0.00417431441100899	0.060017364976062595	867
14	100842975	100842976	1.0	rs76113226	21	T	C	6	0.8683783198999927	-0.01109903653088929	0.0062011004261830725	0.46304226478827487	0.07918642057382462	0.8237992996828979	ref	0.8683783198999927	0.0062011004261830725	0.07918642057382462	867
14	101001610	101001611	1.0	rs12896504	25	G	A	2	-1.5516711018507658	1.3960864346606314	0.9990871946534959	0.00024348326300233558	1.0	0.020547870151631883	alt	1.3960864346606314	0.00024348326300233558	0.020547870151631883	867
15	34650251	34650252	1.0	rs11073052	26	C	A	4	1.4223551057229806	-1.4506900672523937	2.0514117510591664e-06	0.9981921465769745	0.0006391077745295019	1.0	ref	1.4223551057229806	2.0514117510591664e-06	0.0006391077745295019	867
15	50137776	50137777	1.0	rs62023189	25	T	A	5	-1.0778072302437351	1.0127551871480405	0.9949580981263744	5.410788387277973e-05	1.0	0.008078723276697343	alt	1.0127551871480405	5.410788387277973e-05	0.008078723276697343	867
15	58332128	58332129	1.0	rs17821232	34	G	A	7	0.616019222919567	-0.1003947213762482	0.009481840098796249	0.7114188606663334	0.09951497402481245	0.9499170889737404	ref	0.616019222919567	0.009481840098796249	0.09951497402481245	867
15	58470177	58470178	1.0	rs7162603	29	G	C	5	1.0681634324011906	-0.12488550400147845	0.001531112755673652	0.9403691835995083	0.03866148988123543	1.0	ref	1.0681634324011906	0.001531112755673652	0.03866148988123543	867
15	65305275	65305276	1.0	rs78205400	20	A	G	4	0.76762199639772	-0.4447860830355018	0.006021658604267843	0.9258308429551487	0.07792026233922589	1.0	ref	0.76762199639772	0.006021658604267843	0.07792026233922589	867
15	77539676	77539677	1.0	rs7170877	24	C	G	4	1.0507763744850953	-0.9131232613814395	0.0004101793860943235	0.999059262612497	0.019053582482169283	1.0	ref	1.0507763744850953	0.0004101793860943235	0.019053582482169283	867
15	82160129	82160130	1.0	rs28675984	25	C	A	7	-0.3891838784726526	0.8715589665295027	0.9986502242444791	7.534786758978708e-05	1.0	0.010446443642269767	alt	0.8715589665295027	7.534786758978708e-05	0.010446443642269767	867
15	85047410	85047411	1.0	rs409211	23	C	T	7	0.23096529829894297	0.8942128386395167	0.3407819576969975	0.0032558924256110657	0.6421920193105555	0.07816666920623093	alt	0.8942128386395167	0.0032558924256110657	0.07816666920623093	867
15	85619246	85619247	1.0	rs16942230	34	T	C	7	-0.00496146614107329	0.712977804465258	0.7865740968312254	0.004977876282207582	0.9447425083638191	0.09201959870252302	alt	0.712977804465258	0.004977876282207582	0.09201959870252302	867
15	89067928	89067929	1.0	rs10520681	20	A	G	4	-1.1253658452619457	0.9285984732821703	0.9898673737181228	0.00036716582994045157	1.0	0.02390193214062996	alt	0.9285984732821703	0.00036716582994045157	0.02390193214062996	867
16	1964952	1964953	1.0	rs2302176	34	C	T	7	0.7668641868008826	-0.3856976718277082	0.001074830901890137	0.9497815774968874	0.0320961043164424	1.0	ref	0.7668641868008826	0.001074830901890137	0.0320961043164424	867
16	2905536	2905537	1.0	rs7193717	38	G	C	7	1.2826663356169998	0.6009552278681766	0.0007844820269289499	0.874676453048165	0.026713677443317402	1.0	ref	1.2826663356169998	0.0007844820269289499	0.026713677443317402	867
16	3004009	3004010	1.0	rs2524316	26	C	G	7	0.8334899002890727	-0.1832790577751668	0.005757639944750088	0.9492296568639784	0.07602434784190422	1.0	ref	0.8334899002890727	0.005757639944750088	0.07602434784190422	867
16	9102605	9102606	1.0	rs17652208	21	C	T	2	1.1454573848755314	-1.437452078279411	0.002123203175857953	1.0	0.04347885847613543	1.0	ref	1.1454573848755314	0.002123203175857953	0.04347885847613543	867
16	11640460	11640461	1.0	rs1344533	33	T	C	7	0.2031532892921303	0.9177090540653149	0.7772082019681159	0.0017457498722821814	0.9399134704175158	0.06210412027697921	alt	0.9177090540653149	0.0017457498722821814	0.06210412027697921	867
16	64440776	64440777	1.0	rs77663047	20	G	A	5	0.7814810338039538	-1.0555213154290568	0.0023010387285043346	1.0	0.04461034730136243	1.0	ref	0.7814810338039538	0.0023010387285043346	0.04461034730136243	867
16	86353364	86353365	1.0	rs5020073	22	A	C	5	0.6910859461470024	-0.663155279716497	0.004995305236201441	0.9592186397730731	0.06839737813168605	1.0	ref	0.6910859461470024	0.004995305236201441	0.06839737813168605	867
16	86353383	86353384	1.0	rs77008795	24	A	T	5	0.6699359487652004	-0.747716850300299	0.00791681871682408	0.9630846912810764	0.08934037865904385	1.0	ref	0.6699359487652004	0.00791681871682408	0.08934037865904385	867
16	86383992	86383993	1.0	rs12599888	31	G	C	5	1.198503221125231	-0.7405994181813613	9.03679702144016e-05	0.9907557718843245	0.00730850959108973	1.0	ref	1.198503221125231	9.03679702144016e-05	0.00730850959108973	867
16	88265098	88265099	1.0	rs7201034	22	A	G	4	0.8205835165329249	-0.8501664858722181	0.002376556261744661	0.9925620473419935	0.04486257113821883	1.0	ref	0.8205835165329249	0.002376556261744661	0.04486257113821883	867
16	89581542	89581543	1.0	rs352936	20	G	C	3	0.9308411263293095	-1.2292894172351052	0.002308813783858998	1.0	0.04461034730136243	1.0	ref	0.9308411263293095	0.002308813783858998	0.04461034730136243	867
17	13415921	13415922	1.0	rs3859248	23	T	G	4	0.9730006605877106	-0.9520252511091689	0.00045743447614857895	0.967740012470595	0.019730673737875373	1.0	ref	0.9730006605877106	0.00045743447614857895	0.019730673737875373	867
17	17435404	17435405	1.0	rs76051074	30	T	C	7	-0.5540983437042636	0.7955802919521346	0.976252293749553	0.0002917291914444484	1.0	0.023593585306301245	alt	0.7955802919521346	0.0002917291914444484	0.023593585306301245	867
17	31754336	31754337	1.0	rs1558912	24	A	G	2	1.3557280471742699	-1.6424533502383967	0.0004960229286458838	1.0	0.020319694172536838	1.0	ref	1.3557280471742699	0.0004960229286458838	0.020319694172536838	867
17	37643521	37643522	1.0	rs72830448	21	G	A	3	0.8785269391757848	-0.2593303190540908	0.009536210802995937	0.974717245839672	0.09951497402481245	1.0	ref	0.8785269391757848	0.009536210802995937	0.09951497402481245	867
17	64506316	64506317	1.0	rs1991401	24	A	G	3	-0.8278630761295738	0.916254676333985	0.9701156213332619	0.0031307457971817007	1.0	0.07816666920623093	alt	0.916254676333985	0.0031307457971817007	0.07816666920623093	867
17	72691741	72691742	1.0	rs1079464	28	C	T	6	0.6893331094307369	-0.15278822157345703	0.0062647329681286695	0.5963773738212306	0.07947612216429902	0.8834272368352681	ref	0.6893331094307369	0.0062647329681286695	0.07947612216429902	867
17	77139974	77139975	1.0	rs66467262	22	A	G	4	-0.8273800126765445	1.0748380008549419	0.961838584939257	0.00020076209235585254	1.0	0.018556153393462373	alt	1.0748380008549419	0.00020076209235585254	0.018556153393462373	867
17	80678768	80678769	1.0	rs9972968	25	T	C	2	1.1113968347283647	-0.5455428107993539	0.007437833194017035	0.9752900929866302	0.08602536093243716	1.0	ref	1.1113968347283647	0.007437833194017035	0.08602536093243716	867
17	80721326	80721327	1.0	rs2315922	28	C	T	4	-1.1698948197536865	1.458571581895233	0.9892211930129762	7.390126057714158e-07	1.0	0.000717211733901159	alt	1.458571581895233	7.390126057714158e-07	0.000717211733901159	867
17	82023116	82023117	1.0	rs4513161	30	C	T	7	0.7015832750733627	-0.31076575203730383	0.001684764194956143	0.9590220532684136	0.03893008693345088	1.0	ref	0.7015832750733627	0.001684764194956143	0.03893008693345088	867
18	35041266	35041267	1.0	rs530081	22	A	G	3	-0.006453896402622394	1.1740353196063609	0.4406176379681029	0.003231281590982222	0.7162804315712628	0.07816666920623093	alt	1.1740353196063609	0.003231281590982222	0.07816666920623093	867
18	46169859	46169860	1.0	rs4453596	20	T	C	2	1.005118011292028	-1.3059281797683244	0.005311155499360753	1.0	0.07109622637420153	1.0	ref	1.005118011292028	0.005311155499360753	0.07109622637420153	867
18	55833791	55833792	1.0	rs1553597	35	C	G	7	-0.04432638347227023	1.0413670252321265	0.9929243836116809	3.80403066847181e-05	1.0	0.006153019606253154	alt	1.0413670252321265	3.80403066847181e-05	0.006153019606253154	867
18	59485075	59485076	1.0	rs615847	22	G	A	3	1.1140713447820374	-0.8129774863348729	0.0007161465320127417	0.9078187549617696	0.025273462157031485	1.0	ref	1.1140713447820374	0.0007161465320127417	0.025273462157031485	867
19	1101992	1101993	1.0	rs757228	22	A	G	5	-0.6504455288157505	0.7977142847134071	0.9782333534310985	0.001210264616012579	1.0	0.0533891731745549	alt	0.7977142847134071	0.001210264616012579	0.0533891731745549	867
19	2900820	2900821	1.0	rs12973219	25	T	C	2	1.467385479762894	-1.7552304531982519	0.00021753496174128844	1.0	0.014559840025511753	1.0	ref	1.467385479762894	0.00021753496174128844	0.014559840025511753	867
19	4471984	4471985	1.0	rs10415282	38	C	T	3	1.3565382866726559	-0.10390076738093718	0.0005980745332823812	0.9799433261050308	0.022488859205367074	1.0	ref	1.3565382866726559	0.0005980745332823812	0.022488859205367074	867
19	4472013	4472014	1.0	rs10421300	40	A	G	7	0.7243933015544859	0.06022810927874647	0.004867396404730302	0.7354794466656368	0.06748297443986798	0.9625945712736306	ref	0.7243933015544859	0.004867396404730302	0.06748297443986798	867
19	5791275	5791276	1.0	rs140627516	28	G	A	3	-0.27558673037337156	0.9914224426469533	0.9518056802785922	0.0038456449363930604	1.0	0.08176953716380565	alt	0.9914224426469533	0.0038456449363930604	0.08176953716380565	867
19	10380705	10380706	1.0	rs12720215	28	G	C	7	0.6889091884919278	-0.3529585275920359	0.0016820961678915135	0.9709969576133575	0.03893008693345088	1.0	ref	0.6889091884919278	0.0016820961678915135	0.03893008693345088	867
19	15266057	15266058	1.0	rs11671719	22	C	T	3	0.8474385352332221	-0.5952323898299827	0.006551108514303366	0.902493143246671	0.08048827535183262	1.0	ref	0.8474385352332221	0.006551108514303366	0.08048827535183262	867
19	17090709	17090710	1.0	rs11671858	21	T	G	4	-0.5187791440800091	0.8549477056343416	0.9909522892474417	0.0043013430579445485	1.0	0.08348906875470369	alt	0.8549477056343416	0.0043013430579445485	0.08348906875470369	867
19	17108294	17108295	1.0	rs7246865	24	G	A	5	0.899819116918051	-0.19891615979312516	0.0014284535569912657	0.9188478875013827	0.037989283158346945	1.0	ref	0.899819116918051	0.0014284535569912657	0.037989283158346945	867
19	18328572	18328573	1.0	rs12985909	42	C	T	7	0.6918758389317144	0.025663408185996984	0.007460112918039858	0.7633044043258614	0.08602536093243716	0.9783498548541576	ref	0.6918758389317144	0.007460112918039858	0.08602536093243716	867
19	24054701	24054702	1.0	rs73019406	23	G	A	5	0.6729563834980344	-0.5070295656056898	0.005836011217575475	0.9649749106058563	0.07653849846833781	1.0	ref	0.6729563834980344	0.005836011217575475	0.07653849846833781	867
19	32374101	32374102	1.0	rs73032099	31	G	A	7	0.16467196693500932	0.8882997314575578	0.9377960112870922	0.001955933159648759	1.0	0.06434688581149561	alt	0.8882997314575578	0.001955933159648759	0.06434688581149561	867
19	33176912	33176913	1.0	rs4805029	23	A	G	7	0.6414868953847244	-0.09049984946298974	0.009398345160449705	0.9497197005737336	0.09951497402481245	1.0	ref	0.6414868953847244	0.009398345160449705	0.09951497402481245	867
19	37317900	37317901	1.0	rs11083420	24	G	A	5	-0.4460899124846495	0.877156588733581	0.9595864570188425	0.0035221750812631488	1.0	0.07977538060702802	alt	0.877156588733581	0.0035221750812631488	0.07977538060702802	867
19	40443333	40443334	1.0	rs28480551	33	C	G	5	0.9332476447514705	-0.3169654461763728	0.0006140698288946187	0.9577297592268426	0.022488859205367074	1.0	ref	0.9332476447514705	0.0006140698288946187	0.022488859205367074	867
19	41225843	41225844	1.0	rs59423102	32	T	G	7	0.8845194289945615	-0.42549601124281194	0.00027373198954071216	0.9671061856385602	0.01610041793025825	1.0	ref	0.8845194289945615	0.00027373198954071216	0.01610041793025825	867
19	41323675	41323676	1.0	rs2241719	21	T	A	7	0.8407007121022546	-0.6145490580456153	0.006639460346653803	0.9603746239583731	0.08048827535183262	1.0	ref	0.8407007121022546	0.006639460346653803	0.08048827535183262	867
19	41323700	41323701	1.0	rs2241718	33	G	A	7	0.8759347759544756	0.07340244035214763	0.006703453884753599	0.848619533153075	0.08048827535183262	1.0	ref	0.8759347759544756	0.006703453884753599	0.08048827535183262	867
19	44685156	44685157	1.0	rs2965156	25	G	C	5	1.1371600894882392	-0.6609380414025396	3.6815142590152284e-05	0.9949412227979213	0.0037609574614466093	1.0	ref	1.1371600894882392	3.6815142590152284e-05	0.0037609574614466093	867
19	48872267	48872268	1.0	rs17272694	29	G	T	5	-0.2391496283705326	0.7915010492436586	0.8684810685991482	0.0016324094721064408	0.9795052959300283	0.06093282279535772	alt	0.7915010492436586	0.0016324094721064408	0.06093282279535772	867
19	53520980	53520981	1.0	rs11084261	26	T	C	3	0.9922750301180392	-0.8642893702451606	0.0024037647595954448	0.9778385966487724	0.04486257113821883	1.0	ref	0.9922750301180392	0.0024037647595954448	0.04486257113821883	867
19	55654108	55654109	1.0	rs504850	21	C	T	2	-1.2178561391837848	1.055049516825565	0.9936398870227411	0.003136137514902638	1.0	0.07816666920623093	alt	1.055049516825565	0.003136137514902638	0.07816666920623093	867
19	58440318	58440319	1.0	rs11669378	38	C	T	3	1.4324730550360276	-0.9831372201856492	6.103174239509061e-05	0.9983098107466798	0.005384664181312312	1.0	ref	1.4324730550360276	6.103174239509061e-05	0.005384664181312312	867
19	58440325	58440326	1.0	rs11084545	39	G	C	3	1.816962592079022	-0.9520252511091689	2.028030021992763e-06	0.9154849530099222	0.0006391077745295019	1.0	ref	1.816962592079022	2.028030021992763e-06	0.0006391077745295019	867
2	3558528	3558529	1.0	rs112380097	28	A	G	5	0.8579264863234918	-0.3967558334119384	0.004352840900330886	0.9570478696463173	0.06167054151490694	1.0	ref	0.8579264863234918	0.004352840900330886	0.06167054151490694	867
2	6556955	6556956	1.0	rs962528	20	C	T	4	-1.1253658452619457	0.8774470951058126	0.9898673737181228	0.000690390920521898	1.0	0.03899698549521815	alt	0.8774470951058126	0.000690390920521898	0.03899698549521815	867
2	37713486	37713487	1.0	rs28876725	22	C	G	5	0.750858877299132	-0.3674694433154849	0.0059671357656894556	0.9666567003256679	0.07773295651814251	1.0	ref	0.750858877299132	0.0059671357656894556	0.07773295651814251	867
2	47771416	47771417	1.0	rs75406041	20	T	G	6	0.7529843429918239	-0.06815283502755975	0.004349443137204712	0.7223948360986177	0.06167054151490694	0.9558066645312999	ref	0.7529843429918239	0.004349443137204712	0.06167054151490694	867
2	58923936	58923937	1.0	rs6728580	26	G	C	5	0.9409503644467536	-0.5654841034989183	0.0012124041160939286	0.9905103427441245	0.03366612887457668	1.0	ref	0.9409503644467536	0.0012124041160939286	0.03366612887457668	867
2	65359634	65359635	1.0	rs10193337	27	A	C	7	0.943233817353105	0.24829038201171477	0.000572501616449534	0.8070658441796783	0.022224512750570913	0.9962430371920862	ref	0.943233817353105	0.000572501616449534	0.022224512750570913	867
2	67451725	67451726	1.0	rs685211	21	G	A	2	0.9928415417321008	-1.0875658588076913	0.006721509059667752	0.9884236492652397	0.08048827535183262	1.0	ref	0.9928415417321008	0.006721509059667752	0.08048827535183262	867
2	67451764	67451765	1.0	rs685156	21	G	A	2	0.9928415417321008	-1.0875658588076913	0.006721509059667752	0.9884236492652397	0.08048827535183262	1.0	ref	0.9928415417321008	0.006721509059667752	0.08048827535183262	867
2	71881091	71881092	1.0	rs17007555	24	A	G	4	0.8996585549948359	-0.3266045138551168	0.0029891989366697515	0.9797158840764523	0.05109395819571983	1.0	ref	0.8996585549948359	0.0029891989366697515	0.05109395819571983	867
2	74845566	74845567	1.0	rs28362965	28	A	G	7	0.7341722044401813	0.08468313812413394	0.008105547200869326	0.8520409436885569	0.09094142842131422	1.0	ref	0.7341722044401813	0.008105547200869326	0.09094142842131422	867
2	98334565	98334566	1.0	rs10169020	26	C	T	5	0.7867542842560555	-0.3531062584570943	0.007608986148569935	0.9434646557131781	0.08644405662378747	1.0	ref	0.7867542842560555	0.007608986148569935	0.08644405662378747	867
2	113756720	113756721	1.0	rs6732182	21	C	T	5	-0.30702133690173655	0.9429171081440338	0.9841122433702262	0.004033715561514772	1.0	0.08236335583095587	alt	0.9429171081440338	0.004033715561514772	0.08236335583095587	867
2	128301640	128301641	1.0	rs840887	28	T	C	7	0.9025939250229899	-0.21126822580985158	0.0009766120795125911	0.9552261802170917	0.03057425881183773	1.0	ref	0.9025939250229899	0.0009766120795125911	0.03057425881183773	867
2	142874496	142874497	1.0	rs2164910	28	A	G	7	0.6454636536326172	-0.2958551607793978	0.0039054799652556687	0.8846665394535138	0.05699651588391919	1.0	ref	0.6454636536326172	0.0039054799652556687	0.05699651588391919	867
2	152543114	152543115	1.0	rs10165830	20	C	T	7	-0.16224548845742656	0.6351644943622975	0.9323192393187434	0.004295108783487607	1.0	0.08348906875470369	alt	0.6351644943622975	0.004295108783487607	0.08348906875470369	867
2	172639945	172639946	1.0	rs836624	23	G	A	5	0.8256001180846477	0.1867678408133296	0.0025612206305469054	0.9492955573484789	0.04734599279896708	1.0	ref	0.8256001180846477	0.0025612206305469054	0.04734599279896708	867
2	215411047	215411048	1.0	rs13020766	32	G	A	7	1.0959189378692689	-0.27531727305096526	1.8198580201110176e-05	0.9809239214689045	0.0027171880131042193	1.0	ref	1.0959189378692689	1.8198580201110176e-05	0.0027171880131042193	867
2	219177904	219177905	1.0	rs10193576	24	A	C	7	-0.3224170112675621	0.7433115318318011	0.9286549405857779	0.0007031913922373185	1.0	0.03899698549521815	alt	0.7433115318318011	0.0007031913922373185	0.03899698549521815	867
2	227388892	227388893	1.0	rs4075150	30	G	A	2	1.3552003075239845	-1.2172559674411012	0.0008267667865775068	0.9905035361912385	0.027199225978761708	1.0	ref	1.3552003075239845	0.0008267667865775068	0.027199225978761708	867
20	1813304	1813305	1.0	rs62192675	24	A	G	5	0.9736086865465888	-0.7406995128276451	0.00041463688348782426	0.9951232134210775	0.019053582482169283	1.0	ref	0.9736086865465888	0.00041463688348782426	0.019053582482169283	867
20	5696136	5696137	1.0	rs805764	30	C	T	5	1.0093202940895116	0.5681788544169916	0.006793131775903234	0.3784024601070055	0.08048827535183262	0.7487045617407723	ref	1.0093202940895116	0.006793131775903234	0.08048827535183262	867
20	46959130	46959131	1.0	rs11696413	30	C	A	5	1.4206503219298097	-0.4767009903044016	2.3048709024763077e-06	0.9977479142672204	0.0006391077745295019	1.0	ref	1.4206503219298097	2.3048709024763077e-06	0.0006391077745295019	867
20	47274772	47274773	1.0	rs138435183	24	C	A	7	0.5986826511914011	-0.485075475041751	0.0035234582826592616	0.9807413774406863	0.0542780359257272	1.0	ref	0.5986826511914011	0.0035234582826592616	0.0542780359257272	867
20	50292742	50292743	1.0	rs17196808	34	C	T	7	0.7761920657137676	-0.5534334942031085	0.00044668212061340805	0.9749293362508238	0.01970477263887784	1.0	ref	0.7761920657137676	0.00044668212061340805	0.01970477263887784	867
20	50440871	50440872	1.0	rs1810503	32	A	T	7	1.0056401290268728	0.07454152085305986	0.0003434544830411208	0.9451796336505156	0.018017436529265282	1.0	ref	1.0056401290268728	0.0003434544830411208	0.018017436529265282	867
20	50440996	50440997	1.0	rs1810501	35	T	C	7	0.8549468566172105	-0.3841062577795682	0.00026658927303260793	0.9480509160490338	0.01610041793025825	1.0	ref	0.8549468566172105	0.00026658927303260793	0.01610041793025825	867
20	60249565	60249566	1.0	rs150472579	25	A	G	7	-0.0454797944924012	0.6757248791754429	0.9555609284970772	0.004200732275907659	1.0	0.08348906875470369	alt	0.6757248791754429	0.004200732275907659	0.08348906875470369	867
22	25747680	25747681	1.0	rs71321061	24	G	C	5	0.7534142467087293	-0.5715684714701564	0.0033832982934244764	0.9661751883408836	0.05295953215755571	1.0	ref	0.7534142467087293	0.0033832982934244764	0.05295953215755571	867
22	28741881	28741882	1.0	rs2236141	38	C	T	5	0.9066339886734626	0.2877810428134068	0.004682853002979459	0.9051091305576908	0.06539149409196497	1.0	ref	0.9066339886734626	0.004682853002979459	0.06539149409196497	867
22	38705613	38705614	1.0	rs2267393	30	G	C	5	1.0027259727729112	-0.4163796340061368	0.00042210409414388417	0.9870318858737696	0.019053582482169283	1.0	ref	1.0027259727729112	0.00042210409414388417	0.019053582482169283	867
22	38705627	38705628	1.0	rs2267394	36	T	C	5	1.1332192266787733	-0.6474510249972263	4.347507480700772e-05	0.9958425562656732	0.0042192560100200996	1.0	ref	1.1332192266787733	4.347507480700772e-05	0.0042192560100200996	867
22	42070900	42070901	1.0	rs133376	23	C	T	5	0.7721992560486717	0.20169989324239912	0.0065555414948225334	0.850903066620428	0.08048827535183262	1.0	ref	0.7721992560486717	0.0065555414948225334	0.08048827535183262	867
22	42615396	42615397	1.0	rs137115	23	T	C	5	0.9430873652659169	0.040178381784417745	0.004056168097110389	0.9671579222143238	0.058753897585755714	1.0	ref	0.9430873652659169	0.004056168097110389	0.058753897585755714	867
22	42680802	42680803	1.0	rs130347	40	T	C	5	1.219819420805191	-0.39388267375258457	2.9394536928075626e-05	0.9949335133749379	0.003413283282528338	1.0	ref	1.219819420805191	2.9394536928075626e-05	0.003413283282528338	867
22	45280031	45280032	1.0	rs2742623	23	C	A	3	0.8236424804303983	-0.641307700844767	0.00905829694323441	0.9465578953785895	0.0980915482957966	1.0	ref	0.8236424804303983	0.00905829694323441	0.0980915482957966	867
3	14452371	14452372	1.0	rs187105967	40	G	A	3	1.060353927860919	-0.5256081755444104	0.003288021133705538	0.9803989736458001	0.051886577402621537	1.0	ref	1.060353927860919	0.003288021133705538	0.051886577402621537	867
3	14452372	14452373	1.0	rs192999009	40	C	G	3	1.060353927860919	-0.5256081755444104	0.003288021133705538	0.9803989736458001	0.051886577402621537	1.0	ref	1.060353927860919	0.003288021133705538	0.051886577402621537	867
3	16060452	16060453	1.0	rs17041839	31	C	T	5	1.136648604145894	-0.48200547639614133	0.00013141730383940046	0.9912014492817528	0.010203239470091052	1.0	ref	1.136648604145894	0.00013141730383940046	0.010203239470091052	867
3	29923060	29923061	1.0	rs7630653	23	G	A	4	1.2001736659510551	-1.4771251574435484	2.9894804638321354e-05	1.0	0.003413283282528338	1.0	ref	1.2001736659510551	2.9894804638321354e-05	0.003413283282528338	867
3	45065054	45065055	1.0	rs62242481	33	C	T	5	0.9272739900863545	-0.327095792955604	0.0015529161369509988	0.9664236223477145	0.03866148988123543	1.0	ref	0.9272739900863545	0.0015529161369509988	0.03866148988123543	867
3	53892059	53892060	1.0	rs1992154	24	G	T	7	0.19862193333410824	0.8001577915100646	0.7187778805433336	0.0017731063811164593	0.9062698507023205	0.06210412027697921	alt	0.8001577915100646	0.0017731063811164593	0.06210412027697921	867
3	55160491	55160492	1.0	rs79755962	23	T	C	7	1.0280132652998	-0.2838734791880115	3.522649398828858e-05	0.9942119574551067	0.0037609574614466093	1.0	ref	1.0280132652998	3.522649398828858e-05	0.0037609574614466093	867
3	55160769	55160770	1.0	rs115220845	28	T	C	7	0.43658209892723215	0.9717846139612712	0.8278656647436514	0.00321283667777188	0.9645181604246262	0.07816666920623093	alt	0.9717846139612712	0.00321283667777188	0.07816666920623093	867
3	58384169	58384170	1.0	rs7624283	27	G	A	5	1.0032745272532648	-0.3767965573525921	0.0002381605090165498	0.8912406335266693	0.015408984933370774	1.0	ref	1.0032745272532648	0.0002381605090165498	0.015408984933370774	867
3	59809250	59809251	1.0	rs11720016	22	C	T	4	0.9033297554585246	-0.8129774863348729	0.001228815698094851	0.9078187549617696	0.03366612887457668	1.0	ref	0.9033297554585246	0.001228815698094851	0.03366612887457668	867
3	64189316	64189317	1.0	rs114135545	21	T	C	6	0.7088238722655463	-0.5447657908743788	0.007615627863301215	0.9877144869431775	0.08644405662378747	1.0	ref	0.7088238722655463	0.007615627863301215	0.08644405662378747	867
3	67610587	67610588	1.0	rs11706848	22	T	C	2	1.0859509461235821	-1.174417672445617	0.003782135528270432	0.9923243936977855	0.05603912259826648	1.0	ref	1.0859509461235821	0.003782135528270432	0.05603912259826648	867
3	67647766	67647767	1.0	rs6766403	20	G	A	4	0.8431434318149421	-1.0262837317368547	0.00914712531763997	1.0	0.0980915482957966	1.0	ref	0.8431434318149421	0.00914712531763997	0.0980915482957966	867
3	132291036	132291037	1.0	rs16839055	22	C	T	4	0.8550858453687891	-0.07601189216866677	0.006888188601374556	0.5019317191802405	0.08103014591071522	0.8434341565390894	ref	0.8550858453687891	0.006888188601374556	0.08103014591071522	867
3	156674426	156674427	1.0	rs113621060	21	G	A	3	1.013877875972337	-1.0875658588076913	0.0012003623332667863	0.9884236492652397	0.03366612887457668	1.0	ref	1.013877875972337	0.0012003623332667863	0.03366612887457668	867
3	185813730	185813731	1.0	rs370899667	23	C	T	1	-1.7370726773558505	1.3703105197562602	1.0	0.00461563458623804	1.0	0.08698006535813628	alt	1.3703105197562602	0.00461563458623804	0.08698006535813628	867
3	188773065	188773066	1.0	rs1513180	23	A	G	7	-0.45961163241163894	0.6725963174229365	0.9714542699525901	0.0017917726612626664	1.0	0.06210412027697921	alt	0.6725963174229365	0.0017917726612626664	0.06210412027697921	867
4	3258329	3258330	1.0	rs362280	21	A	G	2	0.9928415417321008	-1.0875658588076913	0.006721509059667752	0.9884236492652397	0.08048827535183262	1.0	ref	0.9928415417321008	0.006721509059667752	0.08048827535183262	867
4	8278603	8278604	1.0	rs5018092	23	C	T	5	0.7243810425732162	-0.466093910094373	0.008930503221579737	0.962555482741786	0.0980915482957966	1.0	ref	0.7243810425732162	0.008930503221579737	0.0980915482957966	867
4	47334884	47334885	1.0	rs9917915	21	T	C	4	0.8320715129934291	-1.0875658588076913	0.003058802068778074	0.9537774268330048	0.05118219668532967	1.0	ref	0.8320715129934291	0.003058802068778074	0.05118219668532967	867
4	86928069	86928070	1.0	rs72613149	30	G	A	3	1.1277124908005387	-0.892166472947452	0.000613345636284414	0.9961066672590363	0.022488859205367074	1.0	ref	1.1277124908005387	0.000613345636284414	0.022488859205367074	867
4	98467775	98467776	1.0	rs6837328	20	A	C	5	0.7865966138849073	-0.623688139844583	0.0031247753088745386	0.9241487619872573	0.05139990571631762	1.0	ref	0.7865966138849073	0.0031247753088745386	0.05139990571631762	867
4	108620446	108620447	1.0	rs3796936	20	T	A	3	0.910774695378057	-0.9982216890613698	0.0029126368827428924	0.9415049507339798	0.05067949633940801	1.0	ref	0.910774695378057	0.0029126368827428924	0.05067949633940801	867
4	128468582	128468583	1.0	rs6840580	21	A	G	4	-1.2178561391837848	0.8487109506641283	0.9936398870227411	0.002913504882597979	1.0	0.07816666920623093	alt	0.8487109506641283	0.002913504882597979	0.07816666920623093	867
4	169345562	169345563	1.0	rs4380483	22	T	G	2	1.0859509461235821	-1.174417672445617	0.003782135528270432	0.9923243936977855	0.05603912259826648	1.0	ref	1.0859509461235821	0.003782135528270432	0.05603912259826648	867
5	657716	657717	1.0	rs1689670	30	A	G	4	-0.7228157868116669	0.8775364512791002	0.9901990183753877	0.0012018031833186402	1.0	0.0533891731745549	alt	0.8775364512791002	0.0012018031833186402	0.0533891731745549	867
5	9438007	9438008	1.0	rs3798009	24	C	A	7	-0.6557818049791031	0.7455483708676893	0.9878833215152497	0.0005416988049764975	1.0	0.03391733485352844	alt	0.7455483708676893	0.0005416988049764975	0.03391733485352844	867
5	38872280	38872281	1.0	rs2367704	28	C	T	7	0.910275769171152	-0.1760456932926538	0.0003319737587104193	0.9902940941187681	0.01789891849047011	1.0	ref	0.910275769171152	0.0003319737587104193	0.01789891849047011	867
5	52738330	52738331	1.0	rs1450953	22	C	G	2	1.0859509461235821	-1.174417672445617	0.003782135528270432	0.9923243936977855	0.05603912259826648	1.0	ref	1.0859509461235821	0.003782135528270432	0.05603912259826648	867
5	76814391	76814392	1.0	rs6897362	33	G	A	7	1.0937296445391238	-0.8476873387742527	2.1241615999637232e-06	0.9998143432122718	0.0006391077745295019	1.0	ref	1.0937296445391238	2.1241615999637232e-06	0.0006391077745295019	867
5	93078785	93078786	1.0	rs1496336	36	C	T	7	1.23367415907786	-0.23693566808874864	0.0004973683374817817	0.9950728793565484	0.020319694172536838	1.0	ref	1.23367415907786	0.0004973683374817817	0.020319694172536838	867
5	107981545	107981546	1.0	rs13178396	24	G	A	4	-0.4560509180621914	0.8977548606823913	0.9879827114043652	0.0015982782258933828	1.0	0.060828588950177565	alt	0.8977548606823913	0.0015982782258933828	0.060828588950177565	867
5	115460602	115460603	1.0	rs888968	25	T	C	5	-0.052752751592368446	1.1380773108845657	0.9851092608175958	0.0031235163647128114	1.0	0.07816666920623093	alt	1.1380773108845657	0.0031235163647128114	0.07816666920623093	867
5	126354470	126354471	1.0	rs10519905	21	C	G	3	0.7719021943092066	-1.0875658588076913	0.009497199819997797	0.9537774268330048	0.09951497402481245	1.0	ref	0.7719021943092066	0.009497199819997797	0.09951497402481245	867
5	135456406	135456407	1.0	rs13185485	28	G	A	4	1.034538062080569	-0.15595540491895724	0.0014321943756702132	0.900839050700819	0.037989283158346945	1.0	ref	1.034538062080569	0.0014321943756702132	0.037989283158346945	867
5	140711224	140711225	1.0	rs801184	22	A	G	7	0.6384987388823244	-0.45048883520967425	0.0036471031998799148	0.9685366150269015	0.05574037252729854	1.0	ref	0.6384987388823244	0.0036471031998799148	0.05574037252729854	867
5	142674689	142674690	1.0	rs11949141	24	G	A	4	-0.3444747358715621	1.098627457422188	0.9948924573697897	0.0009558018119510403	1.0	0.048821350447288664	alt	1.098627457422188	0.0009558018119510403	0.048821350447288664	867
5	143244188	143244189	1.0	rs258752	27	T	C	7	0.6884213447405094	-0.30160978861402354	0.003487861042875837	0.8984889552034728	0.054159506273776005	1.0	ref	0.6884213447405094	0.003487861042875837	0.054159506273776005	867
5	145483401	145483402	1.0	rs7704248	34	T	C	4	0.9615298251541622	-0.6700273469326754	0.000994751596943179	0.9598028573218917	0.030647823010582706	1.0	ref	0.9615298251541622	0.000994751596943179	0.030647823010582706	867
5	172361629	172361630	1.0	rs2731709	29	C	T	7	-0.806141851030336	1.1901943229255496	0.9998269117655265	3.61155427391101e-07	1.0	0.000701002684566127	alt	1.1901943229255496	3.61155427391101e-07	0.000701002684566127	867
5	172361720	172361721	1.0	rs2731710	35	T	C	7	-0.12415959405726415	0.8405249033842086	0.9086339878421915	0.0007508946124904	0.9919339541066894	0.04048573452344074	alt	0.8405249033842086	0.0007508946124904	0.04048573452344074	867
6	1917887	1917888	1.0	rs3800130	26	G	A	4	-0.4999224728568783	0.8285949415551344	0.9350410588155705	0.0037634279694170538	1.0	0.08176953716380565	alt	0.8285949415551344	0.0037634279694170538	0.08176953716380565	867
6	4668631	4668632	1.0	rs761180	21	G	A	4	-0.18641287998021067	0.9600025675408338	0.6104180450729161	0.0019134834127282501	0.8463065587538109	0.06434688581149561	alt	0.9600025675408338	0.0019134834127282501	0.06434688581149561	867
6	14743551	14743552	1.0	rs9476648	22	T	C	7	-0.4451766170224277	0.8359557021723973	0.9837795460035281	0.0003577735718182045	1.0	0.02390193214062996	alt	0.8359557021723973	0.0003577735718182045	0.02390193214062996	867
6	16910058	16910059	1.0	rs6938993	20	G	C	4	-0.8066549542818637	0.7651219345468707	0.982995112124394	0.003175542114088112	1.0	0.07816666920623093	alt	0.7651219345468707	0.003175542114088112	0.07816666920623093	867
6	16921544	16921545	1.0	rs6904876	38	C	T	7	-0.36153045628823127	1.2586181102516454	0.9987889815164523	1.6913693880232372e-06	1.0	0.0010943159940510344	alt	1.2586181102516454	1.6913693880232372e-06	0.0010943159940510344	867
6	17932632	17932633	1.0	rs74494983	21	C	A	7	-0.009961509182100904	0.9423248429677231	0.8730054339410449	0.003860930489910855	0.9804404550502402	0.08176953716380565	alt	0.9423248429677231	0.003860930489910855	0.08176953716380565	867
6	26026370	26026371	1.0	rs2032449	27	G	C	7	0.7369884269868279	0.03256269358954121	0.0030569279426344922	0.8911487609458247	0.05118219668532967	1.0	ref	0.7369884269868279	0.0030569279426344922	0.05118219668532967	867
6	26537494	26537495	1.0	rs73738482	23	G	T	5	0.6086840014799356	-0.5084087046572894	0.009145994836474167	0.9651721293030484	0.0980915482957966	1.0	ref	0.6086840014799356	0.009145994836474167	0.0980915482957966	867
6	32178215	32178216	1.0	rs3134946	30	C	G	4	1.314776034659081	-1.0375860415568012	2.3425052002933196e-05	0.982316506118226	0.0032477161384066667	1.0	ref	1.314776034659081	2.3425052002933196e-05	0.0032477161384066667	867
6	32178221	32178222	1.0	rs3096689	32	C	G	3	1.0233304673413233	-0.8242819219183912	0.001587936343157752	0.9879560161142071	0.03866148988123543	1.0	ref	1.0233304673413233	0.001587936343157752	0.03866148988123543	867
6	41320760	41320761	1.0	rs866517	22	A	G	7	0.7507051478217859	-0.059326886405029915	0.005723180007361096	0.9475021959520924	0.07602434784190422	1.0	ref	0.7507051478217859	0.005723180007361096	0.07602434784190422	867
6	44065800	44065801	1.0	rs35010417	25	G	A	4	-0.361118842349724	1.0255808029311966	0.982024872162329	0.0010299007518600413	1.0	0.05125736818872667	alt	1.0255808029311966	0.0010299007518600413	0.05125736818872667	867
6	52567220	52567221	1.0	rs9370133	26	G	A	7	0.64353112443992	-0.22629902810973984	0.005088030720162969	0.8535199937697586	0.06906201138347078	1.0	ref	0.64353112443992	0.005088030720162969	0.06906201138347078	867
6	105760045	105760046	1.0	rs12214131	26	G	A	6	-0.0741541991322445	0.8203637179062555	0.9727981517186695	0.0028172242658961013	1.0	0.07816666920623093	alt	0.8203637179062555	0.0028172242658961013	0.07816666920623093	867
6	106084782	106084783	1.0	rs1340064	21	C	G	4	0.7994026902584718	-0.733320856157506	0.005218206522758091	0.994797572961709	0.07033707542134343	1.0	ref	0.7994026902584718	0.005218206522758091	0.07033707542134343	867
6	109687330	109687331	1.0	rs6924269	22	G	C	2	1.2329202261258705	-1.5224911465533957	0.001172464155044508	1.0	0.03366612887457668	1.0	ref	1.2329202261258705	0.001172464155044508	0.03366612887457668	867
6	139974220	139974221	1.0	rs1361248	24	A	G	5	-0.7608863186412562	1.0037672251485534	0.999070679539013	8.675708157664473e-05	1.0	0.011226366356017828	alt	1.0037672251485534	8.675708157664473e-05	0.011226366356017828	867
6	148510115	148510116	1.0	rs1147862	33	T	C	7	-0.2637447225498597	0.9834570144614718	0.9986842857681539	2.637727160130281e-05	1.0	0.0050610113271562325	alt	0.9834570144614718	2.637727160130281e-05	0.0050610113271562325	867
6	151452368	151452369	1.0	rs13201167	29	T	C	7	-0.36961074454244763	0.6103183369367421	0.9579430514334809	0.0035346124328719266	1.0	0.07977538060702802	alt	0.6103183369367421	0.0035346124328719266	0.07977538060702802	867
6	152983589	152983590	1.0	rs2207610	23	T	C	5	-0.8547718858117612	0.9296812578744003	0.9846440607673946	0.0028056914991812032	1.0	0.07816666920623093	alt	0.9296812578744003	0.0028056914991812032	0.07816666920623093	867
6	158047323	158047324	1.0	rs2257191	23	C	T	1	-1.7370726773558505	1.3703105197562602	1.0	0.00461563458623804	1.0	0.08698006535813628	alt	1.3703105197562602	0.00461563458623804	0.08698006535813628	867
6	159790388	159790389	1.0	rs2273826	30	A	G	3	1.2642789695675054	-0.6091724316175211	0.003000881625096373	0.9923457856602397	0.05109395819571983	1.0	ref	1.2642789695675054	0.003000881625096373	0.05109395819571983	867
6	159790391	159790392	1.0	rs2273825	30	A	C	2	1.4224863616257817	-0.9062077705126421	0.000852824095324389	0.9961298325638392	0.027588859483743983	1.0	ref	1.4224863616257817	0.000852824095324389	0.027588859483743983	867
6	159790412	159790413	1.0	rs2273824	31	C	T	5	0.9516916584262234	-0.7614249955846518	0.0003892995293717616	0.9893545812853773	0.019053582482169283	1.0	ref	0.9516916584262234	0.0003892995293717616	0.019053582482169283	867
7	191643	191644	1.0	rs58213147	23	A	T	7	-0.6273513244486226	0.7523267049152469	0.9971841267247241	0.0019502845261033948	1.0	0.06434688581149561	alt	0.7523267049152469	0.0019502845261033948	0.06434688581149561	867
7	4745020	4745021	1.0	rs7784748	36	T	C	7	0.6708379628291345	-0.35602619973802346	0.0020967387694964183	0.9577419382964706	0.04347885847613543	1.0	ref	0.6708379628291345	0.0020967387694964183	0.04347885847613543	867
7	6104727	6104728	1.0	rs61753117	28	T	C	6	0.8332529495672671	0.2426653610557897	0.002399275349579406	0.9584420914415797	0.04486257113821883	1.0	ref	0.8332529495672671	0.002399275349579406	0.04486257113821883	867
7	33853804	33853805	1.0	rs10951399	25	C	T	7	-0.012170886535035258	0.8983554885798666	0.9309296783268739	0.0002381587731498148	1.0	0.020547870151631883	alt	0.8983554885798666	0.0002381587731498148	0.020547870151631883	867
7	36153084	36153085	1.0	rs12540878	31	C	G	5	1.008135742419638	-0.14864296118238174	0.0021444841034508376	0.9394397017811732	0.04347885847613543	1.0	ref	1.008135742419638	0.0021444841034508376	0.04347885847613543	867
7	47482129	47482130	1.0	rs79353839	23	C	T	4	-0.5786676712928038	0.9947126329520826	0.9972747986590407	0.0038757328279598767	1.0	0.08176953716380565	alt	0.9947126329520826	0.0038757328279598767	0.08176953716380565	867
7	47669617	47669618	1.0	rs6957684	31	T	C	7	-0.39124922448433574	0.9861335530324974	0.9972205121963544	0.00012004220429203397	1.0	0.013631102556751396	alt	0.9861335530324974	0.00012004220429203397	0.013631102556751396	867
7	48088591	48088592	1.0	rs1554494	20	G	A	7	-0.2635670369542661	0.7902246607611514	0.997125536597024	0.0005625937679090649	1.0	0.034124828234734214	alt	0.7902246607611514	0.0005625937679090649	0.034124828234734214	867
7	54864881	54864882	1.0	rs55633610	24	G	A	2	-1.8147055076845597	1.4483130317575332	1.0	0.00012640898816152762	1.0	0.013631102556751396	alt	1.4483130317575332	0.00012640898816152762	0.013631102556751396	867
7	75938137	75938138	1.0	rs56151817	29	C	G	5	1.3464639781434287	-0.09546308678565166	0.002321300915732924	0.9669716519780313	0.04461034730136243	1.0	ref	1.3464639781434287	0.002321300915732924	0.04461034730136243	867
7	84701989	84701990	1.0	rs3924501	28	C	G	3	1.549775461843421	-1.5638495613298575	7.705862389207644e-06	0.9990342293641237	0.0014957078897452037	1.0	ref	1.549775461843421	7.705862389207644e-06	0.0014957078897452037	867
7	135193891	135193892	1.0	rs292574	26	T	C	7	0.2950516865899751	1.2059911677814703	0.8313998734623147	2.0585383644444392e-05	0.9657288941925893	0.004439581072651841	alt	1.2059911677814703	2.0585383644444392e-05	0.004439581072651841	867
7	137923551	137923552	1.0	rs117250400	29	T	G	7	-0.3664035180280091	0.8828273814235325	0.9736372259395873	0.0003038844063150598	1.0	0.023593585306301245	alt	0.8828273814235325	0.0003038844063150598	0.023593585306301245	867
7	138002302	138002303	1.0	rs2216805	34	T	G	3	1.150970581320584	-0.76373500715235	0.0008182734650336381	0.9769968872602319	0.027199225978761708	1.0	ref	1.150970581320584	0.0008182734650336381	0.027199225978761708	867
7	140626785	140626786	1.0	rs269227	28	T	C	3	1.0902842379025417	-0.2885284687550304	0.0027678821560467052	0.960825667744448	0.049744993193394954	1.0	ref	1.0902842379025417	0.0027678821560467052	0.049744993193394954	867
8	11862717	11862718	1.0	rs1293303	20	G	C	5	0.643647749719357	-0.5195064038481958	0.006800657989541756	0.9773238670206512	0.08048827535183262	1.0	ref	0.643647749719357	0.006800657989541756	0.08048827535183262	867
8	22756288	22756289	1.0	rs10216972	21	C	T	4	-0.6140098763394679	0.8463000427610632	0.8669412811214878	0.001493434071042515	0.9793787477588694	0.05797511063787044	alt	0.8463000427610632	0.001493434071042515	0.05797511063787044	867
8	23345559	23345560	1.0	rs7011311	29	T	C	7	0.7654415183967164	-0.38304550718976405	0.0009311926869278565	0.9257175994948336	0.02963024598896671	1.0	ref	0.7654415183967164	0.0009311926869278565	0.02963024598896671	867
8	25458742	25458743	1.0	rs67144712	47	G	A	7	-0.1160854198993011	0.7213141207274864	0.8217356940603759	0.0029468492627959153	0.9608367362477047	0.07816666920623093	alt	0.7213141207274864	0.0029468492627959153	0.07816666920623093	867
8	33513238	33513239	1.0	rs2732288	23	G	A	7	-0.11012345732277315	0.7244946880764819	0.6529222767171116	0.002858409823818513	0.8698161558736538	0.07816666920623093	alt	0.7244946880764819	0.002858409823818513	0.07816666920623093	867
8	33513680	33513681	1.0	rs2581899	22	T	C	6	-0.7822479341055592	0.8107677731250997	0.9982488879872606	0.0006237337792729477	1.0	0.036686886835417924	alt	0.8107677731250997	0.0006237337792729477	0.036686886835417924	867
8	42152947	42152948	1.0	rs6982888	29	A	G	7	-0.4625925553654042	0.6229771828970423	0.9416326575283327	0.004073612653153922	1.0	0.08236335583095587	alt	0.6229771828970423	0.004073612653153922	0.08236335583095587	867
8	75698291	75698292	1.0	rs10093630	24	A	G	5	0.8301350942409319	-0.43575803149803005	0.0021219525456665396	0.9896837826886022	0.04347885847613543	1.0	ref	0.8301350942409319	0.0021219525456665396	0.04347885847613543	867
8	81227521	81227522	1.0	rs7015085	30	G	A	7	0.8194310432348629	-0.2973271834859529	0.0016594225527997823	0.9633016631445482	0.03893008693345088	1.0	ref	0.8194310432348629	0.0016594225527997823	0.03893008693345088	867
8	96340363	96340364	1.0	rs7838015	20	T	C	4	-0.9725350306147071	0.9488977738512947	0.9799278729971551	0.0003553157945036654	1.0	0.02390193214062996	alt	0.9488977738512947	0.0003553157945036654	0.02390193214062996	867
8	123528403	123528404	1.0	rs4242341	25	T	C	7	-0.4005063952549601	0.7544299139015629	0.9600290754318754	0.0011849792236008664	1.0	0.0533891731745549	alt	0.7544299139015629	0.0011849792236008664	0.0533891731745549	867
8	140588847	140588848	1.0	rs62529971	21	C	T	7	0.63811942278924	-0.4979435390585877	0.0026499924671028433	0.9857544730446719	0.04852486206270395	1.0	ref	0.63811942278924	0.0026499924671028433	0.04852486206270395	867
8	140646055	140646056	1.0	rs11166986	30	G	A	7	0.9280782863657675	0.3623673864226083	0.0010709377586275966	0.9324792501912555	0.0320961043164424	1.0	ref	0.9280782863657675	0.0010709377586275966	0.0320961043164424	867
9	16029468	16029469	1.0	rs10810520	29	G	T	4	-0.9579003447067167	1.285969099623489	0.9997144382739787	1.0658144984360711e-05	1.0	0.00344790990244069	alt	1.285969099623489	1.0658144984360711e-05	0.00344790990244069	867
9	16413633	16413634	1.0	rs1057383	30	A	T	7	0.855790997489935	0.1382601737363207	0.002057575102666513	0.9360159747644122	0.04347885847613543	1.0	ref	0.855790997489935	0.002057575102666513	0.04347885847613543	867
9	33001666	33001667	1.0	rs79649832	36	G	A	7	0.8716115622099945	0.33982675227624326	0.0027403148093057723	0.16857286111446906	0.04970982284918229	0.5120499584087393	ref	0.8716115622099945	0.0027403148093057723	0.04970982284918229	867
9	69976412	69976413	1.0	rs11141099	27	G	A	5	0.8543184608852398	-0.2755082701411155	0.002253114038751376	0.958665581292355	0.04461034730136243	1.0	ref	0.8543184608852398	0.002253114038751376	0.04461034730136243	867
9	81689783	81689784	1.0	rs79832460	33	C	A	5	-0.35806899766323647	0.7861015319493936	0.8968830038357583	0.0033750556109278986	0.9879939229470044	0.07946969654422852	alt	0.7861015319493936	0.0033750556109278986	0.07946969654422852	867
9	89275179	89275180	1.0	rs13302560	28	G	A	7	0.9800081880405827	-0.32204595307316236	8.912816313993357e-05	0.920607132060006	0.00730850959108973	1.0	ref	0.9800081880405827	8.912816313993357e-05	0.00730850959108973	867
9	91515536	91515537	1.0	rs72742813	30	C	T	2	-1.0742742177291666	1.2429519187232303	0.9831519926318576	0.001361619889522349	1.0	0.05745443925136694	alt	1.2429519187232303	0.001361619889522349	0.05745443925136694	867
9	108049332	108049333	1.0	rs6477613	24	C	T	7	0.6416954952452939	-0.20140951873087146	0.003742356244433343	0.9800261617932605	0.05603912259826648	1.0	ref	0.6416954952452939	0.003742356244433343	0.05603912259826648	867
9	109816616	109816617	1.0	rs78799091	33	G	T	3	1.6272755724244117	-1.5146696453289752	4.904455088209375e-06	0.9998409771364646	0.0010577274806904886	1.0	ref	1.6272755724244117	4.904455088209375e-06	0.0010577274806904886	867
9	110647468	110647469	1.0	rs3010794	30	G	A	3	-0.9803920063063633	0.9812083739896552	0.9936192575680322	0.0014667545913922117	1.0	0.05797511063787044	alt	0.9812083739896552	0.0014667545913922117	0.05797511063787044	867
9	111958257	111958258	1.0	rs10739329	25	A	G	7	-0.44196713099941703	1.0684922609353764	0.9998153175297219	4.299251301508251e-06	1.0	0.0016689693552455031	alt	1.0684922609353764	4.299251301508251e-06	0.0016689693552455031	867
9	112066051	112066052	1.0	rs10817260	24	C	T	2	-1.169694407646559	1.1521450576561176	0.9886111737263321	0.0019913649724044645	1.0	0.06442065685728443	alt	1.1521450576561176	0.0019913649724044645	0.06442065685728443	867
9	113594092	113594093	1.0	rs12350531	30	G	C	7	0.7343958914332569	-0.16919645881376025	0.002172822911996464	0.9628383675391368	0.04347885847613543	1.0	ref	0.7343958914332569	0.002172822911996464	0.04347885847613543	867
9	114277431	114277432	1.0	rs10817581	21	C	G	3	0.8708130596531646	-1.0875658588076913	0.007490100977631056	0.9884236492652397	0.08602536093243716	1.0	ref	0.8708130596531646	0.007490100977631056	0.08602536093243716	867
9	124267456	124267457	1.0	rs12379417	26	G	A	5	-0.6060020044801135	1.1016437042802194	0.9993003446513583	0.00036942708099891745	1.0	0.02390193214062996	alt	1.1016437042802194	0.00036942708099891745	0.02390193214062996	867
9	132647619	132647620	1.0	rs184252	23	G	C	7	-0.21034758543536616	0.6245632049011628	0.9000311576907267	0.005036549346245825	0.9886590136263161	0.09222587057606742	alt	0.6245632049011628	0.005036549346245825	0.09222587057606742	867
9	134502958	134502959	1.0	rs6537897	28	G	A	6	0.9528838133734467	0.550342938161958	0.0014483291879019444	0.6180505222865726	0.037989283158346945	0.8929865902254696	ref	0.9528838133734467	0.0014483291879019444	0.037989283158346945	867
