#chr	start	end	mean_bad	id	max_cover	ref	alt	n_reps	ref_comb_es	alt_comb_es	ref_comb_pval	alt_comb_pval	ref_fdr_comb_pval	alt_fdr_comb_pval	pref_allele	comb_es	comb_pval	fdr_comb_pval	3732
chr1	778638	778639	1.0	rs114983708	37	A	G	2	1.8137401554277521	-1.8791700192320675	3.0517590023170756e-05	0.9999421704211099	0.016044622954682026	1.0	ref	1.8137401554277521	3.0517590023170756e-05	0.016044622954682026	3732
chr1	25430304	25430305	1.0	rs145575386	93	G	T	2	1.3293240886473563	-1.109722268744124	9.24990313090682e-05	0.9994548088953626	0.033830515277038335	1.0	ref	1.3293240886473563	9.24990313090682e-05	0.033830515277038335	3732
chr1	50960479	50960480	1.0	rs79564522	41	G	T	2	-1.717809817273014	1.9264451920348549	0.9999814435881194	8.797208845085227e-06	1.0	0.02960084832194277	alt	1.9264451920348549	8.797208845085227e-06	0.02960084832194277	3732
chr1	51878741	51878742	1.0	rs736756	53	A	C	6	1.1306134907594723	-0.19628257185410833	0.00028039783952994566	0.9958891892649985	0.0709580856695172	1.0	ref	1.1306134907594723	0.00028039783952994566	0.0709580856695172	3732
chr1	108963212	108963213	1.0	rs144654804	40	G	T	1	-2.4045483690147256	2.167474303964678	0.99992701932218	0.00012028044685336664	1.0	0.07074871901173427	alt	2.167474303964678	0.00012028044685336664	0.07074871901173427	3732
chr1	157099795	157099796	1.0	rs79218294	38	G	A	1	-2.3146344878095766	2.080011462714339	0.9998486976636374	0.00020426562819017357	1.0	0.0982234002914085	alt	2.080011462714339	0.00020426562819017357	0.0982234002914085	3732
chr1	169105801	169105802	1.0	rs28362571	35	C	G	1	2.0244447770636174	-2.4322763369887563	0.0003294687429690802	1.0	0.07676836473679485	1.0	ref	2.0244447770636174	0.0003294687429690802	0.07676836473679485	3732
chr1	191174452	191174453	1.0	rs76787510	46	G	A	1	-2.1579017582715316	2.134168847916552	0.9998517639449014	0.00012615677427199406	1.0	0.07074871901173427	alt	2.134168847916552	0.00012615677427199406	0.07074871901173427	3732
chr1	211630418	211630419	1.0	rs61851769	46	C	T	2	2.121861044488023	-1.356364868353296	4.039588492173559e-06	0.9893135917993162	0.004530802452821864	1.0	ref	2.121861044488023	4.039588492173559e-06	0.004530802452821864	3732
chr1	223718130	223718131	1.0	rs12080565	38	C	T	3	-1.0239058749017254	1.6183467891038703	0.9998738257714787	7.850745298890718e-05	1.0	0.06604046945426872	alt	1.6183467891038703	7.850745298890718e-05	0.06604046945426872	3732
chr1	223992786	223992787	1.0	rs11799363	68	C	T	5	1.0286470834436503	-0.18841650098223828	0.00028258391225972733	0.9989350447066763	0.0709580856695172	1.0	ref	1.0286470834436503	0.00028258391225972733	0.0709580856695172	3732
chr1	234882237	234882238	1.0	rs35960245	40	T	A	3	-1.7869194852147456	1.7049182614660225	0.9999711911493023	5.180560561390867e-05	1.0	0.05126926522637644	alt	1.7049182614660225	5.180560561390867e-05	0.05126926522637644	3732
chr1	247639480	247639481	1.0	rs1182222	44	T	C	2	1.8334817881316505	-1.5049981887744306	2.8849219151757682e-05	0.9999202929483786	0.01599001287962494	1.0	ref	1.8334817881316505	2.8849219151757682e-05	0.01599001287962494	3732
chr10	48634609	48634610	1.0	rs3910910	89	C	T	7	1.141071600854829	-0.08099746849674061	2.07659271806199e-05	0.9978443726360381	0.01343715226487497	1.0	ref	1.141071600854829	2.07659271806199e-05	0.01343715226487497	3732
chr10	58282815	58282816	1.0	rs2790189	37	A	G	4	1.667242684349512	-0.9154926123958798	6.20330565189664e-07	0.9999437487251518	0.0013045551785938634	1.0	ref	1.667242684349512	6.20330565189664e-07	0.0013045551785938634	3732
chr10	58385237	58385238	1.0	rs2279339	57	C	A	5	0.9457665167995906	-0.7732280110769504	0.0003553513585829112	0.9932389924885668	0.07971241675731863	1.0	ref	0.9457665167995906	0.0003553513585829112	0.07971241675731863	3732
chr10	62681443	62681444	1.0	rs12766391	52	G	A	3	1.9182688096495133	-0.4219592989658936	4.670059061435608e-05	0.9999436370178385	0.02123488477016018	1.0	ref	1.9182688096495133	4.670059061435608e-05	0.02123488477016018	3732
chr10	95183765	95183766	1.0	rs78434450	46	G	A	2	2.13322137540651	-2.1673277929845156	2.2938585676092457e-06	0.9999975858182342	0.0029686058878044576	1.0	ref	2.13322137540651	2.2938585676092457e-06	0.0029686058878044576	3732
chr10	101013082	101013083	1.0	rs807019	50	T	C	1	-2.097751822575759	2.1452802993085758	0.9998707092824601	9.85113040821246e-05	1.0	0.07074871901173427	alt	2.1452802993085758	9.85113040821246e-05	0.07074871901173427	3732
chr11	44569178	44569179	1.0	rs10769059	87	G	A	7	1.4251813047181952	-0.13082683008102797	5.264007842372049e-07	0.9999943167782641	0.0013045551785938634	1.0	ref	1.4251813047181952	5.264007842372049e-07	0.0013045551785938634	3732
chr11	57712259	57712260	1.0	rs1424751	94	G	C	2	2.469117133025108	-1.326879939241039	1.4329340812015515e-07	0.999999960296821	0.0008035894327378301	1.0	ref	2.469117133025108	1.4329340812015515e-07	0.0008035894327378301	3732
chr11	71787087	71787088	1.0	rs11234938	86	C	T	4	2.179307912067664	-0.05539792566786634	6.061669233557763e-07	0.9999989546287844	0.0013045551785938634	1.0	ref	2.179307912067664	6.061669233557763e-07	0.0013045551785938634	3732
chr11	71787364	71787365	1.0	rs12788252	39	A	G	1	2.098372222431597	-2.311745720815807	0.0002600189639481212	0.9998241624652587	0.06835248514786235	1.0	ref	2.098372222431597	0.0002600189639481212	0.06835248514786235	3732
chr11	94922818	94922819	1.0	rs7121597	50	C	G	5	1.4964056514647581	0.05338074249485056	0.00014361207228822238	0.9978351988222518	0.04832259008354107	1.0	ref	1.4964056514647581	0.00014361207228822238	0.04832259008354107	3732
chr11	110429781	110429782	1.0	rs7940715	43	C	T	5	-0.6349563713565154	1.1217861710469625	0.9980364353433703	0.0001247817690390355	1.0	0.07074871901173427	alt	1.1217861710469625	0.0001247817690390355	0.07074871901173427	3732
chr11	126356767	126356768	1.0	rs683486	48	C	A	2	-0.3732755649281838	2.324658348651679	0.6774578115309692	3.845240397230213e-05	0.8963861754775483	0.043128216295334074	alt	2.324658348651679	3.845240397230213e-05	0.043128216295334074	3732
chr11	128343043	128343044	1.0	rs871506	88	C	T	4	1.2515427306953635	-0.3989355009871884	2.9463290493840533e-05	0.9994323406435595	0.01599001287962494	1.0	ref	1.2515427306953635	2.9463290493840533e-05	0.01599001287962494	3732
chr11	132719222	132719223	1.0	rs11223186	40	T	G	1	2.1414409443234828	-2.356364868353296	0.00020377891868649268	0.9998761373496031	0.05910994013761298	1.0	ref	2.1414409443234828	0.00020377891868649268	0.05910994013761298	3732
chr11	132719225	132719226	1.0	rs11223187	40	G	T	1	2.1414409443234828	-2.356364868353296	0.00020377891868649268	0.9998761373496031	0.05910994013761298	1.0	ref	2.1414409443234828	0.00020377891868649268	0.05910994013761298	3732
chr12	6873357	6873358	1.0	rs112225089	79	C	G	1	1.675343686423787	-1.4481932950344127	0.00035086807142840725	0.9991344459468224	0.07971241675731863	1.0	ref	1.675343686423787	0.00035086807142840725	0.07971241675731863	3732
chr12	8243214	8243215	1.0	rs4883091	63	A	T	1	1.7715332995514759	-1.5546147941180903	0.0004302798433696566	0.9987632792632091	0.090521672390211	1.0	ref	1.7715332995514759	0.0004302798433696566	0.090521672390211	3732
chr12	38316656	38316657	1.25	rs4882284	45	A	G	2	1.7858524214890563	-0.9829418901100275	0.0004073964750240496	0.9995014481429366	0.08901348436109884	1.0	ref	1.7858524214890563	0.0004073964750240496	0.08901348436109884	3732
chr12	38316720	38316721	1.0714285714285714	rs7315028	77	G	A	7	1.120825179015126	-0.029078052211546152	3.822584277334344e-05	0.9970682511913206	0.018374616537678003	1.0	ref	1.120825179015126	3.822584277334344e-05	0.018374616537678003	3732
chr12	69689301	69689302	1.0	rs113042358	34	T	C	1	1.9755351765826705	-2.3814363926305755	0.00043044066757114125	1.0	0.090521672390211	1.0	ref	1.9755351765826705	0.00043044066757114125	0.090521672390211	3732
chr12	94150743	94150744	1.0	rs79611018	40	G	A	1	1.9990976556728723	-2.089353299479359	0.0004505706614396461	0.9994373453028648	0.09244391229342203	1.0	ref	1.9990976556728723	0.0004505706614396461	0.09244391229342203	3732
chr12	107329002	107329003	1.0	rs1991310	51	G	A	2	1.9613139211676005	-1.4118677310027414	7.447118440667531e-06	0.993818480893127	0.006742065018125908	1.0	ref	1.9613139211676005	7.447118440667531e-06	0.006742065018125908	3732
chr12	116548252	116548253	1.0	rs76522297	79	G	A	2	-0.5641958067435482	1.5031488949463563	0.9991679098182289	0.00021601675052199918	1.0	0.0982234002914085	alt	1.5031488949463563	0.00021601675052199918	0.0982234002914085	3732
chr12	121778985	121778986	1.0	rs3741588	44	A	G	1	-2.8730425438244622	2.4262014313382863	1.0	1.8617603141306835e-05	1.0	0.03132225552493462	alt	2.4262014313382863	1.8617603141306835e-05	0.03132225552493462	3732
chr12	121779003	121779004	1.0	rs11553699	37	A	G	1	2.1175541814550987	-2.5289665584431247	0.00019541440641842947	1.0	0.05910994013761298	1.0	ref	2.1175541814550987	0.00019541440641842947	0.05910994013761298	3732
chr12	131093277	131093278	1.1666666666666667	rs1725831	55	A	G	3	-1.3242487024472611	1.5717607420691018	0.9937830664933887	1.8385517205787178e-05	1.0	0.03132225552493462	alt	1.5717607420691018	1.8385517205787178e-05	0.03132225552493462	3732
chr12	131093375	131093376	1.0	rs7138946	58	G	A	1	-2.564827748639096	2.530097524247691	0.9999981675738132	7.174084776512315e-06	1.0	0.02960084832194277	alt	2.530097524247691	7.174084776512315e-06	0.02960084832194277	3732
chr13	25287438	25287439	1.0	rs3809335	39	A	G	3	1.5639560031855664	-0.5942437733932905	4.340464772889859e-05	0.9826833597017444	0.020284438705305274	1.0	ref	1.5639560031855664	4.340464772889859e-05	0.020284438705305274	3732
chr13	39811257	39811258	1.0	rs9548940	47	C	G	1	2.2766316312017816	-2.382030298184152	8.677195417116305e-05	0.9999498970076615	0.03244114126612549	1.0	ref	2.2766316312017816	8.677195417116305e-05	0.03244114126612549	3732
chr14	65055024	65055025	1.0	rs60233922	41	C	T	2	1.8795740084947252	-0.6812954491563519	0.00022859090562383182	0.9997920589973549	0.06304612124943192	1.0	ref	1.8795740084947252	0.00022859090562383182	0.06304612124943192	3732
chr15	22221360	22221361	1.0	rs117455278	99	G	A	2	2.3771988031269493	0.1407986633880671	1.125467248458917e-06	0.9999860367332163	0.0015779050823394017	1.0	ref	2.3771988031269493	1.125467248458917e-06	0.0015779050823394017	3732
chr15	68233160	68233161	1.0	rs867483	38	C	T	3	-0.43845637614252797	1.6211159900842687	0.9997782675426968	6.85061831256737e-05	1.0	0.06403044582812968	alt	1.6211159900842687	6.85061831256737e-05	0.06403044582812968	3732
chr16	46390715	46390716	1.0	rs28857571	37	A	G	1	2.0081744134600186	-2.218803041228565	0.00042784755779815367	0.9996686373451442	0.090521672390211	1.0	ref	2.0081744134600186	0.00042784755779815367	0.090521672390211	3732
chr17	7329842	7329843	1.0	rs3809817	60	C	G	2	1.9182383332895876	-0.27641448954595466	0.00023691167160078792	0.9983101718827783	0.06428712843567187	1.0	ref	1.9182383332895876	0.00023691167160078792	0.06428712843567187	3732
chr17	14301062	14301063	1.0	rs2072243	89	C	T	4	1.3907891843396236	-0.19388837819848248	7.969677151318746e-05	0.9981470508498937	0.031181825207857342	1.0	ref	1.3907891843396236	7.969677151318746e-05	0.031181825207857342	3732
chr17	14301092	14301093	1.0	rs2072242	67	T	C	4	1.506365239833448	-0.1921374438629096	1.6928416981067054e-05	0.9998113855707307	0.012382769012585745	1.0	ref	1.506365239833448	1.6928416981067054e-05	0.012382769012585745	3732
chr17	46193442	46193443	1.0	rs113417378	75	A	G	4	-0.3240211188435929	1.3184655686183224	0.9986566184103778	9.781233933969078e-05	1.0	0.07074871901173427	alt	1.3184655686183224	9.781233933969078e-05	0.07074871901173427	3732
chr17	46194145	46194146	1.0	rs62060951	53	G	C	3	1.9796928428827343	-0.5451581125841344	1.1121513855584074e-06	0.9999979592511908	0.0015779050823394017	1.0	ref	1.9796928428827343	1.1121513855584074e-06	0.0015779050823394017	3732
chr18	36534285	36534286	1.0	rs17651215	100	T	C	2	2.0385470659362555	-2.2498109206456753	5.705060502385144e-07	0.9999996181367631	0.0013045551785938634	1.0	ref	2.0385470659362555	5.705060502385144e-07	0.0013045551785938634	3732
chr19	21569338	21569339	1.0	rs73550345	70	C	T	2	2.12172341503988	-2.310689771284478	1.3245564266344261e-05	0.9999968130249963	0.010129244237135265	1.0	ref	2.12172341503988	1.3245564266344261e-05	0.010129244237135265	3732
chr2	18077924	18077925	1.0	rs34665754	64	T	C	4	2.1211756786905727	0.5127331009343289	8.942763211114394e-06	0.9999816944759435	0.007522652413189428	1.0	ref	2.1211756786905727	8.942763211114394e-06	0.007522652413189428	3732
chr2	25042062	25042063	1.0	rs532437122	38	G	C	1	2.0539781030731437	-2.265932152609331	0.00033294318964837625	0.9997592370046208	0.07676836473679485	1.0	ref	2.0539781030731437	0.00033294318964837625	0.07676836473679485	3732
chr2	31318809	31318810	1.0	rs77403225	46	G	A	2	1.4603281661541048	-1.1215348982554594	0.0003148071737913986	0.9977328748275749	0.0767582013313984	1.0	ref	1.4603281661541048	0.0003148071737913986	0.0767582013313984	3732
chr2	88092203	88092204	1.0	rs11676393	38	C	T	3	1.2056115454606429	-0.868698800881837	0.0003760773446000379	0.9707994891234429	0.08325164796777682	0.99998283725295	ref	1.2056115454606429	0.0003760773446000379	0.08325164796777682	3732
chr2	118088242	118088243	1.0	rs12986752	61	G	A	8	1.11741765276147	0.09543967237964743	0.00017768939305304042	0.9969340134879833	0.05861659507302651	1.0	ref	1.11741765276147	0.00017768939305304042	0.05861659507302651	3732
chr2	139865090	139865091	1.0	rs74836032	51	G	A	1	-2.5651340582383972	2.443594824711989	0.9999935118584453	1.783438875999439e-05	1.0	0.03132225552493462	alt	2.443594824711989	1.783438875999439e-05	0.03132225552493462	3732
chr2	218322643	218322644	1.0	rs10203039	46	T	C	1	2.4751061860731824	-2.9034303159346275	2.2369257856863678e-05	1.0	0.013643721948621831	1.0	ref	2.4751061860731824	2.2369257856863678e-05	0.013643721948621831	3732
chr2	224039198	224039199	1.0	rs6741768	86	C	G	6	1.1963081838994325	-0.18894537742525097	8.280629264000723e-05	0.9973425955568525	0.031662115167624585	1.0	ref	1.1963081838994325	8.280629264000723e-05	0.031662115167624585	3732
chr2	224039216	224039217	1.0	rs571372415	49	A	C	2	1.8552809471962037	-1.3949618436271618	2.2707097869793824e-05	0.9999343808725957	0.013643721948621831	1.0	ref	1.8552809471962037	2.2707097869793824e-05	0.013643721948621831	3732
chr20	5057127	5057128	1.0	rs261360	36	G	A	2	1.625406679522988	-1.8960095654603335	0.00012873296947841294	0.9981299304111275	0.04420007098989427	1.0	ref	1.625406679522988	0.00012873296947841294	0.04420007098989427	3732
chr21	37358468	37358469	1.0	rs8126722	105	T	A	6	-0.07370646360601271	1.0144404721391003	0.9965619138533389	0.00013680697013479244	1.0	0.07424646663057252	alt	1.0144404721391003	0.00013680697013479244	0.07424646663057252	3732
chr3	14142071	14142072	1.0	rs11943	46	C	T	1	-2.1579017582715316	2.134168847916552	0.9998517639449014	0.00012615677427199406	1.0	0.07074871901173427	alt	2.134168847916552	0.00012615677427199406	0.07074871901173427	3732
chr3	75435092	75435093	1.0	rs9848544	52	A	G	2	2.243094872863681	-2.274911298151311	9.580505742635253e-07	0.9999993302048438	0.0015779050823394017	1.0	ref	2.243094872863681	9.580505742635253e-07	0.0015779050823394017	3732
chr3	98188708	98188709	1.0	rs35594582	33	C	A	2	1.5858466970482663	-1.4643058876283779	0.00022112607509134906	0.9997847748773608	0.06200375145561427	1.0	ref	1.5858466970482663	0.00022112607509134906	0.06200375145561427	3732
chr3	158713280	158713281	1.0	rs1548013	35	C	T	2	1.590462033064474	-1.4702068546726559	0.00019922261298327727	0.9995490349873177	0.05910994013761298	1.0	ref	1.590462033064474	0.00019922261298327727	0.05910994013761298	3732
chr3	161271914	161271915	1.0	rs12374001	45	C	T	1	-2.6100081379906683	2.365413681576588	0.9999888019643718	3.397928838938224e-05	1.0	0.043128216295334074	alt	2.365413681576588	3.397928838938224e-05	0.043128216295334074	3732
chr3	184711476	184711477	1.0	rs34404407	47	C	A	1	-1.9879767568292195	2.035655808134077	0.9996626628171246	0.00020861949755027916	1.0	0.0982234002914085	alt	2.035655808134077	0.00020861949755027916	0.0982234002914085	3732
chr3	186109513	186109514	1.0	rs74846175	33	C	T	2	-1.191407707874942	1.6167666102945957	0.9996566316728047	0.00015459150868104698	1.0	0.08127648568906044	alt	1.6167666102945957	0.00015459150868104698	0.08127648568906044	3732
chr3	195075621	195075622	1.0	rs60712049	55	G	A	1	-2.696442597079096	2.5691257067958477	0.9999986530796247	7.131501016595142e-06	1.0	0.02960084832194277	alt	2.5691257067958477	7.131501016595142e-06	0.02960084832194277	3732
chr4	35912398	35912399	1.0	rs1368616	52	G	T	2	-1.2108302235312998	1.524721898265213	0.9872129923988313	0.00011532242573255434	1.0	0.07074871901173427	alt	1.524721898265213	0.00011532242573255434	0.07074871901173427	3732
chr4	52862170	52862171	1.0	rs4864685	99	C	G	4	1.1622496551185932	0.3997527276069267	0.0004379117471353698	0.9910925910404459	0.09095589177537608	1.0	ref	1.1622496551185932	0.0004379117471353698	0.09095589177537608	3732
chr4	74320735	74320736	1.0	rs116550067	52	C	T	1	-2.600358088164955	2.4760163024043664	0.9999954673508783	1.4129379817431404e-05	1.0	0.03132225552493462	alt	2.4760163024043664	1.4129379817431404e-05	0.03132225552493462	3732
chr4	75941101	75941102	1.0	rs13126007	52	G	A	4	-0.07696482022042077	1.5790820800621992	0.9999727939568789	3.129157105640864e-06	1.0	0.02632246957265095	alt	1.5790820800621992	3.129157105640864e-06	0.02632246957265095	3732
chr4	87844023	87844024	1.0	rs12640398	41	A	G	5	1.2803753997101477	-0.7585559163566984	3.190816903309206e-05	0.9993149954650136	0.016267364721598208	1.0	ref	1.2803753997101477	3.190816903309206e-05	0.016267364721598208	3732
chr4	95130152	95130153	1.0	rs17023081	48	G	A	5	1.0603070296566255	-0.42585288719390013	0.0004937709381016308	0.9908526036121894	0.09889526503121235	1.0	ref	1.0603070296566255	0.0004937709381016308	0.09889526503121235	3732
chr4	98143616	98143617	1.0	rs62318940	66	C	T	5	1.2235778222546942	0.12293658316342874	6.744662148872354e-05	0.9986667430839299	0.02909543486990474	1.0	ref	1.2235778222546942	6.744662148872354e-05	0.02909543486990474	3732
chr4	119454674	119454675	1.0	rs28714318	99	C	T	2	1.3657931850590432	-0.6550344162100399	7.656040213368299e-05	0.9997207840194413	0.030667909654692443	1.0	ref	1.3657931850590432	7.656040213368299e-05	0.030667909654692443	3732
chr4	119454675	119454676	1.0	rs28495013	99	A	C	2	1.3657931850590432	-0.6550344162100399	7.656040213368299e-05	0.9997207840194413	0.030667909654692443	1.0	ref	1.3657931850590432	7.656040213368299e-05	0.030667909654692443	3732
chr4	119454824	119454825	1.0	rs28571712	107	G	A	4	1.5431452432582673	0.15480057493132754	5.09192429912575e-06	0.9999662634443129	0.005354158400530726	1.0	ref	1.5431452432582673	5.09192429912575e-06	0.005354158400530726	3732
chr4	119454874	119454875	1.0	rs28408407	70	C	G	1	2.6830486653604173	-2.6505651694225945	2.489157876833568e-06	0.9999997753379299	0.002991256579989139	1.0	ref	2.6830486653604173	2.489157876833568e-06	0.002991256579989139	3732
chr4	140790864	140790865	1.0	rs7685270	41	G	C	2	-0.6627261714813133	2.0738496126258283	0.8624134593804403	0.00017580256387211572	0.965917886179963	0.08962734347225682	alt	2.0738496126258283	0.00017580256387211572	0.08962734347225682	3732
chr4	185425900	185425901	1.0	rs2289720	152	G	A	4	1.187348356137689	-0.5341344370452911	8.850303263208915e-07	0.9999928978783147	0.0015779050823394017	1.0	ref	1.187348356137689	8.850303263208915e-07	0.0015779050823394017	3732
chr4	185425918	185425919	1.0	rs11132303	156	G	C	4	1.2599982398114193	-0.2978151886101964	4.978712594171478e-07	0.999995108213375	0.0013045551785938634	1.0	ref	1.2599982398114193	4.978712594171478e-07	0.0013045551785938634	3732
chr5	132101024	132101025	1.0	rs7723516	42	C	G	1	-2.7957927242524563	2.3502525781049877	1.0	3.098254591510412e-05	1.0	0.043128216295334074	alt	2.3502525781049877	3.098254591510412e-05	0.043128216295334074	3732
chr5	144201782	144201783	1.0	rs28677906	111	T	C	2	-0.6580579021218533	1.5604619037213536	0.9998643639117564	4.496445401844093e-05	1.0	0.04728012340039064	alt	1.5604619037213536	4.496445401844093e-05	0.04728012340039064	3732
chr5	144201792	144201793	1.0	rs28406939	118	A	G	2	-0.8138018898675252	1.465598530266144	0.9998951887954126	3.820931736074211e-05	1.0	0.043128216295334074	alt	1.465598530266144	3.820931736074211e-05	0.043128216295334074	3732
chr5	157731801	157731802	1.0	rs11740555	116	G	A	2	1.0424178874446168	-0.810393177770682	0.00047974165974294463	0.9970941614422865	0.09724305642789519	1.0	ref	1.0424178874446168	0.00047974165974294463	0.09724305642789519	3732
chr6	6892277	6892278	1.0	rs6597233	46	C	G	1	2.2401057551766677	-2.3441170547744634	0.00010888018852000148	0.9999253814175806	0.03816250607626052	1.0	ref	2.2401057551766677	0.00010888018852000148	0.03816250607626052	3732
chr6	22474526	22474527	1.0	rs9393296	63	G	A	2	1.421159642177011	-1.1960242267424512	0.0001857516270282646	0.9984820945627509	0.05910994013761298	1.0	ref	1.421159642177011	0.0001857516270282646	0.05910994013761298	3732
chr6	22474547	22474548	1.0	rs9358551	66	A	G	2	1.3736682818273422	-0.8256881922363156	0.0003286607344722636	0.9973633339752846	0.07676836473679485	1.0	ref	1.3736682818273422	0.0003286607344722636	0.07676836473679485	3732
chr6	42979274	42979275	1.0	rs9462860	41	G	C	1	-2.1821559476782775	2.0716260473250308	0.9997564212705654	0.00021220338733254232	1.0	0.0982234002914085	alt	2.0716260473250308	0.00021220338733254232	0.0982234002914085	3732
chr6	52498665	52498666	1.0	rs116592495	94	C	G	1	-1.8210453910932074	2.053630106532923	0.9999927630830149	1.474813400025311e-05	1.0	0.03132225552493462	alt	2.053630106532923	1.474813400025311e-05	0.03132225552493462	3732
chr6	57961542	57961543	1.0	rs9404620	65	A	G	5	1.1651915856292363	0.15181959446312926	0.0002935263139425879	0.9879743154883327	0.07262186332014853	1.0	ref	1.1651915856292363	0.0002935263139425879	0.07262186332014853	3732
chr6	70668484	70668485	1.0	rs781984	73	A	G	4	-1.2385875384901701	1.6170742957302697	0.9999979428366644	4.2787132838676776e-08	1.0	0.000719850722877898	alt	1.6170742957302697	4.2787132838676776e-08	0.000719850722877898	3732
chr6	95577481	95577482	1.0	rs7740179	107	A	C	6	1.4576807857970482	-0.1759392578895195	7.614077231597256e-06	0.999954930053065	0.006742065018125908	1.0	ref	1.4576807857970482	7.614077231597256e-06	0.006742065018125908	3732
chr6	116571517	116571518	1.0	rs147899431	94	G	C	2	1.6186626900355616	-0.9231796342893014	1.2859895092283374e-05	0.9999599668212074	0.010129244237135265	1.0	ref	1.6186626900355616	1.2859895092283374e-05	0.010129244237135265	3732
chr6	119627483	119627484	1.0	rs77246005	60	A	G	2	2.549977198752373	-2.6857080060745813	9.283462489591408e-08	0.9999999859769749	0.0007809248646244292	1.0	ref	2.549977198752373	9.283462489591408e-08	0.0007809248646244292	3732
chr6	126340007	126340008	1.0	rs9388486	38	T	C	3	1.291164578218777	-0.8140748886475841	0.00020342061867908038	0.9969080838623972	0.05910994013761298	1.0	ref	1.291164578218777	0.00020342061867908038	0.05910994013761298	3732
chr6	129767478	129767479	1.0	rs6909909	36	C	A	2	1.655420943840076	-1.106094344988373	0.0003331009644428212	0.9997636833285094	0.07676836473679485	1.0	ref	1.655420943840076	0.0003331009644428212	0.07676836473679485	3732
chr6	131199853	131199854	1.0	rs3903759	39	C	A	2	1.5569035443066932	-1.1898526882708698	0.00018731102903699862	0.971728216064377	0.05910994013761298	0.99998283725295	ref	1.5569035443066932	0.00018731102903699862	0.05910994013761298	3732
chr7	36152791	36152792	1.0	rs10279011	57	C	T	2	1.4796224743274011	-1.2692287090059202	0.00020885081498598528	0.9986868291856975	0.05955434086990197	1.0	ref	1.4796224743274011	0.00020885081498598528	0.05955434086990197	3732
chr7	36152823	36152824	1.0	rs28462277	53	T	C	2	1.5562563110526988	-1.3718719327458408	0.00010119446483128846	0.9992694671727179	0.03622331226216163	1.0	ref	1.5562563110526988	0.00010119446483128846	0.03622331226216163	3732
chr7	77327321	77327322	1.0	rs2293452	68	G	A	3	1.8124590088806498	-0.22145737693611303	0.0002682332303545393	0.9992375193842254	0.06942701334591952	1.0	ref	1.8124590088806498	0.0002682332303545393	0.06942701334591952	3732
chr7	102671800	102671801	1.0	rs59531363	39	G	A	1	2.098372222431597	-2.311745720815807	0.0002600189639481212	0.9998241624652587	0.06835248514786235	1.0	ref	2.098372222431597	0.0002600189639481212	0.06835248514786235	3732
chr7	102748765	102748766	1.0	rs117451379	107	C	T	2	1.240399028347171	-0.8434818808697149	7.523895989136705e-05	0.9997076020355675	0.030667909654692443	1.0	ref	1.240399028347171	7.523895989136705e-05	0.030667909654692443	3732
chr7	142384824	142384825	1.0	rs361365	84	C	T	9	1.1188750699491714	0.14489236930273958	2.661072568772815e-05	0.9983424072235954	0.015437891343804773	1.0	ref	1.1188750699491714	2.661072568772815e-05	0.015437891343804773	3732
chr7	155297445	155297446	1.0	rs9768501	45	A	G	7	1.432298367864982	-0.29790357326530326	7.131661378817654e-06	0.9999443288691313	0.006742065018125908	1.0	ref	1.432298367864982	7.131661378817654e-06	0.006742065018125908	3732
chr8	11862717	11862718	1.0	rs1293303	44	G	C	2	1.9755629733793492	-1.1046264450723928	1.794237638898494e-05	0.9999774911858789	0.012577605848678442	1.0	ref	1.9755629733793492	1.794237638898494e-05	0.012577605848678442	3732
chr8	80915565	80915566	1.0	rs1445561	43	A	G	1	-2.8359736633841695	2.3887267259196228	1.0	2.397560192529124e-05	1.0	0.03666959334464544	alt	2.3887267259196228	2.397560192529124e-05	0.03666959334464544	3732
chr8	90467839	90467840	1.0	rs2223010	64	A	G	1	2.1572391517705967	-1.996448989041058	5.161241052950805e-05	0.9999376575168618	0.02285071565127483	1.0	ref	2.1572391517705967	5.161241052950805e-05	0.02285071565127483	3732
chr8	104329960	104329961	1.0	rs10087820	152	G	A	2	-1.1349953218646898	1.3275779920755872	0.9997448506459843	7.235834477857413e-05	1.0	0.06407141013445954	alt	1.3275779920755872	7.235834477857413e-05	0.06407141013445954	3732
chr8	111992734	111992735	1.0	rs78441941	37	C	T	4	-0.1176311719245988	1.4099878928358702	0.9992634256769131	0.00010049020943882188	1.0	0.07074871901173427	alt	1.4099878928358702	0.00010049020943882188	0.07074871901173427	3732
chr8	118529088	118529089	1.0	rs7831640	37	T	A	1	-2.5776688936433705	2.1407992124760375	1.0	0.0001179534024151967	1.0	0.07074871901173427	alt	2.1407992124760375	0.0001179534024151967	0.07074871901173427	3732
chr9	41274053	41274054	1.0	rs28589830	51	G	C	3	1.8745612676890242	-0.8473119044925199	1.9170703061674e-05	0.9999783053309428	0.012901116332384137	1.0	ref	1.8745612676890242	1.9170703061674e-05	0.012901116332384137	3732
chr9	69013290	69013291	1.0	rs3730386	41	G	C	2	1.827258883487278	-1.5018734562590998	3.740437678552833e-05	0.9999228139613389	0.018374616537678003	1.0	ref	1.827258883487278	3.740437678552833e-05	0.018374616537678003	3732
chr9	95462773	95462774	1.0	rs28377268	54	G	T	2	-1.273793754426408	1.557009711831947	0.9994298981150427	0.00010463623220253553	1.0	0.07074871901173427	alt	1.557009711831947	0.00010463623220253553	0.07074871901173427	3732
