#chr	start	end	mean_bad	id	max_cover	ref	alt	n_reps	ref_comb_es	alt_comb_es	ref_comb_pval	alt_comb_pval	ref_fdr_comb_pval	alt_fdr_comb_pval	pref_allele	comb_es	comb_pval	fdr_comb_pval	2846
chr1	95073026	95073027	1.0	rs41292697	27	G	A	2	1.077851872507972	-1.074381630278844	0.002100103869720727	0.952632367962237	0.09774813308661603	1.0	ref	1.077851872507972	0.002100103869720727	0.09774813308661603	2846
chr1	165698274	165698275	1.0	rs4646883	35	T	C	1	1.4611480354865307	-1.3560391488902281	0.0019215303991197037	0.9885997341725359	0.09623487438749383	1.0	ref	1.4611480354865307	0.0019215303991197037	0.09623487438749383	2846
chr1	172639250	172639251	1.0	rs534676013	69	T	C	3	0.9914585171992331	-0.20366297681971943	0.0022560140840624135	0.9621772993984019	0.09876328323562121	1.0	ref	0.9914585171992331	0.0022560140840624135	0.09876328323562121	2846
chr1	172764629	172764630	1.0	rs17279900	66	G	A	1	1.3266100397785845	-1.065516702507331	0.0006450279936244579	0.9938765185355373	0.056475784330674766	1.0	ref	1.3266100397785845	0.0006450279936244579	0.056475784330674766	2846
chr1	241640333	241640334	1.0	rs7513575	87	T	C	3	1.0022002546860223	-0.39241738073364585	0.0004184929021011336	0.9905002496041126	0.04031104931406336	1.0	ref	1.0022002546860223	0.0004184929021011336	0.04031104931406336	2846
chr1	241640355	241640356	1.0	rs7513451	78	A	G	3	1.120013300421972	-0.7079346896022243	2.5236126052253264e-05	0.9989865003426327	0.009093236724375184	1.0	ref	1.120013300421972	2.5236126052253264e-05	0.009093236724375184	2846
chr1	244048272	244048273	1.0	rs552854628	39	G	C	2	1.62160831003783	-1.2376209536078207	1.8234684645737634e-05	0.9996792285711523	0.009093236724375184	1.0	ref	1.62160831003783	1.8234684645737634e-05	0.009093236724375184	2846
chr10	16787686	16787687	1.0	rs117783645	30	C	T	1	1.7830302922030121	-2.1479940586176993	0.0001129294504424952	1.0	0.02307606077190579	1.0	ref	1.7830302922030121	0.0001129294504424952	0.02307606077190579	2846
chr10	118698623	118698624	1.0	rs12774262	38	A	C	2	1.160822892993778	-0.7501848285239112	0.0016165360230161053	0.9836520646576361	0.09623487438749383	1.0	ref	1.160822892993778	0.0016165360230161053	0.09623487438749383	2846
chr11	81869958	81869959	1.5	rs1459950	93	C	T	2	1.0900819001265876	-0.2414490388027917	0.0002663618858684361	0.8304936386022357	0.03229125631758887	0.972405627367848	ref	1.0900819001265876	0.0002663618858684361	0.03229125631758887	2846
chr12	8243214	8243215	1.0	rs4883091	29	A	T	1	1.584151864561571	-1.7632547614065093	0.0007100086279892767	0.9972738407387863	0.058893347247952636	1.0	ref	1.584151864561571	0.0007100086279892767	0.058893347247952636	2846
chr12	34022365	34022366	1.0	rs12372721	30	C	T	1	1.645552409225714	-1.8254516526901936	0.00043482730859078497	0.9980618789038769	0.04031104931406336	1.0	ref	1.645552409225714	0.00043482730859078497	0.04031104931406336	2846
chr13	97433094	97433095	1.0	rs1159278	66	G	A	2	1.3360843237938873	-0.31979352478466094	0.00013177953486494425	0.9968645532184932	0.02307606077190579	1.0	ref	1.3360843237938873	0.00013177953486494425	0.02307606077190579	2846
chr17	13018030	13018031	1.0	rs4792315	60	G	C	2	1.1731065766910849	-0.2689486557527634	0.00213483310968262	0.9742591161809256	0.09774813308661603	1.0	ref	1.1731065766910849	0.00213483310968262	0.09774813308661603	2846
chr19	21569338	21569339	1.0	rs73550345	47	C	T	3	0.8817429149409058	-0.5396442985746679	0.0019540076017765242	0.9663117049583592	0.09623487438749383	1.0	ref	0.8817429149409058	0.0019540076017765242	0.09623487438749383	2846
chr2	110858563	110858564	1.0	rs1533299	42	C	T	3	1.57002701548307	-0.33054666640050606	2.884910128291619e-05	0.9988048579056126	0.009093236724375184	1.0	ref	1.57002701548307	2.884910128291619e-05	0.009093236724375184	2846
chr2	161244749	161244750	1.0	rs11678980	55	G	A	2	1.2685230889564783	-0.34658390105330755	0.0009492814155727407	0.9868121709932804	0.06800306867921088	1.0	ref	1.2685230889564783	0.0009492814155727407	0.06800306867921088	2846
chr3	153680797	153680798	1.0	rs1523282	27	C	G	1	1.4529073312833187	-1.6308128264347266	0.0018601998388644327	0.994706615615771	0.09623487438749383	1.0	ref	1.4529073312833187	0.0018601998388644327	0.09623487438749383	2846
chr4	52862186	52862187	1.0	rs115003362	46	G	T	3	1.441310872579134	-0.3291737969285911	0.0002157168633958756	0.9968213528824641	0.03090634333744545	1.0	ref	1.441310872579134	0.0002157168633958756	0.03090634333744545	2846
chr4	52862187	52862188	1.0	rs116749252	46	C	T	3	1.441310872579134	-0.3291737969285911	0.0002157168633958756	0.9968213528824641	0.03090634333744545	1.0	ref	1.441310872579134	0.0002157168633958756	0.03090634333744545	2846
chr4	98143543	98143544	1.0	rs185780965	68	G	T	1	1.3880105844427275	-1.1290861667696452	0.00033126512097457283	0.9963683323057424	0.037290987903994766	1.0	ref	1.3880105844427275	0.00033126512097457283	0.037290987903994766	2846
chr4	98143555	98143556	1.0	rs188995391	67	T	C	1	1.2580182451368191	-0.995127374615933	0.0010264103990082472	0.991042396657564	0.07033142560160859	1.0	ref	1.2580182451368191	0.0010264103990082472	0.07033142560160859	2846
chr4	102630910	102630911	1.0	rs7690700	44	T	C	3	1.3330521090215548	-0.7522386137947268	2.1246386575055664e-05	0.9805649428020177	0.009093236724375184	1.0	ref	1.3330521090215548	2.1246386575055664e-05	0.009093236724375184	2846
chr4	118278723	118278724	1.0	rs1573955	63	G	T	2	1.4404104482713498	-0.4740848270372172	0.00012664057135561272	0.9975304294948752	0.02307606077190579	1.0	ref	1.4404104482713498	0.00012664057135561272	0.02307606077190579	2846
chr4	119454824	119454825	1.0	rs28571712	53	G	A	1	1.4435630752255526	-1.1933468637908433	0.0007531532915136466	0.9935497055941265	0.059348479371275346	1.0	ref	1.4435630752255526	0.0007531532915136466	0.059348479371275346	2846
chr5	40798348	40798349	1.0	rs10035226	57	G	A	1	1.3510861092108208	-1.090352466576742	0.0010815756057012402	0.9912041169134046	0.07102346477438144	1.0	ref	1.3510861092108208	0.0010815756057012402	0.07102346477438144	2846
chr5	65563127	65563128	1.0	rs9791024	43	A	C	3	1.4065235136256626	0.1766420461043357	0.0018038979962097066	0.964790802460138	0.09623487438749383	1.0	ref	1.4065235136256626	0.0018038979962097066	0.09623487438749383	2846
chr6	95577390	95577391	1.0	rs7770751	30	C	T	2	1.620945221147252	-1.4084204050982785	1.2522466045904372e-05	0.9859053008735784	0.009093236724375184	1.0	ref	1.620945221147252	1.2522466045904372e-05	0.009093236724375184	2846
chr6	97283286	97283287	1.0	rs9384906	57	C	T	2	1.2918913591574785	-0.6849505520524303	0.0003714739857044555	0.9952974852971992	0.03902953343134812	1.0	ref	1.2918913591574785	0.0003714739857044555	0.03902953343134812	2846
chr6	97283314	97283315	1.0	rs9374467	45	T	C	2	1.078190717934345	-0.9631863676539655	0.00174637677759603	0.9878979802648193	0.09623487438749383	1.0	ref	1.078190717934345	0.00174637677759603	0.09623487438749383	2846
chr6	142147128	142147129	1.1666666666666667	rs628311	61	C	A	3	1.3304656315013312	-0.14778036287562477	0.0008546358679537655	0.9893083889755894	0.06413838704262545	1.0	ref	1.3304656315013312	0.0008546358679537655	0.06413838704262545	2846
chr6	142147133	142147134	1.1666666666666667	rs639658	60	G	T	3	1.1284993287370444	-0.1934375642484999	0.0019318269926796696	0.9808059867665371	0.09623487438749383	1.0	ref	1.1284993287370444	0.0019318269926796696	0.09623487438749383	2846
chr7	33129290	33129291	1.0	rs3750122	40	G	C	2	1.291476189055648	-1.0521754836127872	0.00024050762454263172	0.9723179796240718	0.03158666802326563	1.0	ref	1.291476189055648	0.00024050762454263172	0.03158666802326563	2846
chr7	91085351	91085352	1.0	rs941000	45	C	T	1	1.3725782014217565	-1.137814841704929	0.0021708024479895694	0.9856248251843797	0.09774813308661603	1.0	ref	1.3725782014217565	0.0021708024479895694	0.09774813308661603	2846
chr8	70631553	70631554	1.0	rs268610	42	G	A	2	1.4814904937621165	-0.9758500196956026	5.6614575636500865e-05	0.9988339619775837	0.01487076186718756	1.0	ref	1.4814904937621165	5.6614575636500865e-05	0.01487076186718756	2846
chr8	80171624	80171625	1.0	rs10111451	33	T	C	2	1.1268435800008805	-0.9244057422404135	0.0017546084342665704	0.9884239033901927	0.09623487438749383	1.0	ref	1.1268435800008805	0.0017546084342665704	0.09623487438749383	2846
