#chr	start	end	mean_bad	id	max_cover	ref	alt	n_reps	ref_comb_es	alt_comb_es	ref_comb_pval	alt_comb_pval	ref_fdr_comb_pval	alt_fdr_comb_pval	pref_allele	comb_es	comb_pval	fdr_comb_pval	3595
1	62760151	62760152	1.0	rs11208023	37	C	T	2	1.767579032970342	-1.7033644875179377	3.6846187934533474e-05	0.995856335670889	0.031236355821500753	1.0	ref	1.767579032970342	3.6846187934533474e-05	0.031236355821500753	3595
1	114058456	114058457	1.0	rs59460174	44	A	G	2	1.498643306344853	-0.9409091877615339	0.000549149006114682	0.9974672545444141	0.09255231342983725	1.0	ref	1.498643306344853	0.000549149006114682	0.09255231342983725	3595
1	116825327	116825328	1.0	rs2767329	41	A	G	1	2.042166377564758	-2.133972447016848	0.0003530514374015153	0.9995973652817853	0.08495923399023317	1.0	ref	2.042166377564758	0.0003530514374015153	0.08495923399023317	3595
1	187642120	187642121	1.0	rs10912107	38	C	T	2	1.847466007484302	-1.6334622890362929	3.092623007871761e-05	0.9999631649414509	0.029901730207929106	1.0	ref	1.847466007484302	3.092623007871761e-05	0.029901730207929106	3595
1	243487723	243487724	1.0	rs2994326	53	T	C	2	-1.6693691095982077	1.782372021092156	0.9999625913779038	1.6299701339076022e-05	1.0	0.03316337234448408	alt	1.782372021092156	1.6299701339076022e-05	0.03316337234448408	3595
11	3422924	3422925	1.0	rs113285133	70	G	A	2	1.3506752186015314	-1.125303049050753	0.000300805612465277	0.9976007428378098	0.08460553395960241	1.0	ref	1.3506752186015314	0.000300805612465277	0.08460553395960241	3595
11	3423125	3423126	1.0	rs1981508	35	G	C	2	1.4667360832105132	-1.59389182858569	0.00037117368744229236	0.9926069035454018	0.08543476845891602	1.0	ref	1.4667360832105132	0.00037117368744229236	0.08543476845891602	3595
11	36026778	36026779	1.0	rs262433	39	G	T	2	1.7533994033168523	-1.3564785791619325	5.7526736390384066e-05	0.9998336611354423	0.041801392092812646	1.0	ref	1.7533994033168523	5.7526736390384066e-05	0.041801392092812646	3595
11	82653860	82653861	1.0	rs7951675	58	T	A	3	1.2020368785671294	-0.9629874454925473	0.00020383457843774683	0.9964923783947498	0.06912030554823995	1.0	ref	1.2020368785671294	0.00020383457843774683	0.06912030554823995	3595
11	87507897	87507898	1.0	rs11235184	37	G	C	1	-2.5776688936433705	2.1407992124760375	1.0	0.0001179534024151967	1.0	0.09999499689748301	alt	2.1407992124760375	0.0001179534024151967	0.09999499689748301	3595
12	8243214	8243215	1.0	rs4883091	69	A	T	2	2.4432016493179045	-2.0449649426420504	1.2813541877018113e-07	0.9999999561978496	0.0004345072050496842	1.0	ref	2.4432016493179045	1.2813541877018113e-07	0.0004345072050496842	3595
12	21645235	21645236	1.1666666666666667	rs60518125	54	T	C	3	1.719351661313475	-0.8162915749825428	5.58994172483682e-06	0.9999595300855976	0.014216619291691244	1.0	ref	1.719351661313475	5.58994172483682e-06	0.014216619291691244	3595
12	71983282	71983283	1.0	rs67752672	33	G	A	1	1.9249091035127024	-2.327356212020805	0.0005647471376675139	1.0	0.09266407470147772	1.0	ref	1.9249091035127024	0.0005647471376675139	0.09266407470147772	3595
13	33057593	33057594	1.0	rs2239210	50	C	T	1	1.9737008501958675	-1.867457125354394	0.0003302597577231609	0.9993800112657556	0.08460553395960241	1.0	ref	1.9737008501958675	0.0003302597577231609	0.08460553395960241	3595
13	66613344	66613345	1.0	rs7334794	43	C	T	3	1.347817616673626	-1.19057926688131	9.142976986056249e-05	0.9990187274836363	0.04684733926509185	1.0	ref	1.347817616673626	9.142976986056249e-05	0.04684733926509185	3595
13	85963548	85963549	1.0	rs9602896	43	T	C	2	1.6975727382256167	-1.2573420843609773	7.14977380722396e-05	0.9996932931614076	0.04545915558805584	1.0	ref	1.6975727382256167	7.14977380722396e-05	0.04545915558805584	3595
13	85963575	85963576	1.0	rs9602897	49	A	G	2	1.4509745244144503	-0.9590779547466695	0.00039471484493945277	0.9974044374622114	0.08543476845891602	1.0	ref	1.4509745244144503	0.00039471484493945277	0.08543476845891602	3595
14	39692423	39692424	1.0	rs10137830	40	C	G	1	2.246837198400065	-2.662377195358363	9.190725132526706e-05	1.0	0.04684733926509185	1.0	ref	2.246837198400065	9.190725132526706e-05	0.04684733926509185	3595
14	63097340	63097341	1.0	rs8006668	36	C	G	3	1.5072712322302195	-0.5695307395137019	0.00018470119683324115	0.9994124919846116	0.06710590269230579	1.0	ref	1.5072712322302195	0.00018470119683324115	0.06710590269230579	3595
14	68819434	68819435	1.0	rs194743	39	T	C	2	1.5008222492004313	-1.3962666656653286	0.00035150355336366904	0.9988315480964838	0.08495923399023317	1.0	ref	1.5008222492004313	0.00035150355336366904	0.08495923399023317	3595
14	78836940	78836941	1.0	rs72685456	32	A	G	3	1.3583413562228284	-0.443154915318355	0.0005384945775026632	0.9985082191392057	0.09255231342983725	1.0	ref	1.3583413562228284	0.0005384945775026632	0.09255231342983725	3595
16	22670648	22670649	1.0	rs25954	39	C	T	3	-1.4374676106510165	1.5819881077191946	0.9999574869785117	8.262829323044215e-06	1.0	0.02801925423444293	alt	1.5819881077191946	8.262829323044215e-06	0.02801925423444293	3595
17	13018354	13018355	1.0	rs2051973	38	G	A	3	1.3660605156930177	-1.0843344237145423	0.00012077753067551931	0.9990833629708029	0.05342042693748078	1.0	ref	1.3660605156930177	0.00012077753067551931	0.05342042693748078	3595
18	77093416	77093417	1.0	rs72990966	35	A	G	3	-1.1928847516902676	1.4042618577611234	0.9996079258795649	6.0424651330903684e-05	1.0	0.06146999779892832	alt	1.4042618577611234	6.0424651330903684e-05	0.06146999779892832	3595
19	44401516	44401517	1.0	rs2722659	32	T	C	3	1.4775887019697789	-0.9442284716638265	9.210132559734956e-05	0.9905703745970172	0.04684733926509185	1.0	ref	1.4775887019697789	9.210132559734956e-05	0.04684733926509185	3595
2	15591885	15591886	1.0	rs200240684	52	T	G	2	1.39543072395905	-1.1431925032151369	0.00043495154760464977	0.9969580578723916	0.0903012672200429	1.0	ref	1.39543072395905	0.00043495154760464977	0.0903012672200429	3595
2	55279801	55279802	1.0	rs2589076	39	C	G	1	1.954703536314419	-2.0435397312728827	0.0005767401186414278	0.9992400195176857	0.0931297972530039	1.0	ref	1.954703536314419	0.0005767401186414278	0.0931297972530039	3595
2	75873437	75873438	1.0	rs6755718	29	G	A	2	1.4794885578726578	-1.7746881419811693	0.00030777649552509313	0.996097620065177	0.08460553395960241	1.0	ref	1.4794885578726578	0.00030777649552509313	0.08460553395960241	3595
2	81795375	81795376	1.0	rs2099279	46	G	C	2	1.7986489107231707	-0.7648308407934117	0.00016460534268696673	0.9996012511437657	0.062019635227944916	1.0	ref	1.7986489107231707	0.00016460534268696673	0.062019635227944916	3595
2	85468803	85468804	1.0	rs55846016	67	T	C	3	-1.0239216103386681	1.311810306250783	0.9994721845534779	3.129570896172978e-05	1.0	0.04548160675252529	alt	1.311810306250783	3.129570896172978e-05	0.04548160675252529	3595
2	152717635	152717636	1.0	rs76489218	60	G	A	1	-2.84068685349041	2.7120836606378904	0.99999980285434	2.3917150108571863e-06	1.0	0.01216545840272508	alt	2.7120836606378904	2.3917150108571863e-06	0.01216545840272508	3595
2	153872084	153872085	1.1666666666666667	rs151112119	42	C	T	3	1.2903957556489272	-0.8834668811966686	0.0003877884823553593	0.970971122863171	0.08543476845891602	1.0	ref	1.2903957556489272	0.0003877884823553593	0.08543476845891602	3595
2	219177904	219177905	1.0	rs10193576	53	A	C	3	-0.7428808336895336	1.3571553822070708	0.9984234616812213	0.00011426725757099141	1.0	0.09999499689748301	alt	1.3571553822070708	0.00011426725757099141	0.09999499689748301	3595
3	17356791	17356792	1.0	rs9830240	36	G	T	3	1.6434906165793728	-1.321963978273895	8.893071437298982e-06	0.9999714614814511	0.015078202621940423	1.0	ref	1.6434906165793728	8.893071437298982e-06	0.015078202621940423	3595
3	39417579	39417580	1.0	rs71325531	28	T	G	3	1.3892942106272517	-0.9011822822734801	0.00011619683713572537	0.9934949348614577	0.05342042693748078	1.0	ref	1.3892942106272517	0.00011619683713572537	0.05342042693748078	3595
3	100123295	100123296	1.0	rs13093776	41	C	T	1	2.18326112001811	-2.399342789524569	0.00016025020682603792	0.9999109946464739	0.062019635227944916	1.0	ref	2.18326112001811	0.00016025020682603792	0.062019635227944916	3595
3	142931448	142931449	1.0	rs9838306	44	C	A	2	1.581138986858797	-1.61939927418709	0.0001409939977809213	0.9962582448476422	0.057373277577012494	1.0	ref	1.581138986858797	0.0001409939977809213	0.057373277577012494	3595
3	146522802	146522803	1.0	rs61347756	43	A	G	1	1.9827793734982508	-1.9843052902457252	0.0004463530546671937	0.9992871943233019	0.09081499250258723	1.0	ref	1.9827793734982508	0.0004463530546671937	0.09081499250258723	3595
3	177538134	177538135	1.0	rs2173620	33	C	G	3	-1.4264572418253572	1.4998028320546455	0.999946919388187	2.2503959152433453e-05	1.0	0.03815546274295092	alt	1.4998028320546455	2.2503959152433453e-05	0.03815546274295092	3595
4	3955625	3955626	1.0	rs10028062	42	T	C	1	2.223903104515456	-2.442356712277184	0.0001264413757044013	0.9999379292577121	0.0535953381267031	1.0	ref	2.223903104515456	0.0001264413757044013	0.0535953381267031	3595
4	66359310	66359311	1.0	rs4089495	35	G	A	1	2.0244447770636174	-2.4322763369887563	0.0003294687429690802	1.0	0.08460553395960241	1.0	ref	2.0244447770636174	0.0003294687429690802	0.08460553395960241	3595
4	96343244	96343245	1.25	rs35019362	49	G	A	2	1.6783611005092909	-0.7184049214529458	0.0004574309785415042	0.9983609662469659	0.09124402636672005	1.0	ref	1.6783611005092909	0.0004574309785415042	0.09124402636672005	3595
4	105426715	105426716	1.5	rs2726499	62	G	A	2	1.7533750215867907	-2.3617193266765133	0.0005471526809614684	0.9999807722137358	0.09255231342983725	1.0	ref	1.7533750215867907	0.0005471526809614684	0.09255231342983725	3595
4	120256276	120256277	1.0	rs28749277	35	C	T	1	2.0244447770636174	-2.4322763369887563	0.0003294687429690802	1.0	0.08460553395960241	1.0	ref	2.0244447770636174	0.0003294687429690802	0.08460553395960241	3595
5	14145387	14145388	1.0	rs189940390	29	A	G	3	1.219172851763921	-0.850399395458715	0.0005549681627071731	0.9895549141157078	0.09255231342983725	1.0	ref	1.219172851763921	0.0005549681627071731	0.09255231342983725	3595
5	55429759	55429760	1.0	rs138365228	41	A	G	3	1.2004470002952723	-0.925426402133604	0.0004878659682673468	0.9952376999866859	0.09255231342983725	1.0	ref	1.2004470002952723	0.0004878659682673468	0.09255231342983725	3595
5	55616366	55616367	1.0	rs6874737	47	G	A	3	1.479510067242149	-1.170807963349691	2.4108809864536642e-05	0.9997047595150774	0.029901730207929106	1.0	ref	1.479510067242149	2.4108809864536642e-05	0.029901730207929106	3595
5	58503753	58503754	1.0	rs11948189	35	C	T	3	1.2394965497274932	-0.9461098246674764	0.00039067899712779937	0.9963026223609909	0.08543476845891602	1.0	ref	1.2394965497274932	0.00039067899712779937	0.08543476845891602	3595
5	82775093	82775094	1.0	rs6892289	29	A	G	3	1.3600530127739998	-1.3399901980395805	9.208293412787639e-05	0.997382051472775	0.04684733926509185	1.0	ref	1.3600530127739998	9.208293412787639e-05	0.04684733926509185	3595
5	119268121	119268122	1.0	rs12054902	123	A	G	3	1.1711959542027877	-0.3514744850166822	0.00035911206739211893	0.9957162690449967	0.08495923399023317	1.0	ref	1.1711959542027877	0.00035911206739211893	0.08495923399023317	3595
5	120703330	120703331	1.0	rs4895277	30	C	T	3	1.401675774448893	-0.7549575387404003	0.00023613473253114136	0.9858360370402494	0.07276591531130405	1.0	ref	1.401675774448893	0.00023613473253114136	0.07276591531130405	3595
5	122170816	122170817	1.0	rs1427937	45	C	G	2	1.8687351826131058	-2.3049525270862294	6.554167087937025e-05	0.9998961012857678	0.0444503611903889	1.0	ref	1.8687351826131058	6.554167087937025e-05	0.0444503611903889	3595
5	126057457	126057458	1.0	rs4495177	77	G	A	3	1.5345699883188424	-0.3558315892928492	5.010074803275541e-05	0.9995672853379597	0.039205762287478525	1.0	ref	1.5345699883188424	5.010074803275541e-05	0.039205762287478525	3595
5	149357848	149357849	1.0	rs3104352	53	C	G	2	2.657192786885717	-3.0915240270124706	4.540632639035539e-08	1.0	0.0002309592791845427	1.0	ref	2.657192786885717	4.540632639035539e-08	0.0002309592791845427	3595
5	155403473	155403474	1.0	rs6866674	41	C	T	2	1.5698779182965241	-1.5402415553999012	0.00020162746255028902	0.9995797409236857	0.06912030554823995	1.0	ref	1.5698779182965241	0.00020162746255028902	0.06912030554823995	3595
6	70668484	70668485	1.0	rs781984	38	A	G	2	-0.9438159555934496	1.8807153624104374	0.934306863212239	3.6610607154824684e-05	0.9824998676305673	0.04655496332325394	alt	1.8807153624104374	3.6610607154824684e-05	0.04655496332325394	3595
6	125776310	125776311	1.0	rs1977141	36	A	G	1	1.9608686986816624	-2.1692419311549624	0.0005518185771850985	0.9995444384826851	0.09255231342983725	1.0	ref	1.9608686986816624	0.0005518185771850985	0.09255231342983725	3595
6	138773500	138773501	1.0	rs59299306	50	A	G	3	1.3089299706983248	-0.45156608700022816	0.0002431968072922774	0.9960805681339865	0.07276591531130405	1.0	ref	1.3089299706983248	0.0002431968072922774	0.07276591531130405	3595
6	149864372	149864373	1.0	rs1889472	38	T	A	3	1.4157238471387352	-0.4169664779980584	0.0005387146767415052	0.79841740601284	0.09255231342983725	0.957705728518301	ref	1.4157238471387352	0.0005387146767415052	0.09255231342983725	3595
6	166167894	166167895	1.0	rs9348090	36	G	C	1	1.9608686986816624	-2.1692419311549624	0.0005518185771850985	0.9995444384826851	0.09255231342983725	1.0	ref	1.9608686986816624	0.0005518185771850985	0.09255231342983725	3595
7	6902179	6902180	1.0	rs28406725	34	T	A	1	1.9755351765826705	-2.3814363926305755	0.00043044066757114125	1.0	0.0903012672200429	1.0	ref	1.9755351765826705	0.00043044066757114125	0.0903012672200429	3595
7	19273781	19273782	1.0	rs73085361	32	C	T	2	-2.2338411675577334	1.8161613606443217	1.0	1.5687892965720834e-05	1.0	0.03316337234448408	alt	1.8161613606443217	1.5687892965720834e-05	0.03316337234448408	3595
7	45769153	45769154	1.0	rs113588468	37	A	G	3	1.6904731419481238	-1.2388500932375848	8.17902829435486e-06	0.996190583722898	0.015078202621940423	1.0	ref	1.6904731419481238	8.17902829435486e-06	0.015078202621940423	3595
7	73842589	73842590	1.0	rs10233067	49	T	C	3	1.1405148670932672	-0.7474213270568706	0.0004980180917395307	0.9912896834485071	0.09255231342983725	1.0	ref	1.1405148670932672	0.0004980180917395307	0.09255231342983725	3595
7	76549199	76549200	1.0	rs34238522	58	T	C	3	1.168020189974167	-0.8120004881272963	0.0002357428384242333	0.9951444008557426	0.07276591531130405	1.0	ref	1.168020189974167	0.0002357428384242333	0.07276591531130405	3595
7	102748890	102748891	1.0	rs113541101	111	C	A	3	1.1617916049248787	-0.7112403224560567	3.233255011178808e-05	0.9996580524604481	0.029901730207929106	1.0	ref	1.1617916049248787	3.233255011178808e-05	0.029901730207929106	3595
8	688391	688392	1.0	rs7387493	71	A	G	3	1.386004272136668	-0.29476122553334105	0.0002293335196968588	0.9985286753684754	0.07276591531130405	1.0	ref	1.386004272136668	0.0002293335196968588	0.07276591531130405	3595
8	40060184	40060185	1.0	rs13265509	36	G	A	3	1.3646261696641968	-1.1162112769004666	0.00011446484909019522	0.9991082097701418	0.05342042693748078	1.0	ref	1.3646261696641968	0.00011446484909019522	0.05342042693748078	3595
8	83825136	83825137	1.0	rs9650290	36	C	T	3	1.5522101963276083	-0.9882405577577826	2.9159392974134058e-05	0.9998602147990211	0.029901730207929106	1.0	ref	1.5522101963276083	2.9159392974134058e-05	0.029901730207929106	3595
9	23377824	23377825	1.0	rs10757427	53	G	T	1	-2.2025639788536893	2.2471599133277893	0.9999537191471657	4.7370798025656145e-05	1.0	0.053544792035	alt	2.2471599133277893	4.7370798025656145e-05	0.053544792035	3595
9	110826412	110826413	1.0	rs2767003	36	G	C	3	1.5273648330836123	-1.5393163063951867	1.8757411592189693e-05	0.9999224888924996	0.027259878303906533	1.0	ref	1.5273648330836123	1.8757411592189693e-05	0.027259878303906533	3595
9	113376981	113376982	1.0	rs3750524	49	G	A	3	1.1445252871354064	-0.9503488673916961	0.0005060116821341094	0.9970689741625136	0.09255231342983725	1.0	ref	1.1445252871354064	0.0005060116821341094	0.09255231342983725	3595
9	113377003	113377004	1.0	rs3750523	41	T	C	2	1.526313660035307	-1.394489591738242	0.0003326669967938756	0.9993422602736848	0.08460553395960241	1.0	ref	1.526313660035307	0.0003326669967938756	0.08460553395960241	3595
