#chr	start	end	mean_bad	id	max_cover	ref	alt	n_reps	ref_comb_es	alt_comb_es	ref_comb_pval	alt_comb_pval	ref_fdr_comb_pval	alt_fdr_comb_pval	pref_allele	comb_es	comb_pval	fdr_comb_pval	2622
chr1	8858253	8858254	1.0	rs10864368	68	T	C	4	-1.2048702949199703	1.3431999969983799	0.9999691500309613	2.3254522753438816e-06	1.0	0.0034220433546383426	alt	1.3431999969983799	2.3254522753438816e-06	0.0034220433546383426	2622
chr1	26201459	26201460	1.0	rs6657616	39	G	A	1	-2.360636208543447	2.1244055820727925	0.9998959426456078	0.0001564660589652242	1.0	0.03794355367900674	alt	2.1244055820727925	0.0001564660589652242	0.03794355367900674	2622
chr1	76053169	76053170	1.33333	rs1251488	111	T	C	2	-1.0333640340796801	1.3883210669500652	0.9981224444707725	0.0010285640028602115	1.0	0.09499992205140803	alt	1.3883210669500652	0.0010285640028602115	0.09499992205140803	2622
chr1	83999389	83999390	1.166665	rs1536165	77	C	A	4	-1.140147923288502	1.2263953171400692	0.9999012726694512	0.00016702432795468928	1.0	0.03794355367900674	alt	1.2263953171400692	0.00016702432795468928	0.03794355367900674	2622
chr1	104294459	104294460	1.166665	rs7521048	62	G	A	4	-0.6835633162134805	1.4081182438358373	0.9999921785209168	7.061039790188602e-05	1.0	0.028687743046751056	alt	1.4081182438358373	7.061039790188602e-05	0.028687743046751056	2622
chr1	155745737	155745738	1.0	rs682020	60	T	A	2	1.7277243168611567	-1.4989560281653718	2.130540125469549e-05	0.9998917623141091	0.011204417118074449	1.0	ref	1.7277243168611567	2.130540125469549e-05	0.011204417118074449	2622
chr1	159922297	159922298	1.0	rs2789422	37	G	A	2	1.5577260701691982	-1.471265625936173	0.00023759016359214163	0.9993239040108608	0.050723552466564924	1.0	ref	1.5577260701691982	0.00023759016359214163	0.050723552466564924	2622
chr1	161612611	161612612	1.0	rs74127051	35	A	T	1	2.0244447770636174	-2.4322763369887563	0.0003294687429690802	1.0	0.05661380416562959	1.0	ref	2.0244447770636174	0.0003294687429690802	0.05661380416562959	2622
chr1	173175877	173175878	1.0	rs6676785	36	A	G	2	-1.2924805893763083	1.654185661200817	0.9997773763644551	9.009285681228149e-05	1.0	0.03087577037543005	alt	1.654185661200817	9.009285681228149e-05	0.03087577037543005	2622
chr1	192148471	192148472	1.0	rs6687273	63	C	T	1	2.507198829960999	-2.4713325343090196	1.0063572660184624e-05	0.9999972188636862	0.007280994819643576	1.0	ref	2.507198829960999	1.0063572660184624e-05	0.007280994819643576	2622
chr1	195898978	195898979	1.0	rs2923880	48	A	G	4	-0.8265699983115199	1.1154867713109458	0.9977492824232796	0.00015149260359913363	1.0	0.03794355367900674	alt	1.1154867713109458	0.00015149260359913363	0.03794355367900674	2622
chr1	205121976	205121977	1.0	rs12033568	34	G	C	2	-1.1471930327488935	1.293722275472296	0.96245541714723	0.0009556759255429908	1.0	0.09084501882004649	alt	1.293722275472296	0.0009556759255429908	0.09084501882004649	2622
chr1	212858130	212858131	1.0	rs2201602	48	A	C	3	0.31423772141671114	1.4451318448958352	0.9910587049564447	0.0010606992940165546	1.0	0.0972780768026591	alt	1.4451318448958352	0.0010606992940165546	0.0972780768026591	2622
chr1	230973213	230973214	1.0	rs11589744	58	T	G	2	-1.0533972459942187	1.2912030974558353	0.9951325063342132	0.0006045031535053836	1.0	0.07643150066117096	alt	1.2912030974558353	0.0006045031535053836	0.07643150066117096	2622
chr1	234373512	234373513	1.0	rs10910420	73	G	C	4	-0.08665394638974876	1.2698848135743672	0.92160336467883	0.00025835596087756983	0.9923560564628569	0.05340586791283479	alt	1.2698848135743672	0.00025835596087756983	0.05340586791283479	2622
chr1	234981024	234981025	1.0	rs191084401	142	C	G	5	1.248639230181291	-0.9095138750603696	3.320308288349786e-07	0.9999904256153556	0.0006177196405597037	1.0	ref	1.248639230181291	3.320308288349786e-07	0.0006177196405597037	2622
chr10	5890223	5890224	1.0	rs2253422	54	C	A	2	-0.6838695770912766	1.5457559050677188	0.9984226554398644	0.0002906637070245095	1.0	0.05407900299340137	alt	1.5457559050677188	0.0002906637070245095	0.05407900299340137	2622
chr10	16891460	16891461	1.0	rs2669154	49	G	T	2	-0.9508226975617086	1.796064682302283	0.9998714561066011	3.913973092065185e-05	1.0	0.02123819649081871	alt	1.796064682302283	3.913973092065185e-05	0.02123819649081871	2622
chr10	30027142	30027143	1.0	rs3739998	26	C	G	2	-1.919810349577713	1.498961920065748	1.0	0.0001745095737941288	1.0	0.03794355367900674	alt	1.498961920065748	0.0001745095737941288	0.03794355367900674	2622
chr10	43084081	43084082	1.0	rs1897001	99	C	T	2	1.0759916179183509	-0.8390653807451212	0.00070007085838013	0.9952292818166063	0.09303084478249422	1.0	ref	1.0759916179183509	0.00070007085838013	0.09303084478249422	2622
chr10	43084087	43084088	1.0	rs1897000	93	G	A	2	1.1893191558199536	-0.9582248756522072	0.00030751871826422734	0.9978638935738036	0.05661380416562959	1.0	ref	1.1893191558199536	0.00030751871826422734	0.05661380416562959	2622
chr10	45380344	45380345	1.0	rs7077891	45	T	C	2	-0.9625237317559598	1.3808256338484755	0.9959497476145568	0.0005352915933167652	1.0	0.07338002547120245	alt	1.3808256338484755	0.0005352915933167652	0.07338002547120245	2622
chr10	51879560	51879561	1.0	rs7914384	81	C	T	1	2.3398038113451944	-2.157518170071118	5.147464365212294e-06	0.9999977735250726	0.005156571417550746	1.0	ref	2.3398038113451944	5.147464365212294e-06	0.005156571417550746	2622
chr10	66827502	66827503	1.0	rs74141696	34	A	G	3	1.455968914239655	-0.7956577378227656	0.00023098922788737075	0.9995898978202478	0.05013621191295382	1.0	ref	1.455968914239655	0.00023098922788737075	0.05013621191295382	2622
chr10	79007448	79007449	1.0	rs10824699	35	A	G	3	-1.0933055824455227	1.199339694806341	0.9953004935396853	0.0006285307569803644	1.0	0.07795577188719321	alt	1.199339694806341	0.0006285307569803644	0.07795577188719321	2622
chr10	86126628	86126629	1.0	rs55940619	47	C	T	2	1.6363075795675028	-0.8166090378379345	0.0001694031394299428	0.9991511999585782	0.04197002226105349	1.0	ref	1.6363075795675028	0.0001694031394299428	0.04197002226105349	2622
chr10	92690475	92690476	1.0	rs9420589	59	G	T	3	0.1915804897627345	1.4418020043075415	0.9940048748072767	0.000721148543758437	1.0	0.08289205495617817	alt	1.4418020043075415	0.000721148543758437	0.08289205495617817	2622
chr10	92690523	92690524	1.0	rs117662920	45	G	A	2	1.6259547623608368	-1.5101861574236262	9.309006790266013e-05	0.9995094381039953	0.03190294616569323	1.0	ref	1.6259547623608368	9.309006790266013e-05	0.03190294616569323	2622
chr10	99620510	99620511	1.0	rs567014027	184	A	G	5	0.8994720779352783	0.05330657734049511	0.00017402911787582647	0.9972064279420366	0.04197002226105349	1.0	ref	0.8994720779352783	0.00017402911787582647	0.04197002226105349	2622
chr10	101013082	101013083	1.0	rs807019	56	T	C	3	-0.7577969975767339	1.7096622687960314	0.9999761684093225	4.599202442996694e-06	1.0	0.004991284451262162	alt	1.7096622687960314	4.599202442996694e-06	0.004991284451262162	2622
chr10	111384781	111384782	1.0	rs10885147	82	T	G	3	-0.6584251472271099	2.4351550058892766	0.9999997885703776	2.364922843564853e-06	1.0	0.0034220433546383426	alt	2.4351550058892766	2.364922843564853e-06	0.0034220433546383426	2622
chr10	118755321	118755322	1.0	rs41314489	91	G	A	3	-0.7180687598725277	1.241706054250382	0.9982849347157225	0.0001588001936894664	1.0	0.03794355367900674	alt	1.241706054250382	0.0001588001936894664	0.03794355367900674	2622
chr11	9708638	9708639	1.0	rs10840292	48	T	C	2	-0.7800017525587801	1.518978628115467	0.9990664866480551	0.00031860265087600074	1.0	0.05836447575110896	alt	1.518978628115467	0.00031860265087600074	0.05836447575110896	2622
chr11	10742997	10742998	1.0	rs10840484	47	A	C	1	-2.4237843759981756	2.3060913009620543	0.9999723383004524	4.646015294071061e-05	1.0	0.023271175836418242	alt	2.3060913009620543	4.646015294071061e-05	0.023271175836418242	2622
chr11	18383943	18383944	1.0	rs11024636	105	C	T	5	1.0130665661187053	-0.03997628286891987	0.0003891605089117034	0.9970181904864286	0.06256836182169276	1.0	ref	1.0130665661187053	0.0003891605089117034	0.06256836182169276	2622
chr11	22851606	22851607	1.0	rs4429057	72	T	A	4	0.14074679691892653	1.1090524686348655	0.9272921344826046	0.0010098417120719576	0.9935793823710505	0.09447057222626479	alt	1.1090524686348655	0.0010098417120719576	0.09447057222626479	2622
chr11	30323335	30323336	1.0	rs11826681	34	G	C	2	1.465355045843454	-1.5380382623100255	0.0003535843471834248	0.9902704448186125	0.05903498658166335	1.0	ref	1.465355045843454	0.0003535843471834248	0.05903498658166335	2622
chr11	37426716	37426717	1.0	rs11034141	80	G	A	6	0.37413259781868957	1.1188662069421977	0.9931463070089159	0.0005575992418856767	1.0	0.07409811150078743	alt	1.1188662069421977	0.0005575992418856767	0.07409811150078743	2622
chr11	45930299	45930300	1.0	rs80116517	29	C	T	2	-1.980302877207666	1.5804694012104656	1.0	0.00010657077357098803	1.0	0.03356715842060255	alt	1.5804694012104656	0.00010657077357098803	0.03356715842060255	2622
chr11	57289377	57289378	1.0	rs11605053	31	C	T	2	-2.0009596212296827	1.6327201802839713	1.0	8.608518091340191e-05	1.0	0.0302996570550063	alt	1.6327201802839713	8.608518091340191e-05	0.0302996570550063	2622
chr11	59200350	59200351	1.0	rs11229873	59	G	A	3	1.2048471258467552	-0.9964818982318775	0.00012936949018081863	0.9954529123804662	0.036625627622278285	1.0	ref	1.2048471258467552	0.00012936949018081863	0.036625627622278285	2622
chr11	64859644	64859645	1.0	rs7123368	34	G	A	2	-1.5827199329725876	1.6706082938205062	0.9999113191990258	8.422062920843213e-05	1.0	0.0302996570550063	alt	1.6706082938205062	8.422062920843213e-05	0.0302996570550063	2622
chr11	71787316	71787317	1.0	rs12787289	35	C	A	1	2.0244447770636174	-2.4322763369887563	0.0003294687429690802	1.0	0.05661380416562959	1.0	ref	2.0244447770636174	0.0003294687429690802	0.05661380416562959	2622
chr11	81869958	81869959	1.0	rs1459950	106	C	T	4	0.9897244660859419	-0.39869109223375016	0.00012192642667374925	0.9968295101053504	0.0360874512402781	1.0	ref	0.9897244660859419	0.00012192642667374925	0.0360874512402781	2622
chr11	86593011	86593012	1.0	rs10400291	98	C	A	2	-0.8265238630943953	1.0552325407751526	0.9962362416210391	0.0007859872493757807	1.0	0.08409444832877021	alt	1.0552325407751526	0.0007859872493757807	0.08409444832877021	2622
chr11	95089773	95089774	1.0	rs117004200	226	G	C	4	0.8025506246124721	-0.4866577903455455	6.623260660615844e-05	0.9986429072180791	0.024644206738057183	1.0	ref	0.8025506246124721	6.623260660615844e-05	0.024644206738057183	2622
chr11	114258921	114258922	1.0	rs12269762	53	C	T	1	2.211742946434828	-2.1631809869052256	8.622482330159634e-05	0.9999155047002155	0.03034880740153214	1.0	ref	2.211742946434828	8.622482330159634e-05	0.03034880740153214	2622
chr11	128361573	128361574	1.0	rs1125253	67	T	G	2	1.5882553553737169	-0.25874503238120833	0.0006940960052081886	0.9963971193337884	0.09303084478249422	1.0	ref	1.5882553553737169	0.0006940960052081886	0.09303084478249422	2622
chr12	6470977	6470978	1.25	rs2534721	93	C	A	4	1.1387908949477672	-0.4394818661847484	0.000725708772420213	0.9886098037957725	0.09357332022998449	1.0	ref	1.1387908949477672	0.000725708772420213	0.09357332022998449	2622
chr12	14256256	14256257	1.3333333333333333	rs36108061	43	C	G	3	-1.0432456553886058	1.3777337893309636	0.9651688333824617	0.0003806006634480773	1.0	0.06274129670992798	alt	1.3777337893309636	0.0003806006634480773	0.06274129670992798	2622
chr12	32031470	32031471	1.3333333333333333	rs7133470	72	G	A	6	-0.43699961754680283	1.0248033513426338	0.9916053046446309	0.0005033443355044637	1.0	0.07179818405810498	alt	1.0248033513426338	0.0005033443355044637	0.07179818405810498	2622
chr12	38316720	38316721	1.25	rs7315028	144	G	A	4	1.0112659663207968	-0.42258163548651206	0.0002982554100431675	0.987374923470735	0.05661380416562959	1.0	ref	1.0112659663207968	0.0002982554100431675	0.05661380416562959	2622
chr12	38316780	38316781	1.25	rs7296576	69	C	T	4	1.4666068632733982	-1.1385170836395744	2.9406720574295367e-05	0.9998887445385427	0.013677275787108877	1.0	ref	1.4666068632733982	2.9406720574295367e-05	0.013677275787108877	2622
chr12	123043857	123043858	1.25	rs655293	90	G	A	4	-0.3102692890888471	1.1999499165707623	0.9669324791510362	0.0008206541982060517	1.0	0.08550065788584023	alt	1.1999499165707623	0.0008206541982060517	0.08550065788584023	2622
chr13	25287438	25287439	1.5	rs3809335	105	A	G	2	1.4949996316223357	-0.9920579223328622	0.0007711630436388469	0.9866386032761107	0.09845937565988926	1.0	ref	1.4949996316223357	0.0007711630436388469	0.09845937565988926	2622
chr13	30371762	30371763	1.5	rs1275188	188	T	C	4	1.1415904514984105	-0.610674634428327	0.0002885364502411056	0.9738328417816621	0.05661380416562959	1.0	ref	1.1415904514984105	0.0002885364502411056	0.05661380416562959	2622
chr13	30371783	30371784	1.3333333333333333	rs2149851	174	T	C	6	1.198455596300774	-0.2634019160435134	2.1784213113184384e-05	0.9957274081096728	0.011204417118074449	1.0	ref	1.198455596300774	2.1784213113184384e-05	0.011204417118074449	2622
chr13	30371794	30371795	1.4	rs1028938	157	C	T	5	1.0873637555116638	-0.4571359000201648	0.00037544287039527693	0.9825526296246379	0.061743993755464945	1.0	ref	1.0873637555116638	0.00037544287039527693	0.061743993755464945	2622
chr13	30371988	30371989	1.4	rs9508716	153	G	A	5	1.3529986898528992	-1.1094158877241482	2.3780416213694297e-05	0.999869459738394	0.011470087420405216	1.0	ref	1.3529986898528992	2.3780416213694297e-05	0.011470087420405216	2622
chr13	33251503	33251504	1.0	rs2555595	50	T	C	1	-2.7875264795748453	2.5394430813516364	0.999998314350401	1.0383449011717575e-05	1.0	0.008451478529974873	alt	2.5394430813516364	1.0383449011717575e-05	0.008451478529974873	2622
chr13	39655984	39655985	1.0	rs3812885	39	A	C	2	-1.1180590952693172	1.4152503647099768	0.9986156177600766	0.0004534542890698517	1.0	0.0688420022801082	alt	1.4152503647099768	0.0004534542890698517	0.0688420022801082	2622
chr13	40629877	40629878	1.0	rs7323267	43	T	C	2	-1.4499941904621796	1.6484909805704886	0.999662068487534	6.075030872014008e-05	1.0	0.025836431861493037	alt	1.6484909805704886	6.075030872014008e-05	0.025836431861493037	2622
chr13	49551485	49551486	1.0	rs9568246	40	C	T	1	2.1414409443234828	-2.356364868353296	0.00020377891868649268	0.9998761373496031	0.04706770882946153	1.0	ref	2.1414409443234828	0.00020377891868649268	0.04706770882946153	2622
chr13	69948310	69948311	1.0	rs7338117	95	A	G	4	-0.28661959839883333	1.0951837322110853	0.993576239152002	0.0006926524429113636	1.0	0.08264325844200783	alt	1.0951837322110853	0.0006926524429113636	0.08264325844200783	2622
chr13	84954848	84954849	1.25	rs9546967	61	C	T	4	1.0697748356594756	-0.7520336135614232	0.0005662892716078746	0.9965406358769009	0.08013122785923738	1.0	ref	1.0697748356594756	0.0005662892716078746	0.08013122785923738	2622
chr13	88622530	88622531	1.5	rs9588028	63	G	C	2	-2.1536699341253707	1.9695104088633792	0.9999935784487469	0.00034699695442001093	1.0	0.059459754439628976	alt	1.9695104088633792	0.00034699695442001093	0.059459754439628976	2622
chr14	64708645	64708646	1.0	rs1998120	50	A	C	2	-0.9902506705252566	1.3559736350529692	0.9956982461608167	0.0005448321424385429	1.0	0.07390988532267859	alt	1.3559736350529692	0.0005448321424385429	0.07390988532267859	2622
chr14	86707253	86707254	1.33333	rs10873376	63	G	C	1	-3.2201669957645027	2.448786146599981	0.9999944074212075	0.0007808732094430684	1.0	0.08409444832877021	alt	2.448786146599981	0.0007808732094430684	0.08409444832877021	2622
chr14	105889950	105889951	1.166665	rs3814951	70	G	C	4	-1.019651441630586	1.2936387872748139	0.9997026477759614	7.481158380707957e-05	1.0	0.028687743046751056	alt	1.2936387872748139	7.481158380707957e-05	0.028687743046751056	2622
chr14	105890094	105890095	1.22222	rs3814949	40	C	A	3	-1.788545235378987	1.3329246675217319	0.9997156825473906	0.0005697194482009793	1.0	0.07494400377698336	alt	1.3329246675217319	0.0005697194482009793	0.07494400377698336	2622
chr15	47423028	47423029	1.0	rs4775684	23	A	G	4	-0.9564519196192276	0.9687684130095033	0.9859404621595017	0.0010155786002977094	1.0	0.09447057222626479	alt	0.9687684130095033	0.0010155786002977094	0.09447057222626479	2622
chr15	81311951	81311952	1.1666666666666667	rs17875563	96	A	T	6	0.2744817930798364	1.0963910987197114	0.9964177652969362	0.0003420707789650507	1.0	0.059397170059491404	alt	1.0963910987197114	0.0003420707789650507	0.059397170059491404	2622
chr15	81312046	81312047	1.125	rs4778641	55	T	C	4	-0.6111524055271046	1.0748774499348848	0.998337900752313	0.0005027296418706449	1.0	0.07179818405810498	alt	1.0748774499348848	0.0005027296418706449	0.07179818405810498	2622
chr15	81312047	81312048	1.125	rs4778892	55	T	C	4	-0.6111524055271046	1.0748774499348848	0.998337900752313	0.0005027296418706449	1.0	0.07179818405810498	alt	1.0748774499348848	0.0005027296418706449	0.07179818405810498	2622
chr15	82871500	82871501	1.1666666666666667	rs1256444	32	T	C	3	-1.528344193247002	1.3920634968994754	0.999379484107413	0.0001397169055060672	1.0	0.03794355367900674	alt	1.3920634968994754	0.0001397169055060672	0.03794355367900674	2622
chr15	98012591	98012592	1.25	rs11533749	33	T	C	4	-0.5325018694394797	1.4696381437672459	0.9998791118117902	0.00010386112205571177	1.0	0.03356715842060255	alt	1.4696381437672459	0.00010386112205571177	0.03356715842060255	2622
chr15	98012598	98012599	1.0	rs28488317	34	G	A	2	1.7060057487375628	-1.7865369065280858	5.890639697321845e-05	0.9965475471458431	0.022562882581830115	1.0	ref	1.7060057487375628	5.890639697321845e-05	0.022562882581830115	2622
chr16	14975050	14975051	1.3333333333333333	rs28418438	118	C	G	3	2.182827740126048	-1.5625340790654418	1.7057564515526049e-06	0.9999997950674381	0.0022214066268569574	1.0	ref	2.182827740126048	1.7057564515526049e-06	0.0022214066268569574	2622
chr16	27169814	27169815	1.0	rs10048132	45	G	A	2	-0.36610649368838016	1.5468751477732732	0.9956295693190723	0.0007862249591575503	1.0	0.08409444832877021	alt	1.5468751477732732	0.0007862249591575503	0.08409444832877021	2622
chr16	27169820	27169821	1.25	rs10048131	62	A	G	4	-0.40388228754983346	1.328146506316762	0.9939592262054404	0.000263852982940487	1.0	0.05368995932553065	alt	1.328146506316762	0.000263852982940487	0.05368995932553065	2622
chr16	56860606	56860607	1.0	rs4784732	74	G	C	4	1.6302130883294619	-0.4824512425197103	5.647786332108418e-07	0.9994345078508406	0.0009193890175380991	1.0	ref	1.6302130883294619	5.647786332108418e-07	0.0009193890175380991	2622
chr16	67547979	67547980	1.0	rs13334205	84	A	G	2	1.3624488841730378	-0.44757112920280057	0.0005072641382936545	0.9966339768424141	0.07681512643021235	1.0	ref	1.3624488841730378	0.0005072641382936545	0.07681512643021235	2622
chr16	79019610	79019611	1.0	rs7196173	35	T	G	1	-1.8894556009162478	1.7915181281322954	0.9981425016133911	0.0010784386941352982	1.0	0.09753129940086104	alt	1.7915181281322954	0.0010784386941352982	0.09753129940086104	2622
chr16	81497924	81497925	1.0	rs12599762	41	C	G	2	1.8506529264863962	-2.399342789524569	7.396615542843416e-05	0.9999109946464739	0.02675725672623606	1.0	ref	1.8506529264863962	7.396615542843416e-05	0.02675725672623606	2622
chr16	84088828	84088829	1.0	rs3785019	36	C	G	1	-1.9425198169414917	1.8421442012022635	0.9986949378118972	0.0008161795699883057	1.0	0.08550065788584023	alt	1.8421442012022635	0.0008161795699883057	0.08550065788584023	2622
chr16	87853876	87853877	1.0	rs9922942	42	G	C	2	-1.5000925452610854	1.512998592390263	0.9994468077773242	0.0002274181728467658	1.0	0.04855191581940051	alt	1.512998592390263	0.0002274181728467658	0.04855191581940051	2622
chr16	89534309	89534310	1.0	rs463930	121	C	T	4	-0.6553329389083158	1.170832530015848	0.9944801784960593	0.00013472199651620527	1.0	0.03794355367900674	alt	1.170832530015848	0.00013472199651620527	0.03794355367900674	2622
chr16	89534393	89534394	1.0	rs463181	70	T	C	4	-0.7952720780089065	1.2339128180455572	0.9998243630391306	1.6599122062675063e-05	1.0	0.012009464812345409	alt	1.2339128180455572	1.6599122062675063e-05	0.012009464812345409	2622
chr17	601737	601738	1.0	rs10521105	27	C	G	2	-1.6912150252709397	1.3290828499613243	0.9944608203755615	0.0007600049471752155	1.0	0.08387749514460027	alt	1.3290828499613243	0.0007600049471752155	0.08387749514460027	2622
chr17	1723183	1723184	1.0	rs58360980	53	G	A	2	-0.6405251352200463	1.505701153312005	0.998057508409497	0.0004533550846949277	1.0	0.0688420022801082	alt	1.505701153312005	0.0004533550846949277	0.0688420022801082	2622
chr17	58659236	58659237	1.0	rs71372848	38	G	C	2	1.3594107570080798	-1.1878772343874326	0.000779601451418629	0.9948852213796195	0.09857038545460975	1.0	ref	1.3594107570080798	0.000779601451418629	0.09857038545460975	2622
chr17	73835798	73835799	1.0	rs9889412	71	A	C	4	-0.4693651527993601	1.1293069578658332	0.9963692584471077	0.00014002135469906517	1.0	0.03794355367900674	alt	1.1293069578658332	0.00014002135469906517	0.03794355367900674	2622
chr17	75571271	75571272	1.0	rs936058	89	A	G	4	1.309742172562888	-0.6003001826394211	1.2797781747281207e-05	0.9998203867207571	0.008771869036570693	1.0	ref	1.309742172562888	1.2797781747281207e-05	0.008771869036570693	2622
chr17	75571453	75571454	1.0	rs1661716	45	T	G	3	1.7577025720676018	-0.8770758398753656	6.2255778099326794e-06	0.9999766920092872	0.005405046654583552	1.0	ref	1.7577025720676018	6.2255778099326794e-06	0.005405046654583552	2622
chr18	23826061	23826062	1.0	rs1941519	110	C	T	2	-0.9603508015008008	1.221501681320826	0.9993745734962353	0.00017397183038057263	1.0	0.03794355367900674	alt	1.221501681320826	0.00017397183038057263	0.03794355367900674	2622
chr18	38576543	38576544	1.0	rs12970557	83	A	G	4	0.08284983181468823	1.5666678536802265	0.999960791422852	8.942948177794393e-06	1.0	0.007764267607961091	alt	1.5666678536802265	8.942948177794393e-06	0.007764267607961091	2622
chr18	49161856	49161857	1.25	rs4435323	55	G	T	4	-0.5326115189668122	1.119291487746147	0.9967278714492902	0.0009417101927912866	1.0	0.09057390359417349	alt	1.119291487746147	0.0009417101927912866	0.09057390359417349	2622
chr18	50836658	50836659	1.25	rs7231786	44	T	C	4	1.265793999397155	-0.4920428751990244	0.00033011264477516146	0.9970904564350259	0.05661380416562959	1.0	ref	1.265793999397155	0.00033011264477516146	0.05661380416562959	2622
chr19	2325360	2325361	1.0	rs12984128	59	A	G	4	-0.4489933562366113	1.07385966440618	0.9495143390998465	0.00036717839586519773	1.0	0.06130466986349321	alt	1.07385966440618	0.00036717839586519773	0.06130466986349321	2622
chr19	13747783	13747784	1.0	rs410359	75	C	T	4	1.434898096086857	-0.04969487041783575	0.0006612996578456965	0.9908642773929484	0.09065374151710007	1.0	ref	1.434898096086857	0.0006612996578456965	0.09065374151710007	2622
chr19	19776615	19776616	1.0	rs186306030	50	T	A	2	2.0169500042624984	-1.738684519183073	7.943348494070046e-06	0.999989999019133	0.006465389214892137	1.0	ref	2.0169500042624984	7.943348494070046e-06	0.006465389214892137	2622
chr19	21329388	21329389	1.0	rs62107534	71	C	G	2	-0.657204639122716	1.3144583235733966	0.9957873752328118	0.0005888761192331773	1.0	0.07643150066117096	alt	1.3144583235733966	0.0005888761192331773	0.07643150066117096	2622
chr19	21569206	21569207	1.0	rs4808279	60	A	G	4	-0.5448898092383714	0.9417714180841841	0.9921840085323784	0.0009861192807996825	1.0	0.09305964778155265	alt	0.9417714180841841	0.0009861192807996825	0.09305964778155265	2622
chr19	21569338	21569339	1.0	rs73550345	116	C	T	2	1.2664633197892943	-0.5740834003416361	0.000100508865894415	0.9997023946322353	0.03356222975751196	1.0	ref	1.2664633197892943	0.000100508865894415	0.03356222975751196	2622
chr19	22634313	22634314	1.0	rs56049933	56	A	C	2	1.5407598980176558	-0.7674375657811123	0.000209623520856083	0.9985650661071842	0.04706770882946153	1.0	ref	1.5407598980176558	0.000209623520856083	0.04706770882946153	2622
chr19	22634314	22634315	1.0	rs77957147	56	T	A	2	1.5407598980176558	-0.7674375657811123	0.000209623520856083	0.9985650661071842	0.04706770882946153	1.0	ref	1.5407598980176558	0.000209623520856083	0.04706770882946153	2622
chr2	11688526	11688527	1.3333333333333333	rs11884930	135	A	G	6	1.2912786624017067	-0.2613288994533483	3.394796771880625e-05	0.9990596184428429	0.015244978744897027	1.0	ref	1.2912786624017067	3.394796771880625e-05	0.015244978744897027	2622
chr2	65081446	65081447	1.5	rs1541576	194	T	C	4	-1.3725660962620787	1.535409082481996	0.9999877892917188	1.4909702879735049e-05	1.0	0.011421709447222915	alt	1.535409082481996	1.4909702879735049e-05	0.011421709447222915	2622
chr2	113603857	113603858	1.0	rs141963663	33	G	A	1	1.9249091035127024	-2.327356212020805	0.0005647471376675139	1.0	0.08013122785923738	1.0	ref	1.9249091035127024	0.0005647471376675139	0.08013122785923738	2622
chr2	127695842	127695843	1.0	rs10928779	48	C	T	2	1.5463846076477832	-1.082458996744605	0.00027725866618693565	0.9986009473475245	0.056417806402382226	1.0	ref	1.5463846076477832	0.00027725866618693565	0.056417806402382226	2622
chr2	141557382	141557383	1.0	rs6747911	46	G	T	1	2.4751061860731824	-2.9034303159346275	2.2369257856863678e-05	1.0	0.011204417118074449	1.0	ref	2.4751061860731824	2.2369257856863678e-05	0.011204417118074449	2622
chr2	142254191	142254192	1.0	rs16857018	57	T	G	2	-1.1402463646216057	1.3331476783870007	0.9963001578823824	0.0005137388167398352	1.0	0.07194000656347176	alt	1.3331476783870007	0.0005137388167398352	0.07194000656347176	2622
chr2	152176178	152176179	1.0	rs72864765	44	C	T	2	-1.0044273479388022	1.3599044164434357	0.9951221037171771	0.0006206913380584523	1.0	0.07772368553399253	alt	1.3599044164434357	0.0006206913380584523	0.07772368553399253	2622
chr2	156396259	156396260	1.0	rs298315	37	A	G	2	-1.2322896119577034	1.4497506636530764	0.9977986484038259	0.0004277448208142557	1.0	0.06793318050565916	alt	1.4497506636530764	0.0004277448208142557	0.06793318050565916	2622
chr2	166610689	166610690	1.0	rs55848772	41	C	A	4	-0.46771057010312367	1.2879254683200707	0.9435829361885046	6.150114318561654e-05	0.9986753785010393	0.025836431861493037	alt	1.2879254683200707	6.150114318561654e-05	0.025836431861493037	2622
chr2	180125824	180125825	1.11111	rs1518431	69	G	A	3	1.3449130756878833	-1.4212525940674616	0.00017804473200606783	0.9998916819338562	0.04215775536209129	1.0	ref	1.3449130756878833	0.00017804473200606783	0.04215775536209129	2622
chr2	219182670	219182671	1.133332	rs3731901	77	C	T	5	1.369730437485171	-1.1494916071562427	2.68698456458775e-06	0.9999965360581451	0.0031811454531478424	1.0	ref	1.369730437485171	2.68698456458775e-06	0.0031811454531478424	2622
chr2	230877995	230877996	1.166665	rs60237566	169	T	G	4	-0.5356429360897744	1.0672785359056782	0.9992499783171734	7.48969717875709e-05	1.0	0.028687743046751056	alt	1.0672785359056782	7.48969717875709e-05	0.028687743046751056	2622
chr3	7307628	7307629	1.0	rs56174360	82	T	C	4	1.2793359697436077	-0.17961313737370818	0.0001544235997449153	0.9965768905948013	0.040413490896628726	1.0	ref	1.2793359697436077	0.0001544235997449153	0.040413490896628726	2622
chr3	16151257	16151258	1.0	rs35062736	37	T	C	2	1.4880837759980454	-1.3363660749599924	0.00032581695687984195	0.9982247461925673	0.05661380416562959	1.0	ref	1.4880837759980454	0.00032581695687984195	0.05661380416562959	2622
chr3	22676655	22676656	1.0	rs28893266	30	C	T	1	-2.2068503614272434	1.784655402250762	1.0	0.0009093437021286692	1.0	0.08971502297592167	alt	1.784655402250762	0.0009093437021286692	0.08971502297592167	2622
chr3	102135587	102135588	1.25	rs9862815	46	T	A	2	1.5915495277317921	-1.3180464674676136	0.0006973539693805878	0.9989501776745192	0.09303084478249422	1.0	ref	1.5915495277317921	0.0006973539693805878	0.09303084478249422	2622
chr3	108004894	108004895	1.0	rs13068362	107	T	G	4	1.56500842854625	-0.618375930455547	6.262463569858008e-08	0.9999995342240883	0.00020389015767565208	1.0	ref	1.56500842854625	6.262463569858008e-08	0.00020389015767565208	2622
chr3	112756043	112756044	1.0	rs3912626	60	G	A	2	1.7747943478613073	-1.241930139178397	1.7770658933904332e-05	0.9999247240113642	0.011204417118074449	1.0	ref	1.7747943478613073	1.7770658933904332e-05	0.011204417118074449	2622
chr3	124835282	124835283	1.0	rs3772841	100	C	A	3	1.15596435265633	-0.5172041373222547	0.00014726478218809967	0.999301122750473	0.03995477621740879	1.0	ref	1.15596435265633	0.00014726478218809967	0.03995477621740879	2622
chr3	126530421	126530422	1.2	rs744233	88	G	A	5	1.0189500757251084	-0.7502814063965183	0.0001167403526848255	0.9993833884470199	0.0360874512402781	1.0	ref	1.0189500757251084	0.0001167403526848255	0.0360874512402781	2622
chr3	126530463	126530464	1.0	rs115637063	58	C	T	2	-1.0768651363988964	1.7328046418719187	0.9998878878552734	2.4706789415515375e-05	1.0	0.015321738978964605	alt	1.7328046418719187	2.4706789415515375e-05	0.015321738978964605	2622
chr3	173066236	173066237	1.3333333333333333	rs1588875	93	C	A	3	2.4488496683347774	-2.5687918921644552	2.4391891473980827e-08	0.9999999931321706	0.00020389015767565208	1.0	ref	2.4488496683347774	2.4391891473980827e-08	0.00020389015767565208	2622
chr3	173066242	173066243	1.3333333333333333	rs1588876	93	C	T	3	2.4435166108115576	-2.297757498492559	5.186002518330199e-08	0.9999999994953297	0.00020389015767565208	1.0	ref	2.4435166108115576	5.186002518330199e-08	0.00020389015767565208	2622
chr3	173066308	173066309	1.25	rs6800002	99	T	G	2	2.535158489879188	-1.7193147365725092	7.800672968686773e-07	0.9999999684405608	0.001128757378568976	1.0	ref	2.535158489879188	7.800672968686773e-07	0.001128757378568976	2622
chr3	186242624	186242625	1.0	rs12489063	62	G	A	2	-1.200172296517056	1.430799357589391	0.998726678635691	0.0001684721878941854	1.0	0.03794355367900674	alt	1.430799357589391	0.0001684721878941854	0.03794355367900674	2622
chr4	3955625	3955626	1.0	rs10028062	29	T	C	2	1.4374716159892622	-1.2802822640245446	0.0005606183290926093	0.9988752829798965	0.08013122785923738	1.0	ref	1.4374716159892622	0.0005606183290926093	0.08013122785923738	2622
chr4	25085928	25085929	1.0	rs7698969	112	C	A	2	-0.5737585319424721	1.3695542141980939	0.9993117853762751	0.0001748148061691165	1.0	0.03794355367900674	alt	1.3695542141980939	0.0001748148061691165	0.03794355367900674	2622
chr4	25241115	25241116	1.0	rs137929620	75	G	A	2	1.5925993755379455	-1.2887769685893966	1.8542744816400416e-05	0.9999054478177041	0.011204417118074449	1.0	ref	1.5925993755379455	1.8542744816400416e-05	0.011204417118074449	2622
chr4	28116817	28116818	1.0	rs77641546	70	C	G	1	2.081069542945026	-1.8892440558555328	5.0364631401058066e-05	0.9999276647652269	0.020496831085499347	1.0	ref	2.081069542945026	5.0364631401058066e-05	0.020496831085499347	2622
chr4	40316939	40316940	1.0	rs35640249	27	G	A	2	-1.6912150252709397	1.4314828604702026	0.9944608203755615	0.00032267851140903363	1.0	0.05836447575110896	alt	1.4314828604702026	0.00032267851140903363	0.05836447575110896	2622
chr4	40316969	40316970	1.0	rs193122449	28	C	G	2	-1.4714243984070738	1.3162681245512993	0.9984845861209288	0.000894187444116487	1.0	0.08957694680560778	alt	1.3162681245512993	0.000894187444116487	0.08957694680560778	2622
chr4	41406483	41406484	1.1666666666666667	rs6852023	36	A	G	3	-0.8216282599792629	1.4058240433949434	0.9986212292773247	0.0007225773449380035	1.0	0.08289205495617817	alt	1.4058240433949434	0.0007225773449380035	0.08289205495617817	2622
chr4	43224676	43224677	1.5	rs114971212	73	A	T	2	-1.3378545903132801	1.5547924314228048	0.9924646874728854	0.0007449921391653641	1.0	0.08292335579786785	alt	1.5547924314228048	0.0007449921391653641	0.08292335579786785	2622
chr4	45865780	45865781	1.0	rs11732444	54	A	T	2	-0.330170396237329	1.7597342625034074	0.9990365478733181	0.00029068035088213897	1.0	0.05407900299340137	alt	1.7597342625034074	0.00029068035088213897	0.05407900299340137	2622
chr4	48173489	48173490	1.0	rs6845196	42	T	C	2	-0.5663850119070635	1.681312554922755	0.998915547276763	0.00027424587320516155	1.0	0.05377462877285813	alt	1.681312554922755	0.00027424587320516155	0.05377462877285813	2622
chr4	61878112	61878113	1.5	rs28378632	80	A	C	2	-1.119533547792908	1.5115302995874529	0.9878366433745198	0.0007281517656325175	1.0	0.08289205495617817	alt	1.5115302995874529	0.0007281517656325175	0.08289205495617817	2622
chr4	85842747	85842748	1.0	rs345328	99	T	C	1	2.683105557025124	-2.510399682342736	1.62091734840868e-07	0.9999999948363306	0.0003965755564705397	1.0	ref	2.683105557025124	1.62091734840868e-07	0.0003965755564705397	2622
chr4	87844023	87844024	1.0	rs12640398	39	A	G	2	1.4746866818514255	-0.8709519512460118	0.0005666326276041934	0.9976502386888914	0.08013122785923738	1.0	ref	1.4746866818514255	0.0005666326276041934	0.08013122785923738	2622
chr4	112637445	112637446	1.0	rs13146963	105	A	G	2	1.1806796560083939	-0.5958694116667449	0.000352040897250464	0.9982690546121669	0.05903498658166335	1.0	ref	1.1806796560083939	0.000352040897250464	0.05903498658166335	2622
chr4	115323640	115323641	1.0	rs1948983	103	G	C	2	1.1811725466028808	-0.8362325846324397	0.00037929198344753096	0.9976660935027007	0.061743993755464945	1.0	ref	1.1811725466028808	0.00037929198344753096	0.061743993755464945	2622
chr4	120773756	120773757	1.0	rs11733915	71	T	C	2	-1.544721640788724	1.9870758716166317	0.9999982572404755	9.279534797903244e-07	1.0	0.0030211845418273483	alt	1.9870758716166317	9.279534797903244e-07	0.0030211845418273483	2622
chr4	138911054	138911055	1.25	rs28612738	111	A	C	4	1.0116228294626046	-0.47298518610950735	0.00026428457157448435	0.9954021953096223	0.05463139643832555	1.0	ref	1.0116228294626046	0.00026428457157448435	0.05463139643832555	2622
chr4	143854905	143854906	1.3333333333333333	rs72948379	76	G	A	3	2.020565667193613	-1.3516055181965074	5.765004486351938e-06	0.9999968640921665	0.005362689530411521	1.0	ref	2.020565667193613	5.765004486351938e-06	0.005362689530411521	2622
chr4	145796439	145796440	1.0	rs12501107	53	C	T	2	-1.1010758164356598	1.3779996118045914	0.9969087566756266	0.00042052576178153584	1.0	0.06761119747754249	alt	1.3779996118045914	0.00042052576178153584	0.06761119747754249	2622
chr4	145920394	145920395	1.0	rs4835269	80	G	A	2	-1.5748069652147019	1.874868035897094	0.999996745672259	1.6445065369835582e-06	1.0	0.0034220433546383426	alt	1.874868035897094	1.6445065369835582e-06	0.0034220433546383426	2622
chr4	155026277	155026278	1.0	rs7436102	33	A	G	2	1.3996824540375354	-1.4819384196881629	0.0005722340621138812	0.9873118921700449	0.08013122785923738	1.0	ref	1.3996824540375354	0.0005722340621138812	0.08013122785923738	2622
chr4	159175385	159175386	1.1666666666666667	rs7679856	39	C	G	3	1.5428509300289228	-1.6324113494569197	0.00012908996197227878	0.9997268578440007	0.036625627622278285	1.0	ref	1.5428509300289228	0.00012908996197227878	0.036625627622278285	2622
chr4	166500017	166500018	1.0	rs992022	28	C	T	2	-1.2284667004485241	1.4304579090947445	0.9692470397523058	0.0005552306669916469	1.0	0.07409811150078743	alt	1.4304579090947445	0.0005552306669916469	0.07409811150078743	2622
chr4	180363883	180363884	1.0	rs80354811	53	C	A	2	1.624152122475791	-0.34825424120042464	0.0004676876154626537	0.9975469287925215	0.07165524489611928	1.0	ref	1.624152122475791	0.0004676876154626537	0.07165524489611928	2622
chr4	184264432	184264433	1.1666666666666667	rs66832256	44	C	T	3	-0.7931690734589241	1.2303677329125122	0.9953167392654391	0.0007231164953441344	1.0	0.08289205495617817	alt	1.2303677329125122	0.0007231164953441344	0.08289205495617817	2622
chr4	185425900	185425901	1.3333333333333333	rs2289720	105	G	A	6	0.8803886529081206	-0.5276551198653315	0.00033038847551162165	0.9961423293396481	0.05661380416562959	1.0	ref	0.8803886529081206	0.00033038847551162165	0.05661380416562959	2622
chr5	23085035	23085036	1.1666666666666667	rs1519433	38	G	A	3	-2.0225241097909437	1.384309340296311	0.9938846650579645	0.00010807614434315337	1.0	0.03356715842060255	alt	1.384309340296311	0.00010807614434315337	0.03356715842060255	2622
chr5	40386452	40386453	1.0	rs1002922	80	T	C	2	-1.452100820761521	1.5300651312273792	0.9997599285434009	5.844186174362141e-05	1.0	0.025836431861493037	alt	1.5300651312273792	5.844186174362141e-05	0.025836431861493037	2622
chr5	50654167	50654168	1.0	rs35940648	40	G	C	2	-1.0238930223194698	1.3801231812141082	0.9958933234686194	0.0009458689156728551	1.0	0.09057390359417349	alt	1.3801231812141082	0.0009458689156728551	0.09057390359417349	2622
chr5	56670136	56670137	1.0	rs34196215	35	T	C	1	-1.8894556009162478	1.7915181281322954	0.9981425016133911	0.0010784386941352982	1.0	0.09753129940086104	alt	1.7915181281322954	0.0010784386941352982	0.09753129940086104	2622
chr5	76543524	76543525	1.0	rs4703712	31	A	C	2	-1.7141585288143804	1.5867025320872874	0.9997832733138872	0.00012004934237871096	1.0	0.03553187694995347	alt	1.5867025320872874	0.00012004934237871096	0.03553187694995347	2622
chr5	95162449	95162450	1.0	rs331574	78	A	G	2	1.890720994680905	-0.7988011375701611	2.1234509045182448e-05	0.9999582618440961	0.011204417118074449	1.0	ref	1.890720994680905	2.1234509045182448e-05	0.011204417118074449	2622
chr5	109650669	109650670	1.0	rs31593	46	C	T	3	1.3300431584037338	-0.8596591635326709	0.00017237598652466803	0.9982852518337292	0.04197002226105349	1.0	ref	1.3300431584037338	0.00017237598652466803	0.04197002226105349	2622
chr5	112492537	112492538	1.0	rs341323	40	C	T	1	-2.138243787206999	2.028557325433145	0.9996579069291098	0.0002761354180968557	1.0	0.05377462877285813	alt	2.028557325433145	0.0002761354180968557	0.05377462877285813	2622
chr5	116075610	116075611	1.0	rs12719212	48	A	C	2	1.4403248990124347	-1.061835763118437	0.00032623224262575995	0.9973834367794463	0.05661380416562959	1.0	ref	1.4403248990124347	0.00032623224262575995	0.05661380416562959	2622
chr5	116076624	116076625	1.0	rs17138834	39	A	G	3	-1.4770944481781658	1.663945814098193	0.9999899127808224	5.214277894514942e-06	1.0	0.005042022512074443	alt	1.663945814098193	5.214277894514942e-06	0.005042022512074443	2622
chr5	119269327	119269328	1.0	rs1004531	100	C	T	2	-0.5180965564341734	1.294097057250663	0.9990958578723487	0.00027665669413971393	1.0	0.05377462877285813	alt	1.294097057250663	0.00027665669413971393	0.05377462877285813	2622
chr5	142929729	142929730	1.0	rs3776398	39	T	C	2	1.7774562471524227	-2.311745720815807	0.00010781582136697398	0.9998241624652587	0.03510213604155255	1.0	ref	1.7774562471524227	0.00010781582136697398	0.03510213604155255	2622
chr5	145835717	145835718	1.0	rs10045188	52	G	C	2	-0.1139174739363902	1.6683698824477322	0.9963073045638718	0.0007427435545869432	1.0	0.08292335579786785	alt	1.6683698824477322	0.0007427435545869432	0.08292335579786785	2622
chr5	150454360	150454361	1.0	rs191236980	51	G	T	2	-1.5049294071078538	1.7804027425773683	0.9999157973453867	1.9855325228652747e-05	1.0	0.013609257918565511	alt	1.7804027425773683	1.9855325228652747e-05	0.013609257918565511	2622
chr5	175653370	175653371	1.0	rs2963851	34	G	T	2	1.6420236796872016	-1.1001234223505274	0.00015516198608856916	0.9539041911384607	0.040413490896628726	1.0	ref	1.6420236796872016	0.00015516198608856916	0.040413490896628726	2622
chr5	176361916	176361917	1.0	rs2278228	69	T	C	2	1.3935042076225226	-1.102003093365277	0.000254113304052291	0.9981005970927722	0.05337608965601589	1.0	ref	1.3935042076225226	0.000254113304052291	0.05337608965601589	2622
chr6	710930	710931	1.0	rs75494640	37	G	A	2	1.7088096746019024	-0.6441961820920279	0.0003178237234449249	0.9993980362962063	0.05661380416562959	1.0	ref	1.7088096746019024	0.0003178237234449249	0.05661380416562959	2622
chr6	2706682	2706683	1.0	rs6932775	33	T	C	3	1.3023019445773412	-1.1315243188754438	0.0002993319408452581	0.9980222010046322	0.05661380416562959	1.0	ref	1.3023019445773412	0.0002993319408452581	0.05661380416562959	2622
chr6	6886280	6886281	1.0	rs10458101	51	C	G	2	-1.0096632328550075	1.2576565666469053	0.9928392993927999	0.000820669756256625	1.0	0.08550065788584023	alt	1.2576565666469053	0.000820669756256625	0.08550065788584023	2622
chr6	7154956	7154957	1.0	rs11758778	46	G	T	2	-1.1012711739442806	1.7986626002395352	0.9999001221592742	3.349628929969179e-05	1.0	0.018966181545647227	alt	1.7986626002395352	3.349628929969179e-05	0.018966181545647227	2622
chr6	11729206	11729207	1.0	rs210896	48	G	T	4	-0.6305004226617122	1.2362727025150484	0.9988657298638054	0.0001680107255329859	1.0	0.03794355367900674	alt	1.2362727025150484	0.0001680107255329859	0.03794355367900674	2622
chr6	11729226	11729227	1.0	rs4713834	46	G	C	4	-0.9570441812831844	1.178362359319646	0.9994518879950128	0.00016767872300386824	1.0	0.03794355367900674	alt	1.178362359319646	0.00016767872300386824	0.03794355367900674	2622
chr6	13454914	13454915	1.0	rs2560761	41	A	G	3	-0.8739748093720767	1.3140092334353444	0.9974623296345481	0.00024469905434988795	1.0	0.05139864169029985	alt	1.3140092334353444	0.00024469905434988795	0.05139864169029985	2622
chr6	17015406	17015407	1.0	rs9477291	36	G	A	2	-0.6385925861043289	1.7046079485301608	0.9993700641354639	0.0005072128490628625	1.0	0.07179818405810498	alt	1.7046079485301608	0.0005072128490628625	0.07179818405810498	2622
chr6	33905400	33905401	1.0	rs6905327	47	T	A	2	-0.7345952454024046	1.5157147330446556	0.9979324894616707	0.00033099318791746167	1.0	0.05861550810284168	alt	1.5157147330446556	0.00033099318791746167	0.05861550810284168	2622
chr6	36131982	36131983	1.0	rs2859141	27	A	C	3	-0.9750305945102002	1.1462605625797861	0.9987001309862795	0.0009242975330406125	1.0	0.09050471257735261	alt	1.1462605625797861	0.0009242975330406125	0.09050471257735261	2622
chr6	39314594	39314595	1.0	rs34247110	40	G	A	2	1.5762433709705155	-1.310794383847333	0.0001631926214294336	0.9991209502221361	0.04167171586030419	1.0	ref	1.5762433709705155	0.0001631926214294336	0.04167171586030419	2622
chr6	42979204	42979205	1.0	rs9462859	68	G	A	5	-0.31519366573728375	1.2436546609450176	0.9977451202099381	0.0002885495939428633	1.0	0.05407900299340137	alt	1.2436546609450176	0.0002885495939428633	0.05407900299340137	2622
chr6	64672242	64672243	1.0	rs12203072	40	C	T	4	1.2299844979695445	0.17972116982768033	0.0005430525696103454	0.9853766152400906	0.08013122785923738	1.0	ref	1.2299844979695445	0.0005430525696103454	0.08013122785923738	2622
chr6	64672319	64672320	1.0	rs12662978	66	C	T	2	-1.0615915514411296	1.4521857210703712	0.999265452396267	0.00011313807139850478	1.0	0.034265048926109945	alt	1.4521857210703712	0.00011313807139850478	0.034265048926109945	2622
chr6	70668484	70668485	1.0	rs781984	85	A	G	4	-0.48191568182503636	1.0741892236120754	0.9986046259134459	0.00033306823309608264	1.0	0.05861550810284168	alt	1.0741892236120754	0.00033306823309608264	0.05861550810284168	2622
chr6	100880885	100880886	1.0	rs79492793	41	G	A	2	-1.0769569365753346	1.357254403078779	0.9950006174626237	0.0007878002530991297	1.0	0.08409444832877021	alt	1.357254403078779	0.0007878002530991297	0.08409444832877021	2622
chr6	109237267	109237268	1.0	rs6919423	41	G	A	3	-0.8430333699069682	1.157645910088985	0.9959571010908401	0.0006029212391727809	1.0	0.07643150066117096	alt	1.157645910088985	0.0006029212391727809	0.07643150066117096	2622
chr6	110815398	110815399	1.0	rs706931	40	T	C	3	1.2204219831239813	-0.9496916527416692	0.0007138061656887848	0.9974802860242681	0.09357332022998449	1.0	ref	1.2204219831239813	0.0007138061656887848	0.09357332022998449	2622
chr6	134018126	134018127	1.33333	rs2627237	161	A	G	2	-0.8984607743419388	1.4107573073392714	0.9992315197695326	0.0004546120092213242	1.0	0.0688420022801082	alt	1.4107573073392714	0.0004546120092213242	0.0688420022801082	2622
chr6	158168622	158168623	1.0	rs62437115	28	C	G	2	-1.7577311603420211	1.4029878820154895	0.9958901722173303	0.00043924040976701424	1.0	0.0688420022801082	alt	1.4029878820154895	0.00043924040976701424	0.0688420022801082	2622
chr6	166259175	166259176	1.0	rs199693956	48	T	G	3	-0.7360700063691481	1.1169796301688277	0.9918574305336294	0.0006834869298484908	1.0	0.08241713229089719	alt	1.1169796301688277	0.0006834869298484908	0.08241713229089719	2622
chr7	32075429	32075430	1.0	rs715454	51	C	T	1	2.4141351549517163	-2.5257510662899336	3.5928984624259634e-05	0.9999873905141275	0.015596772225391107	1.0	ref	2.4141351549517163	3.5928984624259634e-05	0.015596772225391107	2622
chr7	32800669	32800670	1.0	rs34253825	36	G	A	2	1.6139917876222372	-1.4239668271433779	0.00012022027235276415	0.986337011695613	0.0360874512402781	1.0	ref	1.6139917876222372	0.00012022027235276415	0.0360874512402781	2622
chr7	39621924	39621925	1.0	rs10254562	45	C	A	2	-2.213797996523006	2.156438041261901	0.999998804598075	1.326220408290576e-06	1.0	0.0034220433546383426	alt	2.156438041261901	1.326220408290576e-06	0.0034220433546383426	2622
chr7	40552147	40552148	1.0	rs17171730	158	G	C	2	-0.7002423761125287	1.0968660772991146	0.9998737741119591	7.889590087611151e-05	1.0	0.029356037631702865	alt	1.0968660772991146	7.889590087611151e-05	0.029356037631702865	2622
chr7	40552206	40552207	1.0	rs67156695	137	G	A	4	-0.7834472899423487	1.1045686922369908	0.9999384317774982	4.5354119522549645e-06	1.0	0.004991284451262162	alt	1.1045686922369908	4.5354119522549645e-06	0.004991284451262162	2622
chr7	40552286	40552287	1.0	rs73122161	141	A	G	4	-0.26952746776385056	1.1885047570963672	0.9995569958935254	2.2383283816908105e-05	1.0	0.014574875257379712	alt	1.1885047570963672	2.2383283816908105e-05	0.014574875257379712	2622
chr7	48035386	48035387	1.0	rs1915971	48	C	T	4	-1.1881498112304978	1.3952485390441027	0.9999498569915539	3.3820509934461147e-06	1.0	0.004404445008764875	alt	1.3952485390441027	3.3820509934461147e-06	0.004404445008764875	2622
chr7	48035432	48035433	1.0	rs1915972	66	C	G	4	-0.43698766448925674	1.0347151582820326	0.9914411227008545	0.0003533181245740659	1.0	0.05975664852374104	alt	1.0347151582820326	0.0003533181245740659	0.05975664852374104	2622
chr7	66682113	66682114	1.5	rs2420827	96	G	A	2	-1.4696857084672375	1.6186021225931388	0.9995267397495419	0.000864232265219167	1.0	0.08792888117147821	alt	1.6186021225931388	0.000864232265219167	0.08792888117147821	2622
chr7	73734971	73734972	1.2	rs13233747	68	G	A	5	1.1510388290687965	-0.28048250324383994	0.0007203004193583006	0.9935822410488278	0.09357332022998449	1.0	ref	1.1510388290687965	0.0007203004193583006	0.09357332022998449	2622
chr7	74025934	74025935	1.25	rs73144900	93	G	C	4	-0.40069809072465423	1.1221261342223368	0.9833152572546696	0.00048397215277402606	1.0	0.07179818405810498	alt	1.1221261342223368	0.00048397215277402606	0.07179818405810498	2622
chr7	75618010	75618011	1.3333333333333333	rs1186222	175	C	T	3	-1.140270365776451	2.051820421848797	0.9999984891154985	1.0329725559130688e-07	1.0	0.0006999791743224548	alt	2.051820421848797	1.0329725559130688e-07	0.0006999791743224548	2622
chr7	75739784	75739785	1.25	rs4385415	76	A	G	4	-0.9392330271982425	1.2310088802306953	0.9972972186217939	5.670040819772912e-05	1.0	0.025836431861493037	alt	1.2310088802306953	5.670040819772912e-05	0.025836431861493037	2622
chr7	95509442	95509443	1.25	rs737902	103	A	G	4	-0.4422025027971893	1.0425696357336467	0.9825669476517969	0.0005017228244360379	1.0	0.07179818405810498	alt	1.0425696357336467	0.0005017228244360379	0.07179818405810498	2622
chr7	107561129	107561130	1.0	rs62483725	72	G	A	3	-0.8009354487933333	1.0200878949064043	0.981810967405812	0.0006544412631640877	1.0	0.08040366575647089	alt	1.0200878949064043	0.0006544412631640877	0.08040366575647089	2622
chr7	112398674	112398675	1.0	rs991632	52	G	A	4	1.761376120203205	-1.5858891443544771	4.125025618789266e-08	0.999997747816007	0.00020389015767565208	1.0	ref	1.761376120203205	4.125025618789266e-08	0.00020389015767565208	2622
chr7	143503454	143503455	1.0	rs12532738	66	A	G	2	-0.7258873953847165	1.5600318396888224	0.9991930851328843	0.00015502275949012912	1.0	0.03794355367900674	alt	1.5600318396888224	0.00015502275949012912	0.03794355367900674	2622
chr7	152464179	152464180	1.0	rs62492102	82	A	G	4	1.1287431190692967	-0.48526625642301446	0.00013390684233251067	0.9990626414482501	0.03710359165311248	1.0	ref	1.1287431190692967	0.00013390684233251067	0.03710359165311248	2622
chr7	155297445	155297446	1.0	rs9768501	97	A	G	3	1.4062358968531739	-0.7214426543479308	1.944771849619728e-05	0.9999339823954333	0.011204417118074449	1.0	ref	1.4062358968531739	1.944771849619728e-05	0.011204417118074449	2622
chr8	8228584	8228585	1.0	rs75628525	42	G	T	1	2.3270075470840488	-2.7471151875575823	5.661071656478485e-05	1.0	0.02234064732797555	1.0	ref	2.3270075470840488	5.661071656478485e-05	0.02234064732797555	2622
chr8	16826132	16826133	1.0	rs67819266	36	T	C	1	-2.5302677219622063	2.0949955228629125	1.0	0.00015591149008194538	1.0	0.03794355367900674	alt	2.0949955228629125	0.00015591149008194538	0.03794355367900674	2622
chr8	17157276	17157277	1.0	rs76707294	93	C	A	2	-0.6647807254346131	1.138096279452502	0.9974632896646334	0.0006030084707606385	1.0	0.07643150066117096	alt	1.138096279452502	0.0006030084707606385	0.07643150066117096	2622
chr8	20826046	20826047	1.0	rs2616155	100	G	A	6	-0.4980859386110349	1.3168849916331582	0.9999854602678395	1.074989133567465e-07	1.0	0.0006999791743224548	alt	1.3168849916331582	1.074989133567465e-07	0.0006999791743224548	2622
chr8	23336099	23336100	1.0	rs12541356	60	G	A	2	1.793756997337089	-0.16069388033991838	0.0003100162285528468	0.9987989699851832	0.05661380416562959	1.0	ref	1.793756997337089	0.0003100162285528468	0.05661380416562959	2622
chr8	27274624	27274625	1.0	rs6997696	43	C	T	4	1.0838441580047187	-0.924438415350318	0.00022759795264566107	0.9984252011285476	0.05013621191295382	1.0	ref	1.0838441580047187	0.00022759795264566107	0.05013621191295382	2622
chr8	33144378	33144379	1.0	rs56874600	37	A	C	2	-1.7189577774845675	1.7194492401538641	0.9998480958414732	4.325322798393317e-05	1.0	0.02253147152139047	alt	1.7194492401538641	4.325322798393317e-05	0.02253147152139047	2622
chr8	33513627	33513628	1.0	rs2581897	66	T	G	4	-0.5699029674517507	0.9568963719356716	0.9939546916191344	0.0009086471780096529	1.0	0.08971502297592167	alt	0.9568963719356716	0.0009086471780096529	0.08971502297592167	2622
chr8	37479371	37479372	1.0	rs28653343	44	G	A	2	1.418029002802863	-1.1976951372601021	0.00046105000525858416	0.9969852226247061	0.07147921688669692	1.0	ref	1.418029002802863	0.00046105000525858416	0.07147921688669692	2622
chr8	37479436	37479437	1.0	rs10504006	75	G	A	2	1.383816311309992	-1.0303042952665487	0.00011587187623719045	0.9991689190159397	0.0360874512402781	1.0	ref	1.383816311309992	0.00011587187623719045	0.0360874512402781	2622
chr8	38760034	38760035	1.0	rs1034523	36	T	A	2	-1.9425198169414917	1.5880867872377622	0.9986949378118972	0.0001747806833110079	1.0	0.03794355367900674	alt	1.5880867872377622	0.0001747806833110079	0.03794355367900674	2622
chr8	41716503	41716504	1.0	rs58123140	28	G	A	2	1.4674550742329517	-1.2769104162572904	0.00043511510365442464	0.9692287967760589	0.06827113246857315	1.0	ref	1.4674550742329517	0.00043511510365442464	0.06827113246857315	2622
chr8	42280645	42280646	1.0	rs7837168	34	A	G	3	-0.9574642450703257	1.1093341754715422	0.9967221321205628	0.0008608615176638453	1.0	0.08792888117147821	alt	1.1093341754715422	0.0008608615176638453	0.08792888117147821	2622
chr8	61734641	61734642	1.0	rs11989088	29	T	C	4	-0.8775529149388673	1.02164932449065	0.9975092643811296	0.0005285291894567912	1.0	0.07322378334357225	alt	1.02164932449065	0.0005285291894567912	0.07322378334357225	2622
chr8	69832576	69832577	1.0	rs3750266	43	G	A	2	-1.2672333161284124	1.319398795843495	0.9840145503723716	0.0007319808277632258	1.0	0.08289205495617817	alt	1.319398795843495	0.0007319808277632258	0.08289205495617817	2622
chr8	90467839	90467840	1.0	rs2223010	35	A	G	2	1.3744396236088787	-1.3681132608677133	0.0006604919045336025	0.9823248318464554	0.09065374151710007	1.0	ref	1.3744396236088787	0.0006604919045336025	0.09065374151710007	2622
chr8	93916682	93916683	1.166665	rs28507397	114	C	A	4	-1.0537274692593388	1.6136416470795905	0.9999962177444471	9.141188681882088e-07	1.0	0.0030211845418273483	alt	1.6136416470795905	9.141188681882088e-07	0.0030211845418273483	2622
chr8	95213319	95213320	1.33333	rs80086542	52	G	A	2	-2.70989436073699	2.083504594249839	0.9999991835560004	0.0001082562123677576	1.0	0.03356715842060255	alt	2.083504594249839	0.0001082562123677576	0.03356715842060255	2622
chr8	102899606	102899607	1.22222	rs665298	84	G	A	3	-0.8410170879844749	1.2695061000399692	0.9999489793667568	0.0009379292405232859	1.0	0.09057390359417349	alt	1.2695061000399692	0.0009379292405232859	0.09057390359417349	2622
chr8	104329960	104329961	1.0	rs10087820	103	G	A	4	0.1976768281975626	1.6394431010702448	0.9999596114721682	5.420280670278907e-06	1.0	0.005042022512074443	alt	1.6394431010702448	5.420280670278907e-06	0.005042022512074443	2622
chr8	127377519	127377520	1.33333	rs4871017	54	A	T	2	-2.379989653597258	1.8056679391175252	0.9999900537552405	0.00040853577211726175	1.0	0.06650451700353875	alt	1.8056679391175252	0.00040853577211726175	0.06650451700353875	2622
chr9	589874	589875	1.0	rs11795359	46	G	A	2	2.1160763544778307	-1.6367708479960115	4.251692735488625e-06	0.9999966869867117	0.004614149541189031	1.0	ref	2.1160763544778307	4.251692735488625e-06	0.004614149541189031	2622
chr9	27155017	27155018	1.0	rs716676	63	G	T	2	-0.8112606109069435	1.8129443921837538	0.9998987838272618	3.2660353026236034e-05	1.0	0.018966181545647227	alt	1.8129443921837538	3.2660353026236034e-05	0.018966181545647227	2622
chr9	32200998	32200999	1.0	rs4272468	102	T	G	2	-0.5189681074348064	1.091621044287991	0.9966896025652816	0.0008559224704671853	1.0	0.08792888117147821	alt	1.091621044287991	0.0008559224704671853	0.08792888117147821	2622
chr9	41274053	41274054	1.5	rs28589830	94	G	C	2	1.6953487236159779	-1.5997553235149633	0.0005565328032663219	0.9984965911591522	0.08013122785923738	1.0	ref	1.6953487236159779	0.0005565328032663219	0.08013122785923738	2622
chr9	83219827	83219828	1.1666666666666667	rs12237222	56	G	T	6	1.4459926233889564	-0.21304608302992206	9.949263561124445e-06	0.9999766986811734	0.007280994819643576	1.0	ref	1.4459926233889564	9.949263561124445e-06	0.007280994819643576	2622
chr9	87569669	87569670	1.0	rs10780863	44	T	C	3	-0.40475732261605424	1.235375813986252	0.9948511138410199	0.0008866533929856719	1.0	0.08951075299885586	alt	1.235375813986252	0.0008866533929856719	0.08951075299885586	2622
chr9	95462773	95462774	1.0	rs28377268	60	G	T	2	-0.7139829045410202	1.3030881302539987	0.9946355651715388	0.0006980540911173202	1.0	0.08264325844200783	alt	1.3030881302539987	0.0006980540911173202	0.08264325844200783	2622
chr9	99491949	99491950	1.0	rs7029511	49	T	C	2	-1.6185687685555294	1.6457865717319207	0.9997770153917636	5.825652916820616e-05	1.0	0.025836431861493037	alt	1.6457865717319207	5.825652916820616e-05	0.025836431861493037	2622
chr9	100689785	100689786	1.0	rs10123021	63	G	T	4	-0.6286387015998773	1.473830886535238	0.9999798058653295	1.9545429623365633e-06	1.0	0.0034220433546383426	alt	1.473830886535238	1.9545429623365633e-06	0.0034220433546383426	2622
chr9	121370601	121370602	1.0	rs1771889	48	A	G	4	1.2217136910357578	-0.6872263842995069	0.0004246622879079961	0.9937424601648416	0.06744362165153454	1.0	ref	1.2217136910357578	0.0004246622879079961	0.06744362165153454	2622
chr9	122219389	122219390	1.0	rs3793618	65	C	T	4	1.6754719176904604	-0.6460327533940788	1.8271161320918667e-07	0.9999989170224913	0.0003965755564705397	1.0	ref	1.6754719176904604	1.8271161320918667e-07	0.0003965755564705397	2622
chr9	124771340	124771341	1.0	rs146762881	42	C	T	2	-0.4497197911570244	1.5526211930213214	0.9965424162675328	0.000669057499746793	1.0	0.08143117588039707	alt	1.5526211930213214	0.000669057499746793	0.08143117588039707	2622
chr9	136533457	136533458	1.0	rs13294808	46	C	T	2	1.7179584699823252	-1.4084347176108145	4.984300291007101e-05	0.9998788984219771	0.020496831085499347	1.0	ref	1.7179584699823252	4.984300291007101e-05	0.020496831085499347	2622
