#chr	start	end	mean_bad	id	max_cover	ref	alt	n_reps	ref_comb_es	alt_comb_es	ref_comb_pval	alt_comb_pval	ref_fdr_comb_pval	alt_fdr_comb_pval	pref_allele	comb_es	comb_pval	fdr_comb_pval	215
1	33763599	33763600	1.0	rs570915	26	A	C	1	1.5314915252070485	-1.8938472322685205	0.00090761376649437	1.0	0.08530837458461195	1.0	ref	1.5314915252070485	0.00090761376649437	0.08530837458461195	215
1	56024401	56024402	1.0	rs7355032	42	A	C	2	1.3373947929423837	-0.4068496194166114	0.0006828053847054041	0.9904143103121027	0.07440690338656741	1.0	ref	1.3373947929423837	0.0006828053847054041	0.07440690338656741	215
1	65420458	65420459	1.5	rs12564738	107	C	G	2	1.1039084608495537	-0.2669132154971234	0.0002165850112121664	0.6854468586015596	0.03664940107507253	0.8807087233100583	ref	1.1039084608495537	0.0002165850112121664	0.03664940107507253	215
1	70459989	70459990	1.5	rs79321657	75	T	C	2	1.2673851660533355	-0.30698689963389536	6.836610463119007e-05	0.8068153322092095	0.01732189020601131	0.9152717053516235	ref	1.2673851660533355	6.836610463119007e-05	0.01732189020601131	215
1	188706886	188706887	1.5	rs4638130	92	T	G	2	1.4175580320769652	-0.26469842147156936	1.949743706409898e-06	0.9864491223958223	0.00162316163558624	1.0	ref	1.4175580320769652	1.949743706409898e-06	0.00162316163558624	215
1	188707014	188707015	1.5	rs34021640	110	G	T	2	1.6796771966160802	-0.6134933830530684	3.853255696869372e-08	0.9861923361290906	0.000114774600706349	1.0	ref	1.6796771966160802	3.853255696869372e-08	0.000114774600706349	215
1	215476247	215476248	1.5	rs1876406	75	T	A	2	1.5066976225912327	-0.84181739816593	4.623373192728596e-06	0.9989026763053684	0.003367838410078237	1.0	ref	1.5066976225912327	4.623373192728596e-06	0.003367838410078237	215
1	219341155	219341156	1.5	rs17525419	101	A	G	2	-0.18576694972492053	1.0330430551796645	0.5650858694848482	0.00048343640723556044	0.8684732816154714	0.056913649760913704	alt	1.0330430551796645	0.00048343640723556044	0.056913649760913704	215
10	13660828	13660829	1.0	rs10796107	44	C	T	2	1.4804783087126259	-1.090712544572456	3.2892587810529e-05	0.9811902937733112	0.010953231740906157	1.0	ref	1.4804783087126259	3.2892587810529e-05	0.010953231740906157	215
10	17353849	17353850	1.0	rs3740161	28	C	G	2	-1.3038957120683146	1.2855898296869563	0.9977617623741373	0.000389204664798531	1.0	0.05040200409140976	alt	1.2855898296869563	0.000389204664798531	0.05040200409140976	215
10	24383233	24383234	1.0	rs7906883	43	A	G	2	1.2413722426185	-0.8784877359877186	0.0008129027041050926	0.9926552833293039	0.08196467025099417	1.0	ref	1.2413722426185	0.0008129027041050926	0.08196467025099417	215
10	26684786	26684787	1.0	rs7069431	33	G	A	1	1.9465290244858915	-2.315209889446581	2.2567483795273722e-05	1.0	0.00857201811774581	1.0	ref	1.9465290244858915	2.2567483795273722e-05	0.00857201811774581	215
10	26684795	26684796	1.0	rs2477287	30	C	G	1	1.7830302922030121	-2.1479940586176993	0.0001129294504424952	1.0	0.024833825375609082	1.0	ref	1.7830302922030121	0.0001129294504424952	0.024833825375609082	215
10	29160199	29160200	1.0	rs511991	64	A	C	2	1.174220542470937	-0.17594879686605921	0.0007551765600859355	0.9862873038405062	0.07929353880902322	1.0	ref	1.174220542470937	0.0007551765600859355	0.07929353880902322	215
10	31745669	31745670	1.0	rs7082221	50	T	C	2	1.3777424217773415	-1.02394998978362	7.993171184587325e-05	0.9983178204608375	0.019012328603339852	1.0	ref	1.3777424217773415	7.993171184587325e-05	0.019012328603339852	215
10	38094456	38094457	1.0	rs2504145	28	G	T	2	-1.4456764398466264	1.3970138779566583	0.9995668523073409	0.00012137373252186087	1.0	0.02492616643262958	alt	1.3970138779566583	0.00012137373252186087	0.02492616643262958	215
10	57816162	57816163	1.0	rs6481363	34	A	G	2	1.4577722095148702	-1.3598889395392368	6.550407082236855e-05	0.9989628619803123	0.01732189020601131	1.0	ref	1.4577722095148702	6.550407082236855e-05	0.01732189020601131	215
10	60611320	60611321	1.0	rs10994429	45	C	T	2	-1.0950941442656836	1.3517400837382567	0.9980900218428187	0.00010921629320199502	1.0	0.023900634205849827	alt	1.3517400837382567	0.00010921629320199502	0.023900634205849827	215
10	62391013	62391014	1.0	rs2893898	55	C	T	2	1.4052809468981293	-1.018957585376373	4.099526736918037e-05	0.999030736961853	0.012573680031257821	1.0	ref	1.4052809468981293	4.099526736918037e-05	0.012573680031257821	215
10	62391034	62391035	1.0	rs4543879	24	C	T	2	1.2564150301185666	-1.255842774330218	0.0004450134933931346	0.976305367042945	0.05483867786566538	0.9979686943418281	ref	1.2564150301185666	0.0004450134933931346	0.05483867786566538	215
10	62924460	62924461	1.0	rs35377950	45	T	G	2	-0.6222428312014899	1.4187853048121246	0.9971834632605878	0.00017414709188897444	1.0	0.030752793272212076	alt	1.4187853048121246	0.00017414709188897444	0.030752793272212076	215
10	108358914	108358915	1.5	rs1411023	60	G	A	2	1.151492700688936	-0.8669591406245767	0.0005221168382633909	0.9855711379064215	0.061467391413735556	1.0	ref	1.151492700688936	0.0005221168382633909	0.061467391413735556	215
10	111593895	111593896	1.5	rs1914087	60	G	A	2	-1.2072033298900016	1.469893921434338	0.9989469826198771	2.5634351851691624e-05	1.0	0.009156825672163754	alt	1.469893921434338	2.5634351851691624e-05	0.009156825672163754	215
10	129525641	129525642	1.5	rs10741195	51	T	A	2	-0.8649093032485481	1.6704075107541532	0.9994766245156734	2.6614099898623912e-05	1.0	0.009156825672163754	alt	1.6704075107541532	2.6614099898623912e-05	0.009156825672163754	215
11	4045167	4045168	1.5	rs10767811	72	G	A	2	0.9637992746423814	-0.449262295937636	0.0009510243290258958	0.9081225185528016	0.08752373709124645	0.9641253373777466	ref	0.9637992746423814	0.0009510243290258958	0.08752373709124645	215
11	4713347	4713348	1.5	rs11033491	66	T	C	2	-1.0251518428647706	1.3661296635752873	0.9973476532255909	6.542131851717372e-05	1.0	0.015249709346353195	alt	1.3661296635752873	6.542131851717372e-05	0.015249709346353195	215
11	8336553	8336554	1.0	rs12806810	56	G	T	2	-1.0650893192294941	1.3951666204058595	0.999453278978462	2.2698937674478965e-05	1.0	0.00912262477917422	alt	1.3951666204058595	2.2698937674478965e-05	0.00912262477917422	215
11	10488498	10488499	1.0	rs7122280	32	A	G	2	1.455717594674578	-1.4709844980866502	7.46924631474705e-05	0.9995016989713474	0.018136263707995183	1.0	ref	1.455717594674578	7.46924631474705e-05	0.018136263707995183	215
11	12080350	12080351	1.0	rs17383023	48	T	C	2	-1.029294642744497	1.1860197079285861	0.9937289608218421	0.0006088877465517328	1.0	0.0682364104428889	alt	1.1860197079285861	0.0006088877465517328	0.0682364104428889	215
11	15893146	15893147	1.0	rs1440702	38	G	A	2	1.9870869943743321	-1.8254516526901936	1.8740123391248593e-07	0.9980618789038769	0.00036402689687500394	1.0	ref	1.9870869943743321	1.8740123391248593e-07	0.00036402689687500394	215
11	16226473	16226474	1.0	rs2351958	33	C	A	2	-1.073941935204521	1.2207718367142713	0.9926326601714003	0.0007240691283222555	1.0	0.07742225404216412	alt	1.2207718367142713	0.0007240691283222555	0.07742225404216412	215
11	18958768	18958769	1.0	rs10833025	49	T	A	2	1.465918798937684	-0.3153876623492834	0.00027213995063695253	0.9951502028070991	0.039044879355122894	1.0	ref	1.465918798937684	0.00027213995063695253	0.039044879355122894	215
11	20048337	20048338	1.0	rs2150	46	C	T	2	-0.7157026594709	1.6310819853370149	0.9994928051039792	2.5572048168831288e-05	1.0	0.009156825672163754	alt	1.6310819853370149	2.5572048168831288e-05	0.009156825672163754	215
11	20355437	20355438	1.0	rs2036175	38	C	T	1	-1.5686876904860023	1.652490054279411	0.9967805620502705	0.0004234310269712031	1.0	0.0529852400911701	alt	1.652490054279411	0.0004234310269712031	0.0529852400911701	215
11	21177505	21177506	1.0	rs4338525	47	G	A	2	-0.8814562656674566	1.4865978836742482	0.9991085628345503	4.9425193102195104e-05	1.0	0.014028198291449348	alt	1.4865978836742482	4.9425193102195104e-05	0.014028198291449348	215
11	33045821	33045822	1.0	rs4561187	30	C	T	2	1.6868207922396259	-1.8254516526901936	3.879954713064419e-06	0.9980618789038769	0.003014724812051054	1.0	ref	1.6868207922396259	3.879954713064419e-06	0.003014724812051054	215
11	33059828	33059829	1.0	rs7125873	58	A	G	2	1.121054267174385	-0.826916054981744	0.00038174819729345133	0.9929567984620631	0.04889313449950742	1.0	ref	1.121054267174385	0.00038174819729345133	0.04889313449950742	215
11	34438993	34438994	1.0	rs1049982	30	T	C	2	-0.9248492884959186	1.2613110601021815	0.9968812165777149	0.0005960586313037924	1.0	0.06744721696937574	alt	1.2613110601021815	0.0005960586313037924	0.06744721696937574	215
11	44945115	44945116	1.0	rs71491856	35	G	A	2	-1.4382166783386006	1.3897910063276808	0.9991828549726118	0.00012530330131655222	1.0	0.025179482359386485	alt	1.3897910063276808	0.00012530330131655222	0.025179482359386485	215
11	57712259	57712260	1.5	rs1424751	62	G	C	2	1.543686422452519	-0.5226144383163582	7.245893612945956e-05	0.8475629251289705	0.017968274480613854	0.9334212443281359	ref	1.543686422452519	7.245893612945956e-05	0.017968274480613854	215
11	82901652	82901653	1.0	rs7943593	128	C	T	2	-0.5404835011386874	0.9819375193117976	0.9995006168426066	1.8585888917235602e-05	1.0	0.00773637626179932	alt	0.9819375193117976	1.8585888917235602e-05	0.00773637626179932	215
11	85719353	85719354	1.0	rs678376	75	A	G	2	-0.5663083636021778	0.9190626517598353	0.9845819972056777	0.0009521399524978804	1.0	0.09247659288635664	alt	0.9190626517598353	0.0009521399524978804	0.09247659288635664	215
11	90747257	90747258	1.0	rs2213089	36	G	A	2	-1.685197660685846	1.5735908716005418	0.9976953125701116	1.5691545559922758e-05	1.0	0.0070340370577269135	alt	1.5735908716005418	1.5691545559922758e-05	0.0070340370577269135	215
11	92130476	92130477	1.0	rs79047781	32	C	A	1	1.7610296266456507	-1.9410016496113842	0.0001605229608843389	0.9990272242012838	0.029232736079796408	1.0	ref	1.7610296266456507	0.0001605229608843389	0.029232736079796408	215
11	92131681	92131682	1.0	rs11600236	52	C	T	2	-0.8736920548466952	1.3372127553935114	0.9979439469002581	0.00011073652913907256	1.0	0.023900634205849827	alt	1.3372127553935114	0.00011073652913907256	0.023900634205849827	215
11	93085261	93085262	1.0	rs35288109	28	A	T	1	-1.7469044862801857	1.5448669268155033	0.997027738191764	0.0009204597714827205	1.0	0.09143603200079163	alt	1.5448669268155033	0.0009204597714827205	0.09143603200079163	215
11	116793323	116793324	1.5	rs10750097	74	G	A	2	-0.5285306547342717	1.2619868605272646	0.9213091076686568	0.00024058775885958986	0.9736903926258791	0.036895399072480524	alt	1.2619868605272646	0.00024058775885958986	0.036895399072480524	215
11	128931929	128931930	1.5	rs12575568	89	A	G	2	-0.4052107429575688	1.3590402105041324	0.8391987733865601	0.00013519147682196432	0.9324985372533107	0.02626094437266657	alt	1.3590402105041324	0.00013519147682196432	0.02626094437266657	215
12	8635931	8635932	1.5	rs56156813	38	A	C	2	1.429053413102295	-1.3386548027150997	0.00022661423914465006	0.9864629830192242	0.03664940107507253	1.0	ref	1.429053413102295	0.00022661423914465006	0.03664940107507253	215
12	61250479	61250480	1.5	rs61944174	58	G	A	2	1.212976686670825	-0.6988609982251665	0.0006084485042049056	0.9855258775179075	0.06952418937753113	1.0	ref	1.212976686670825	0.0006084485042049056	0.06952418937753113	215
12	70561033	70561034	1.0	rs12580379	50	G	A	2	-1.0018726047884747	1.62043153519189	0.9998646206075986	8.791525324316034e-06	1.0	0.004455009898039278	alt	1.62043153519189	8.791525324316034e-06	0.004455009898039278	215
12	73727107	73727108	1.0	rs1439986	29	A	G	1	-2.136103653549752	1.744602660994231	1.0	0.0001511628476377832	1.0	0.0271046613725902	alt	1.744602660994231	0.0001511628476377832	0.0271046613725902	215
12	75641211	75641212	1.0	rs6582294	38	G	A	2	1.9380760274077187	-2.1572566876208983	5.211458481543173e-07	1.0	0.0006748838733598409	1.0	ref	1.9380760274077187	5.211458481543173e-07	0.0006748838733598409	215
12	77848096	77848097	1.0	rs2370038	48	A	T	2	-1.6446626389746932	1.822681563061336	0.9999808224074695	8.612957125056535e-07	1.0	0.001254800191156674	alt	1.822681563061336	8.612957125056535e-07	0.001254800191156674	215
12	78915205	78915206	1.0	rs4842434	77	T	C	2	-0.7258563561874848	0.9936156591999482	0.990202637990041	0.000574074100965403	1.0	0.06559640830148795	alt	0.9936156591999482	0.000574074100965403	0.06559640830148795	215
12	78977679	78977680	1.0	rs67167203	72	C	T	2	-1.051040327134855	1.326769317569258	0.9996735378366689	1.1184436811761515e-05	1.0	0.005214184441643219	alt	1.326769317569258	1.1184436811761515e-05	0.005214184441643219	215
12	84772487	84772488	1.0	rs2198282	74	T	C	2	1.8905996075172053	-0.09063233402604966	2.1302825233258332e-05	0.9995525179025817	0.008561532003228478	1.0	ref	1.8905996075172053	2.1302825233258332e-05	0.008561532003228478	215
12	84807526	84807527	1.0	rs7976801	50	G	A	2	1.3595377210184396	-1.0292292304371877	6.0321127833493886e-05	0.9985653688854838	0.016349831276729565	1.0	ref	1.3595377210184396	6.0321127833493886e-05	0.016349831276729565	215
12	107014239	107014240	1.0	rs7316535	61	T	G	2	1.3838279463139818	-0.2801623072173561	0.00025154267734839303	0.9948785029455018	0.03857539348020422	1.0	ref	1.3838279463139818	0.00025154267734839303	0.03857539348020422	215
12	113966337	113966338	1.0	rs2290798	60	C	T	2	-0.6875774053269152	1.722929620174591	0.9999152473427183	3.311522284643597e-06	1.0	0.0022703407192659485	alt	1.722929620174591	3.311522284643597e-06	0.0022703407192659485	215
12	117350434	117350435	1.0	rs3782219	50	C	T	2	1.178129448022223	-0.6896700918213943	0.0007791101137665776	0.9889306857234325	0.08107614621383448	1.0	ref	1.178129448022223	0.0007791101137665776	0.08107614621383448	215
12	124519158	124519159	1.0	rs10846681	27	G	A	2	-0.6741273720219565	1.2773475687600326	0.995458342087479	0.00093827879317827	1.0	0.09189612886128351	alt	1.2773475687600326	0.00093827879317827	0.09189612886128351	215
12	130079478	130079479	1.0	rs11060682	30	A	G	2	-1.1018818305187104	1.2511329240800524	0.9948321093340146	0.0006228794999002244	1.0	0.06913962448892491	alt	1.2511329240800524	0.0006228794999002244	0.06913962448892491	215
12	130665975	130665976	1.0	rs4759750	33	G	C	2	1.4084399167895847	-1.2404891519690375	9.225295811476539e-05	0.9796682967394525	0.021504164536551816	1.0	ref	1.4084399167895847	9.225295811476539e-05	0.021504164536551816	215
12	130871000	130871001	1.0	rs3809142	51	C	T	2	1.178684747373629	-0.47160991189962326	0.0009054740461515704	0.9863179807602068	0.08530837458461195	1.0	ref	1.178684747373629	0.0009054740461515704	0.08530837458461195	215
12	131674034	131674035	1.0	rs4964979	31	G	A	2	-0.4838307050769064	1.35711698215109	0.9932459700980885	0.0007947764990145051	1.0	0.08197451412401821	alt	1.35711698215109	0.0007947764990145051	0.08197451412401821	215
13	22965346	22965347	1.0	rs79542111	35	G	A	1	1.7695162945400296	-1.8297830622763391	0.00015948822141834023	0.9985912799171283	0.029232736079796408	1.0	ref	1.7695162945400296	0.00015948822141834023	0.029232736079796408	215
13	29595723	29595724	1.0	rs61947180	35	C	A	2	1.2382811675643006	-0.7632547614065093	0.0006330420006923556	0.9068947546662816	0.07124348127409268	0.9636147687721038	ref	1.2382811675643006	0.0006330420006923556	0.07124348127409268	215
13	33472609	33472610	1.5	rs1536239	109	G	C	2	-0.2318260712934846	1.165061593849921	0.6598105614815131	5.4199329535781645e-05	0.874474915139074	0.014028198291449348	alt	1.165061593849921	5.4199329535781645e-05	0.014028198291449348	215
13	75364561	75364562	1.0	rs1359500	46	C	T	2	1.7258937596834825	-0.8894433778769322	5.814573785715646e-06	0.9998396891334059	0.0035667819722376764	1.0	ref	1.7258937596834825	5.814573785715646e-06	0.0035667819722376764	215
13	76991954	76991955	1.0	rs77416795	76	C	T	2	1.2081307196589588	-0.17622139777890902	0.0007186538690203198	0.9873736227000479	0.07755473003177618	1.0	ref	1.2081307196589588	0.0007186538690203198	0.07755473003177618	215
13	87331252	87331253	1.0	rs6491324	41	C	A	2	1.3735145346634337	-1.1324201454344895	0.00014043897300695512	0.9976534002360863	0.027677592837851726	1.0	ref	1.3735145346634337	0.00014043897300695512	0.027677592837851726	215
13	87331416	87331417	1.0	rs6491325	56	G	A	2	1.2085872043666424	-0.7549967562565644	0.00022925358991926874	0.9952962164020975	0.03664940107507253	1.0	ref	1.2085872043666424	0.00022925358991926874	0.03664940107507253	215
13	95898480	95898481	1.0	rs72636556	29	C	A	2	-1.3675781779634226	1.303130736762134	0.9987063772619327	0.0003351786027336311	1.0	0.045058287305606334	alt	1.303130736762134	0.0003351786027336311	0.045058287305606334	215
13	98466905	98466906	1.0	rs61969407	56	C	T	2	-1.39756207411959	1.8845750111948183	0.9999870468535157	6.145365280046024e-07	1.0	0.001023203319127663	alt	1.8845750111948183	6.145365280046024e-07	0.001023203319127663	215
13	99151758	99151759	1.0	rs2094503	49	G	A	2	-0.42875516642796996	1.4023105843462558	0.9962037382178521	0.00021884331706143196	1.0	0.035425261949319296	alt	1.4023105843462558	0.00021884331706143196	0.035425261949319296	215
13	100280887	100280888	1.0	rs77587383	44	C	T	2	1.5847114891280465	-1.3981909258873741	9.118510248047612e-06	0.9997600347821695	0.004620705953956301	1.0	ref	1.5847114891280465	9.118510248047612e-06	0.004620705953956301	215
13	101049394	101049395	1.0	rs3751403	61	C	T	2	1.2194370856707564	-0.6034804878507996	0.0002747044278953305	0.9947528520234383	0.039044879355122894	1.0	ref	1.2194370856707564	0.0002747044278953305	0.039044879355122894	215
13	102286702	102286703	1.0	rs9554865	35	G	C	1	2.0460646980368065	-2.4197816785458035	7.56871629275159e-06	1.0	0.004009699472364536	1.0	ref	2.0460646980368065	7.56871629275159e-06	0.004009699472364536	215
13	105774245	105774246	1.0	rs4238245	42	G	A	2	2.0833917188854496	-1.96304561885513	3.939068235310133e-08	0.9999989456888897	0.000114774600706349	1.0	ref	2.0833917188854496	3.939068235310133e-08	0.000114774600706349	215
13	106986433	106986434	1.0	rs7333946	44	C	A	2	-1.367750516556986	1.6105835443821053	0.9998291993917525	7.844703827236184e-06	1.0	0.004155910141201715	alt	1.6105835443821053	7.844703827236184e-06	0.004155910141201715	215
13	108220172	108220173	1.0	rs7322498	43	T	C	1	1.7047828907948994	-1.5620598398503147	0.00021338622647656272	0.9977895104929725	0.03664940107507253	1.0	ref	1.7047828907948994	0.00021338622647656272	0.03664940107507253	215
13	109738351	109738352	1.0	rs4773077	36	C	T	2	-1.4610568921598786	1.450231801919811	0.9936801670005356	5.643735270816466e-05	1.0	0.014028198291449348	alt	1.450231801919811	5.643735270816466e-05	0.014028198291449348	215
13	109738632	109738633	1.0	rs4771639	30	A	C	2	-1.399089072762319	1.4406239104877787	0.9991647421954774	8.072900011255292e-05	1.0	0.018448950908074593	alt	1.4406239104877787	8.072900011255292e-05	0.018448950908074593	215
13	110915183	110915184	1.0	rs7331404	71	C	G	2	1.0745029797399765	-0.6548911328110537	0.00024559989962362553	0.9945759211782044	0.03816622440151141	1.0	ref	1.0745029797399765	0.00024559989962362553	0.03816622440151141	215
13	112711976	112711977	1.0	rs12876143	70	T	C	2	1.1333103822430495	-0.5152425777688714	0.000799252376205934	0.9876948151326682	0.08196467025099417	1.0	ref	1.1333103822430495	0.000799252376205934	0.08196467025099417	215
14	37122392	37122393	1.5	rs60439332	78	G	A	2	-0.23966144896065367	1.2152639682765425	0.7267450778103839	0.0002162630002174038	0.8841737835180267	0.035425261949319296	alt	1.2152639682765425	0.0002162630002174038	0.035425261949319296	215
14	37122404	37122405	1.5	rs56184135	84	A	G	2	-0.15326735511896905	1.3513817709189677	0.7911338229396848	3.170147675124793e-05	0.9081714474896115	0.010428701802855798	alt	1.3513817709189677	3.170147675124793e-05	0.010428701802855798	215
14	57725771	57725772	1.5	rs2347351	44	A	G	1	1.6414782841223623	-1.5204811400076244	0.0008845983648553243	0.9949632969907308	0.0852065615073455	1.0	ref	1.6414782841223623	0.0008845983648553243	0.0852065615073455	215
14	79510756	79510757	1.5	rs9323673	85	C	G	2	-0.9564178145048037	1.7529617610562678	0.9999258054201685	2.438232253396195e-07	1.0	0.00047362661522221095	alt	1.7529617610562678	2.438232253396195e-07	0.00047362661522221095	215
14	79510829	79510830	1.5	rs10130663	68	G	A	2	-1.3225723275660395	1.6519960898481796	0.9998354870401425	1.7168850244388648e-06	1.0	0.001792555117348828	alt	1.6519960898481796	1.7168850244388648e-06	0.001792555117348828	215
14	85234087	85234088	1.5	rs1667511	53	G	A	1	1.7426110696831714	-1.5479278163803118	0.0002326946100004605	0.9966934819527684	0.03664940107507253	1.0	ref	1.7426110696831714	0.0002326946100004605	0.03664940107507253	215
14	85607846	85607847	1.5	rs2747003	134	C	A	2	1.2328563312712344	-0.06976867273899733	1.5999493117126437e-06	0.6399956294895843	0.001452859252281846	0.8807087233100583	ref	1.2328563312712344	1.5999493117126437e-06	0.001452859252281846	215
14	89249343	89249344	1.5	rs11628298	106	C	T	2	-0.08388604373618752	1.1805606154325128	0.6078432579994164	4.024183055416156e-05	0.8728484457891146	0.012342593029177711	alt	1.1805606154325128	4.024183055416156e-05	0.012342593029177711	215
15	31079772	31079773	2.0	rs12910328	70	C	T	2	-0.5500585357606418	1.3368048858519808	0.9980111836916288	0.00033724720902490827	1.0	0.045058287305606334	alt	1.3368048858519808	0.00033724720902490827	0.045058287305606334	215
15	54131665	54131666	1.5	rs7170148	121	A	G	2	-0.08426000697837129	0.978386446883549	0.726608797608774	0.0009221524707729052	0.8841737835180267	0.09143603200079163	alt	0.978386446883549	0.0009221524707729052	0.09143603200079163	215
15	93929552	93929553	1.5	rs4435205	90	T	A	2	-0.7379424627243111	1.574863258713362	0.9933418185408597	1.26165170343383e-06	1.0	0.0016338389559468096	alt	1.574863258713362	1.26165170343383e-06	0.0016338389559468096	215
15	94745620	94745621	1.5	rs75807454	59	C	T	2	-1.125941541044592	1.3671736940629176	0.9973481038591522	0.00011648356838357227	1.0	0.024683927082009723	alt	1.3671736940629176	0.00011648356838357227	0.024683927082009723	215
16	8620762	8620763	1.0	rs7195689	45	A	G	2	-0.9006691854488361	1.6152961352599053	0.9996933261874535	1.6400502465572763e-05	1.0	0.007079550230972243	alt	1.6152961352599053	1.6400502465572763e-05	0.007079550230972243	215
16	23903118	23903119	1.0	rs1005878	35	C	A	2	1.408756220102029	-1.0720046544511532	0.00022290265521244436	0.998100229421948	0.03664940107507253	1.0	ref	1.408756220102029	0.00022290265521244436	0.03664940107507253	215
16	25048649	25048650	1.0	rs77666254	33	A	G	2	1.2536907037388874	-0.6843591553563194	0.0009674304116029162	0.9902205390450949	0.08752373709124645	1.0	ref	1.2536907037388874	0.0009674304116029162	0.08752373709124645	215
16	25048650	25048651	1.0	rs17773870	33	T	A	2	1.2536907037388874	-0.6843591553563194	0.0009674304116029162	0.9902205390450949	0.08752373709124645	1.0	ref	1.2536907037388874	0.0009674304116029162	0.08752373709124645	215
16	27550040	27550041	1.0	rs186028447	47	A	C	2	-0.8616560757039169	1.5643819921553557	0.9995137175713353	2.3743716038870398e-05	1.0	0.009156825672163754	alt	1.5643819921553557	2.3743716038870398e-05	0.009156825672163754	215
16	64864741	64864742	1.5	rs55778409	88	C	T	2	1.4991257775013644	-0.6327394248454876	1.6205208305160014e-06	0.9928455355528111	0.001452859252281846	1.0	ref	1.4991257775013644	1.6205208305160014e-06	0.001452859252281846	215
17	29732951	29732952	1.0	rs880749	30	T	C	2	-0.8147948475061033	1.4534054264770693	0.9986666106804302	0.00019900011067413778	1.0	0.03313351842724394	alt	1.4534054264770693	0.00019900011067413778	0.03313351842724394	215
17	51643858	51643859	1.0	rs28461935	57	A	C	2	-1.3394299208903169	1.6004864560351644	0.9999413693372334	2.0935157465092253e-06	1.0	0.0018769173865819248	alt	1.6004864560351644	2.0935157465092253e-06	0.0018769173865819248	215
17	64919540	64919541	1.0	rs184388827	28	G	T	1	1.6627360584853008	-2.026289167240303	0.000323334754986704	1.0	0.04486269725440518	1.0	ref	1.6627360584853008	0.000323334754986704	0.04486269725440518	215
17	67306054	67306055	1.0	rs7215986	51	G	A	2	1.3489800950306559	-0.916174065917126	0.0001424843904136511	0.9974024100312928	0.027677592837851726	1.0	ref	1.3489800950306559	0.0001424843904136511	0.027677592837851726	215
17	68425118	68425119	1.0	rs12948224	29	G	C	2	1.5320138258324847	-0.3989842489784534	0.0005951661678176252	0.7191614660442887	0.06867981867242001	0.8837036616308866	ref	1.5320138258324847	0.0005951661678176252	0.06867981867242001	215
17	75645633	75645634	1.0	rs820206	28	G	A	2	1.2456750325214467	-0.9044566288365319	0.0006357204678254515	0.9230822908198759	0.07124348127409268	0.9727417811487933	ref	1.2456750325214467	0.0006357204678254515	0.07124348127409268	215
17	78346832	78346833	1.0	rs58888596	41	G	A	2	-1.1081086982168074	1.4905474001138528	0.9990892436450904	5.657016900026764e-05	1.0	0.014028198291449348	alt	1.4905474001138528	5.657016900026764e-05	0.014028198291449348	215
17	78346838	78346839	1.0	rs55962646	38	T	C	2	1.5605522628347601	-1.1707503414170444	2.385228814750998e-05	0.9995001554885699	0.008687450573725901	1.0	ref	1.5605522628347601	2.385228814750998e-05	0.008687450573725901	215
18	2146299	2146300	1.0	rs8098111	37	G	A	2	-0.11175195212219968	1.6477500485208345	0.9967017882921058	0.00023051919060132207	1.0	0.03592485762861833	alt	1.6477500485208345	0.00023051919060132207	0.03592485762861833	215
18	2304509	2304510	1.0	rs12965268	80	T	G	2	-0.5751135284973752	0.9740473763960751	0.9899544281204438	0.0005678116178029321	1.0	0.06552321193557598	alt	0.9740473763960751	0.0005678116178029321	0.06552321193557598	215
18	2412278	2412279	1.0	rs16943205	35	A	G	2	-0.9838666358352715	1.5697328410581934	0.9993530278183299	6.157278885157094e-05	1.0	0.01495064279302207	alt	1.5697328410581934	6.157278885157094e-05	0.01495064279302207	215
18	10353942	10353943	1.0	rs10502400	36	A	G	2	-2.3861203451622828	2.0025318136447128	1.0	8.997100284643338e-08	1.0	0.0002097224076350362	alt	2.0025318136447128	8.997100284643338e-08	0.0002097224076350362	215
18	11954651	11954652	1.0	rs644821	69	T	C	2	1.784706321806227	0.5752925225194269	0.00014528973333149842	0.9946930395499032	0.02775986626194449	1.0	ref	1.784706321806227	0.00014528973333149842	0.02775986626194449	215
18	12271828	12271829	1.0	rs62097515	51	G	C	2	1.216667624249082	-0.9485428342905204	0.0002682185971602023	0.9949853790499658	0.039044879355122894	1.0	ref	1.216667624249082	0.0002682185971602023	0.039044879355122894	215
18	27860293	27860294	1.0	rs4800827	41	T	C	2	-1.0328135915273449	1.4810252200585607	0.9989507794793451	6.34459834702895e-05	1.0	0.015091080354004574	alt	1.4810252200585607	6.34459834702895e-05	0.015091080354004574	215
18	38545308	38545309	1.0	rs60195686	38	C	A	1	1.9163576828693007	-1.983797340655944	3.710143869383663e-05	0.9995333321848462	0.011686953188558538	1.0	ref	1.9163576828693007	3.710143869383663e-05	0.011686953188558538	215
18	41502125	41502126	1.0	rs12607607	31	C	T	1	-2.2532703094538085	1.8600798784141674	1.0	5.137478722234288e-05	1.0	0.014028198291449348	alt	1.8600798784141674	5.137478722234288e-05	0.014028198291449348	215
18	45402993	45402994	1.0	rs2612561	49	C	T	2	1.1709329487307636	-0.8065442303462063	0.0007419234333061424	0.9896990388642971	0.07892656229315562	1.0	ref	1.1709329487307636	0.0007419234333061424	0.07892656229315562	215
18	48453495	48453496	1.0	rs4939776	32	T	C	2	1.5297312566106676	-0.9634071808008912	0.00010737438567944544	0.9993298894587029	0.02406631663642186	1.0	ref	1.5297312566106676	0.00010737438567944544	0.02406631663642186	215
18	54162584	54162585	1.0	rs1145315	40	C	T	2	-0.5622226637901826	1.257383966725735	0.9891905695674984	0.0009257358881247029	1.0	0.09143603200079163	alt	1.257383966725735	0.0009257358881247029	0.09143603200079163	215
18	57542273	57542274	1.0	rs515897	57	G	A	2	1.411554750049102	-1.0552278714949777	2.854914744550377e-05	0.9992636948313658	0.009786479808157248	1.0	ref	1.411554750049102	2.854914744550377e-05	0.009786479808157248	215
18	63443856	63443857	1.0	rs12960988	109	A	C	2	-0.946726309850636	1.2541960852629386	0.9998494473040984	4.868616109013252e-06	1.0	0.002986511618449971	alt	1.2541960852629386	4.868616109013252e-06	0.002986511618449971	215
18	68387418	68387419	1.0	rs12605205	58	A	G	2	-0.3004343241011151	1.39472743649859	0.9948749148658522	0.0003006977900748196	1.0	0.04273942369904905	alt	1.39472743649859	0.0003006977900748196	0.04273942369904905	215
18	68556223	68556224	1.0	rs3914104	28	G	A	1	-1.7469044862801857	1.5448669268155033	0.997027738191764	0.0009204597714827205	1.0	0.09143603200079163	alt	1.5448669268155033	0.0009204597714827205	0.09143603200079163	215
18	77067657	77067658	1.0	rs4890887	60	C	A	2	-1.1753326545991798	1.4417618318663172	0.9997203690998246	1.0837658220531133e-05	1.0	0.005214184441643219	alt	1.4417618318663172	1.0837658220531133e-05	0.005214184441643219	215
19	17267349	17267350	1.0	rs2278256	43	T	C	2	-0.6726562739773526	1.3074104536684377	0.9946786992781609	0.0003601406394115825	1.0	0.04716223766676398	alt	1.3074104536684377	0.0003601406394115825	0.04716223766676398	215
19	36489467	36489468	1.0	rs2912426	46	T	C	2	-0.8011467856442643	1.2009461237716923	0.9929318972236255	0.00047743468805320317	1.0	0.05678062540061309	alt	1.2009461237716923	0.00047743468805320317	0.05678062540061309	215
19	37371056	37371057	1.0	rs117925637	45	C	T	2	-0.9682896562181232	1.3767648528447822	0.9980626031846135	0.0001300128783957476	1.0	0.025683052503431156	alt	1.3767648528447822	0.0001300128783957476	0.025683052503431156	215
19	42965391	42965392	1.0	rs59070050	30	G	A	2	1.4315794587890451	-1.2110142203307934	0.0001552349983826403	0.9994351585518779	0.029181675905639887	1.0	ref	1.4315794587890451	0.0001552349983826403	0.029181675905639887	215
2	179260429	179260430	1.5	rs7562730	54	G	C	1	-2.1719779244895885	2.203921181097855	1.0	5.439848132652785e-06	1.0	0.0031700714993034107	alt	2.203921181097855	5.439848132652785e-06	0.0031700714993034107	215
2	188693448	188693449	1.5	rs77417137	67	A	G	2	-0.6583200674992984	1.1387203061043691	0.9789354377844491	0.00041048668079157627	0.9987300881808259	0.05200241591984589	alt	1.1387203061043691	0.00041048668079157627	0.05200241591984589	215
2	190571893	190571894	1.5	rs72913054	54	G	C	2	1.4970534627657703	-1.357330362774297	6.783730489398752e-05	0.992523001471855	0.01732189020601131	1.0	ref	1.4970534627657703	6.783730489398752e-05	0.01732189020601131	215
2	201780818	201780819	1.0	rs41308794	30	G	T	1	-1.873069247715958	1.670397808899362	0.9985278923926071	0.0003402084326806828	1.0	0.045058287305606334	alt	1.670397808899362	0.0003402084326806828	0.045058287305606334	215
2	203586885	203586886	1.0	rs7579215	53	G	A	2	-1.0782127414150215	1.3882951956281544	0.9988995691278588	5.5881932040828986e-05	1.0	0.014028198291449348	alt	1.3882951956281544	5.5881932040828986e-05	0.014028198291449348	215
2	204019908	204019909	1.0	rs11695028	37	G	A	2	1.4941340592598107	-1.1107912349758564	4.8003276121776635e-05	0.9994384992210682	0.013986954579982667	1.0	ref	1.4941340592598107	4.8003276121776635e-05	0.013986954579982667	215
2	204257487	204257488	1.0	rs16841008	26	G	A	2	-0.5669776216845186	1.3426942265819846	0.8105792148317946	0.0006862879021427292	0.9185108967298905	0.07475407008853746	alt	1.3426942265819846	0.0006862879021427292	0.07475407008853746	215
2	205700775	205700776	1.0	rs3771051	31	C	T	2	-0.9448179073585766	1.3549542194786128	0.997466871034211	0.0004951458971872476	1.0	0.057709254317173705	alt	1.3549542194786128	0.0004951458971872476	0.057709254317173705	215
2	205944723	205944724	1.0	rs77794233	37	C	T	1	-2.566224873450905	2.159640160273075	1.0	1.8456165944389477e-06	1.0	0.001792555117348828	alt	2.159640160273075	1.8456165944389477e-06	0.001792555117348828	215
2	209141986	209141987	1.0	rs10204629	51	T	C	2	1.3049709228307405	-0.5034430911765264	0.0004901297248091805	0.9940030580093561	0.05829042798623468	1.0	ref	1.3049709228307405	0.0004901297248091805	0.05829042798623468	215
2	209411989	209411990	1.0	rs35725691	40	T	C	2	-0.6740594746129117	1.2696512895235417	0.9916728934867114	0.0006929829969693022	1.0	0.07478441508960387	alt	1.2696512895235417	0.0006929829969693022	0.07478441508960387	215
2	212451815	212451816	1.0	rs1505371	59	A	G	2	1.2708032694189364	-0.9205362647030737	0.00013162817581090135	0.9972549270488416	0.02645045498406992	1.0	ref	1.2708032694189364	0.00013162817581090135	0.02645045498406992	215
2	212451861	212451862	1.0	rs17259208	79	T	C	2	1.0006227592395947	-0.30395431655584454	0.0008602671724027405	0.9845674398364699	0.08449007038899804	1.0	ref	1.0006227592395947	0.0008602671724027405	0.08449007038899804	215
2	220365200	220365201	1.0	rs1454535	42	A	G	2	-1.2982928738254933	1.7754129526481022	0.9999366559966261	3.145972957780736e-06	1.0	0.0022703407192659485	alt	1.7754129526481022	3.145972957780736e-06	0.0022703407192659485	215
2	223230460	223230461	1.0	rs969496	46	A	T	2	1.6696868849962947	0.09389878244770548	0.0003174374371881432	0.9937818178486372	0.04457510036660011	1.0	ref	1.6696868849962947	0.0003174374371881432	0.04457510036660011	215
2	223945458	223945459	1.0	rs79763165	32	G	A	2	1.6149818878418885	0.08998952529231061	0.001021688244496103	0.9925264463228601	0.09159828068924677	1.0	ref	1.6149818878418885	0.001021688244496103	0.09159828068924677	215
2	225011838	225011839	1.0	rs10933075	74	C	A	2	-0.05578877160709935	1.6606756570721537	0.9987243201466516	5.394128746133524e-05	1.0	0.014028198291449348	alt	1.6606756570721537	5.394128746133524e-05	0.014028198291449348	215
2	233481955	233481956	1.0	rs3796090	29	T	C	1	-2.136103653549752	1.744602660994231	1.0	0.0001511628476377832	1.0	0.0271046613725902	alt	1.744602660994231	0.0001511628476377832	0.0271046613725902	215
20	1935089	1935090	1.0	rs2076555	24	A	G	2	-1.3858794849553857	1.3073025307056425	0.9851167581352716	0.00023117669001684893	1.0	0.03592485762861833	alt	1.3073025307056425	0.00023117669001684893	0.03592485762861833	215
20	49188551	49188552	1.0	rs348290	38	T	C	2	1.309824264639379	-0.8857547885534603	0.00034866702917533894	0.9948942287662196	0.04670935890848937	1.0	ref	1.309824264639379	0.00034866702917533894	0.04670935890848937	215
20	54257104	54257105	1.0	rs73137452	33	G	A	2	-1.165510225263162	1.3096019027352064	0.997234974583528	0.0003097888680745764	1.0	0.04350107539047214	alt	1.3096019027352064	0.0003097888680745764	0.04350107539047214	215
21	28436765	28436766	1.0	rs12483605	37	G	T	2	1.352588747504356	-0.5657650137703576	0.0006831007003314212	0.9921120533571481	0.07440690338656741	1.0	ref	1.352588747504356	0.0006831007003314212	0.07440690338656741	215
22	46739374	46739375	1.0	rs5769127	26	G	A	1	1.5314915252070485	-1.8938472322685205	0.00090761376649437	1.0	0.08530837458461195	1.0	ref	1.5314915252070485	0.00090761376649437	0.08530837458461195	215
3	377459	377460	1.5	rs3773377	81	A	G	2	-0.2400412656389744	1.2327085650983984	0.925577055663308	5.186441399148234e-05	0.9758119026463912	0.014028198291449348	alt	1.2327085650983984	5.186441399148234e-05	0.014028198291449348	215
3	28739478	28739479	1.0	rs6549886	43	G	A	2	1.1856083748652273	-0.8400690424781327	0.0008699106346357584	0.9904560508540087	0.08449007038899804	1.0	ref	1.1856083748652273	0.0008699106346357584	0.08449007038899804	215
3	29457107	29457108	1.0	rs12495100	37	A	C	2	1.283612900668897	-1.0299753263084257	0.0004664331705328151	0.9945283341478859	0.05662790210999959	1.0	ref	1.283612900668897	0.0004664331705328151	0.05662790210999959	215
3	29457151	29457152	1.0	rs7648007	44	C	T	2	-0.976475669184698	1.3689352647562	0.997710435443118	0.00014362099748535816	1.0	0.026998431059545958	alt	1.3689352647562	0.00014362099748535816	0.026998431059545958	215
3	30098692	30098693	1.0	rs4502544	51	C	A	2	-0.45565975765800093	1.2187027538377164	0.9893429623331664	0.0007615298489697263	1.0	0.07996063414182125	alt	1.2187027538377164	0.0007615298489697263	0.07996063414182125	215
3	58384318	58384319	1.5	rs7647184	58	C	T	1	-1.9934557185313437	2.1375725152807656	0.9998030134799097	6.843350428158358e-06	1.0	0.0037980594876278885	alt	2.1375725152807656	6.843350428158358e-06	0.0037980594876278885	215
3	67647766	67647767	1.5	rs6766403	76	G	A	2	1.6379545763739993	-0.15493105235438895	4.942297598521919e-06	0.994936888745526	0.003369263875303776	1.0	ref	1.6379545763739993	4.942297598521919e-06	0.003369263875303776	215
3	75435147	75435148	1.5	rs545337427	50	C	A	1	1.6453178572713556	-1.4511134784852788	0.0005680623016631629	0.9939099864710373	0.06620766125884164	1.0	ref	1.6453178572713556	0.0005680623016631629	0.06620766125884164	215
3	107872001	107872002	1.5	rs4479594	84	G	C	2	1.2049770373844721	-0.32036504487507184	5.9137933047425157e-05	0.9259272310094833	0.016349831276729565	0.9748583448433178	ref	1.2049770373844721	5.9137933047425157e-05	0.016349831276729565	215
3	109554150	109554151	1.5	rs1533853	37	A	G	2	-1.3035834407336617	1.4652813673378313	0.9838425956570556	0.00019547370192588454	1.0	0.03301805791226354	alt	1.4652813673378313	0.00019547370192588454	0.03301805791226354	215
3	112676993	112676994	1.5	rs12637953	57	C	T	2	1.6041765117557525	-0.6539922429536957	3.664696046112802e-05	0.99827853992997	0.011686953188558538	1.0	ref	1.6041765117557525	3.664696046112802e-05	0.011686953188558538	215
3	114093796	114093797	1.5	rs12630513	84	T	C	2	-0.21625523750827602	1.1851797192905893	0.6649786914251107	0.00015030412690331344	0.874474915139074	0.0271046613725902	alt	1.1851797192905893	0.00015030412690331344	0.0271046613725902	215
3	165406610	165406611	1.5	rs1581557	41	T	C	2	-0.9404246968998522	1.5215686849665586	0.9107973075341099	0.00040007719367713123	0.9693303076013325	0.051240655959417195	alt	1.5215686849665586	0.00040007719367713123	0.051240655959417195	215
3	175003028	175003029	1.5	rs9866726	83	A	G	2	-0.28167167411140553	1.5453136098829678	0.9395979008877957	2.863014396224997e-06	0.9829470904629081	0.0022245621858668226	alt	1.5453136098829678	2.863014396224997e-06	0.0022245621858668226	215
3	192901593	192901594	1.5	rs7643379	96	A	G	2	-0.11549854208918853	1.1383654412256916	0.598384773365932	0.00010132002724002352	0.8708754785007253	0.022709325336201427	alt	1.1383654412256916	0.00010132002724002352	0.022709325336201427	215
3	192901691	192901692	1.5	rs7621610	105	G	A	2	-0.2806266545172592	1.098728158881248	0.7078997091084924	0.00018718968757635042	0.8803642645295152	0.03256262401048304	alt	1.098728158881248	0.00018718968757635042	0.03256262401048304	215
4	34932889	34932890	1.5	rs12643784	64	A	T	1	2.0519375001306837	-1.8301179237039116	7.260265516350515e-06	0.9995891586013254	0.004009699472364536	1.0	ref	2.0519375001306837	7.260265516350515e-06	0.004009699472364536	215
4	38030168	38030169	1.5	rs6820715	66	A	T	2	-0.28693422536441887	1.2466697543977519	0.958868938432785	0.0002499112905744553	0.9902195177595348	0.03734251399545226	alt	1.2466697543977519	0.0002499112905744553	0.03734251399545226	215
4	38030305	38030306	1.5	rs10018836	54	C	T	1	-1.8847855000040452	2.0220955915676857	0.9995332196828882	2.6712318563154667e-05	1.0	0.009156825672163754	alt	2.0220955915676857	2.6712318563154667e-05	0.009156825672163754	215
4	74794735	74794736	1.0	rs6856455	28	A	C	2	1.431564673407154	-1.6443015797206584	0.00017484609251726245	1.0	0.03135124935828759	1.0	ref	1.431564673407154	0.00017484609251726245	0.03135124935828759	215
4	80307963	80307964	1.0	rs2903658	92	C	A	2	-0.45497713404102086	1.1850821835406136	0.9991076153635835	3.221220634086733e-05	1.0	0.010428701802855798	alt	1.1850821835406136	3.221220634086733e-05	0.010428701802855798	215
4	94948048	94948049	1.5	rs3775030	40	G	T	1	-1.749851460967156	1.7185437598406699	1.0	0.0006696733875879391	1.0	0.07363248426733425	alt	1.7185437598406699	0.0006696733875879391	0.07363248426733425	215
4	119454824	119454825	1.5	rs28571712	75	G	A	2	1.0954413230786413	-0.21463445683992155	0.0003434537270396813	0.8869768256810053	0.04654596730985448	0.9523459146303195	ref	1.0954413230786413	0.0003434537270396813	0.04654596730985448	215
4	143559118	143559119	1.5	rs17690441	78	C	A	2	-0.2786616892478567	1.1678673639079638	0.8924690453426913	0.0001399890613090784	0.9600116957516445	0.026747090320611618	alt	1.1678673639079638	0.0001399890613090784	0.026747090320611618	215
4	187172687	187172688	1.5	rs62345767	72	T	C	2	1.3849923741296366	-0.9473275073471269	2.686418525818648e-05	0.9971489918925479	0.009487941793459497	1.0	ref	1.3849923741296366	2.686418525818648e-05	0.009487941793459497	215
5	5126599	5126600	1.5	rs814777	50	C	T	2	1.6860251974384086	-1.3100568619117794	1.2031641403343766e-05	0.9996938309753911	0.005609151222238864	1.0	ref	1.6860251974384086	1.2031641403343766e-05	0.005609151222238864	215
5	8981227	8981228	1.5	rs61036506	91	A	G	2	-0.37540806207707633	1.4842429401380737	0.9121102945914898	2.5067450469572563e-06	0.9693303076013325	0.002086865251591916	alt	1.4842429401380737	2.5067450469572563e-06	0.002086865251591916	215
5	24854554	24854555	1.5	rs34587881	99	C	A	2	0.9377566834197105	-0.20331705852507662	0.000863843338869959	0.6074931740867159	0.08449007038899804	0.8807087233100583	ref	0.9377566834197105	0.000863843338869959	0.08449007038899804	215
5	64497591	64497592	1.5	rs78446139	82	G	A	2	1.1982030322714996	-0.4252115397543598	0.0003798970137170502	0.9759994548995866	0.04889313449950742	0.9979686943418281	ref	1.1982030322714996	0.0003798970137170502	0.04889313449950742	215
5	82421242	82421243	1.5	rs224940	76	C	T	2	1.0059735618897394	-0.24081350855318837	0.0008157787858528806	0.8245785398467205	0.08196467025099417	0.9227952741285991	ref	1.0059735618897394	0.0008157787858528806	0.08196467025099417	215
5	166014455	166014456	1.5	rs17460320	87	C	A	2	1.636575215319088	-1.1145828958943862	2.3282040254644686e-07	0.9998794184947475	0.00038764597023983405	1.0	ref	1.636575215319088	2.3282040254644686e-07	0.00038764597023983405	215
5	168390771	168390772	1.5	rs11738934	66	G	A	2	1.7544755819064104	-1.004885059943023	1.3743437457536305e-06	0.9998398707860083	0.001452859252281846	1.0	ref	1.7544755819064104	1.3743437457536305e-06	0.001452859252281846	215
5	176436885	176436886	1.5	rs11743481	43	G	A	2	-0.9843384501617629	1.2339028296738541	0.9923357552052823	0.0009120420673248531	1.0	0.09143603200079163	alt	1.2339028296738541	0.0009120420673248531	0.09143603200079163	215
6	5112512	5112513	1.5	rs394252	107	T	C	2	-0.07265396166445738	0.9371548245658414	0.3780468511824569	0.0004273369857202908	0.8522519329025969	0.0529852400911701	alt	0.9371548245658414	0.0004273369857202908	0.0529852400911701	215
6	23421140	23421141	1.5	rs2022326	54	C	G	2	1.4387333738962613	-1.011595690979174	5.542690035904349e-05	0.9977437341398372	0.015756110333771996	1.0	ref	1.4387333738962613	5.542690035904349e-05	0.015756110333771996	215
6	25175556	25175557	1.5	rs4346843	69	A	C	2	-0.41018551005024284	1.189594331800774	0.9733759488155763	0.0004445932693215648	0.9959350964310019	0.05427522146226622	alt	1.189594331800774	0.0004445932693215648	0.05427522146226622	215
6	45587413	45587414	1.0	rs35454036	52	C	T	2	-1.6701396538767037	1.72239506689775	0.9999657398669802	1.625841026758438e-06	1.0	0.001792555117348828	alt	1.72239506689775	1.625841026758438e-06	0.001792555117348828	215
6	47198446	47198447	1.0	rs6931360	25	C	T	2	1.1832297045185682	-1.1922547219190025	0.0008132119285173948	0.9665854862530997	0.08196467025099417	0.9933474863133653	ref	1.1832297045185682	0.0008132119285173948	0.08196467025099417	215
6	51505602	51505603	1.0	rs6902943	50	C	A	2	-0.6272730316353928	1.2959711939317338	0.9957232632220707	0.00025493565147792404	1.0	0.03761107617690133	alt	1.2959711939317338	0.00025493565147792404	0.03761107617690133	215
6	51644632	51644633	1.0	rs2661504	46	C	A	2	1.898815916916671	-1.5466070255587452	6.84663735851539e-07	0.9999846582685954	0.0007979755841349687	1.0	ref	1.898815916916671	6.84663735851539e-07	0.0007979755841349687	215
6	63493669	63493670	1.0	rs1612517	37	T	C	2	-1.1432495163999103	1.3411857680763095	0.9970733639940363	0.00024493722511987736	1.0	0.037074589074963256	alt	1.3411857680763095	0.00024493722511987736	0.037074589074963256	215
6	79537370	79537371	1.0	rs370115829	47	C	G	2	1.2683210272018608	-0.6175666000737934	0.00040523638809025634	0.9930982443254355	0.051337283730347155	1.0	ref	1.2683210272018608	0.00040523638809025634	0.051337283730347155	215
6	79656427	79656428	1.0	rs2746313	40	T	C	1	-1.8881529683382672	1.8926442958359697	0.999478633914334	4.582233882968916e-05	1.0	0.013693829719487877	alt	1.8926442958359697	4.582233882968916e-05	0.013693829719487877	215
6	83265552	83265553	1.0	rs1180182	61	A	G	2	1.2943348044816132	-0.252602150453821	0.0003647636381656155	0.9928886565535822	0.047880708556084235	1.0	ref	1.2943348044816132	0.0003647636381656155	0.047880708556084235	215
6	89080481	89080482	1.0	rs2231265	53	A	G	2	2.08642757044591	-0.6543282589864876	4.1418224476589027e-07	0.9999866888922376	0.0006034117578433064	1.0	ref	2.08642757044591	4.1418224476589027e-07	0.0006034117578433064	215
6	90087629	90087630	1.0	rs4707597	33	A	G	2	1.3340247933767335	-1.0544649288178574	0.0003656270323030027	0.9965401134317611	0.047880708556084235	1.0	ref	1.3340247933767335	0.0003656270323030027	0.047880708556084235	215
6	90791207	90791208	1.0	rs16883515	30	A	G	1	-1.873069247715958	1.670397808899362	0.9985278923926071	0.0003402084326806828	1.0	0.045058287305606334	alt	1.670397808899362	0.0003402084326806828	0.045058287305606334	215
6	91276509	91276510	1.0	rs9345123	33	G	C	2	-0.6805812101990378	1.3540893904877258	0.877269527697746	0.00033933342202188563	0.952236864982957	0.045058287305606334	alt	1.3540893904877258	0.00033933342202188563	0.045058287305606334	215
6	91697243	91697244	1.0	rs482426	84	T	C	2	1.1071641847398697	-0.24153535591226166	0.00026285621184715696	0.9940944579781515	0.039044879355122894	1.0	ref	1.1071641847398697	0.00026285621184715696	0.039044879355122894	215
6	116251664	116251665	1.0	rs1204833	23	A	G	2	1.2323489499033162	-1.5982793646266282	0.00043069981388274586	1.0	0.053976412159176375	1.0	ref	1.2323489499033162	0.00043069981388274586	0.053976412159176375	215
6	117168172	117168173	1.0	rs10484309	42	C	A	2	1.5731524254250804	-1.3898315973154416	1.5879544187698405e-05	0.9996443305514353	0.006854669907689812	1.0	ref	1.5731524254250804	1.5879544187698405e-05	0.006854669907689812	215
6	124958970	124958971	1.0	rs4896616	34	A	T	2	-1.410914980780994	1.522386830409944	0.9994847803066833	3.312904107853909e-05	1.0	0.010435647939739813	alt	1.522386830409944	3.312904107853909e-05	0.010435647939739813	215
6	130601039	130601040	1.0	rs2225945	86	C	G	2	1.3013603509033134	-0.5479059374433957	1.083448152378911e-05	0.9996418857523929	0.005261495089990087	1.0	ref	1.3013603509033134	1.083448152378911e-05	0.005261495089990087	215
6	131124501	131124502	1.0	rs62422415	40	G	A	2	1.5769670350118135	-0.4164136760351681	0.0001163927341589851	0.9978168699724407	0.024957343065118757	1.0	ref	1.5769670350118135	0.0001163927341589851	0.024957343065118757	215
6	158068830	158068831	1.5	rs736741	55	C	T	1	-2.1945963233485286	2.2330674745384065	1.0	3.7918290643394394e-06	1.0	0.002455209319159787	alt	2.2330674745384065	3.7918290643394394e-06	0.002455209319159787	215
6	160387115	160387116	1.5	rs420038	85	C	T	2	1.2584874530068202	-0.33972301090250845	0.000837505590467325	0.8597526379526136	0.08342844151193737	0.9395870292246001	ref	1.2584874530068202	0.000837505590467325	0.08342844151193737	215
7	7321891	7321892	1.5	rs1882600	66	G	T	2	1.1557434923415688	-0.3026150956678541	0.0007449096398324425	0.9387767812680302	0.07892656229315562	0.981119385372928	ref	1.1557434923415688	0.0007449096398324425	0.07892656229315562	215
7	11319793	11319794	1.5	rs10234792	70	A	C	2	1.2837769189462591	-0.3617611944959551	0.00012560581456711354	0.9627992910030788	0.025740049060453022	0.9920380662800407	ref	1.2837769189462591	0.00012560581456711354	0.025740049060453022	215
7	11540344	11540345	1.5	rs12699205	84	C	G	2	0.9788751358034328	-0.11724271050260193	0.0006439938019804739	0.4727456426082662	0.0714833120198326	0.8752402495916274	ref	0.9788751358034328	0.0006439938019804739	0.0714833120198326	215
7	11540351	11540352	1.5	rs12699206	104	A	C	2	0.9445666717835248	-0.03807614509530448	0.0003283908995045705	0.3709350930320792	0.045028187455597286	0.8752402495916274	ref	0.9445666717835248	0.0003283908995045705	0.045028187455597286	215
7	36507008	36507009	1.5	rs4723533	54	T	C	2	1.2931609578451368	-0.9441297784468525	0.00022394617910494023	0.9936194538191301	0.03664940107507253	1.0	ref	1.2931609578451368	0.00022394617910494023	0.03664940107507253	215
7	38368303	38368304	1.5	rs78584739	41	G	T	2	1.3953416269536967	-1.187175305883124	0.00027300555890291255	0.9978468598641773	0.039044879355122894	1.0	ref	1.3953416269536967	0.00027300555890291255	0.039044879355122894	215
7	38368304	38368305	1.5	rs78468184	41	C	T	2	1.3953416269536967	-1.187175305883124	0.00027300555890291255	0.9978468598641773	0.039044879355122894	1.0	ref	1.3953416269536967	0.00027300555890291255	0.039044879355122894	215
7	50534928	50534929	1.5	rs11763051	49	T	C	2	1.5691020146755656	-0.5218190739817813	0.00023064290161448701	0.9958355325604101	0.03664940107507253	1.0	ref	1.5691020146755656	0.00023064290161448701	0.03664940107507253	215
7	65438848	65438849	1.5	rs17783986	47	G	A	2	1.4650393235262804	-1.3762571140957278	0.00012588440981946137	0.990642628744602	0.025740049060453022	1.0	ref	1.4650393235262804	0.00012588440981946137	0.025740049060453022	215
7	84589220	84589221	1.5	rs882625	86	G	A	2	-0.12278965596067229	1.0253956371792328	0.4993521164942806	0.000459628299020483	0.8562310733164957	0.0552264724235436	alt	1.0253956371792328	0.000459628299020483	0.0552264724235436	215
7	90158189	90158190	1.5	rs17862110	100	G	A	2	1.3950310182899885	-0.22954296956233544	5.203496332515484e-06	0.9785388899736328	0.003369263875303776	0.999787201204573	ref	1.3950310182899885	5.203496332515484e-06	0.003369263875303776	215
7	116177132	116177133	1.5	rs4082046	93	C	G	2	1.3392325116325723	-0.3197244318969752	1.5777156662649577e-05	0.9695624903468621	0.006854669907689812	0.9944777633541035	ref	1.3392325116325723	1.5777156662649577e-05	0.006854669907689812	215
7	116930683	116930684	1.5	rs12532926	73	C	G	2	-0.30157978521190465	1.230844965053709	0.7644198260683535	0.0001946784453225241	0.898646612923098	0.03301805791226354	alt	1.230844965053709	0.0001946784453225241	0.03301805791226354	215
7	124153400	124153401	1.5	rs1541475	118	A	G	2	1.5393898328608777	-0.4441743413922009	1.4683720293027881e-07	0.9500009402201502	0.00034227752003047993	0.9863773059269985	ref	1.5393898328608777	1.4683720293027881e-07	0.00034227752003047993	215
7	135188602	135188603	1.5	rs292564	56	G	A	2	1.4749779035346269	-1.106278707726403	9.504322772100127e-05	0.9982562991868374	0.021720172923299405	1.0	ref	1.4749779035346269	9.504322772100127e-05	0.021720172923299405	215
7	139483813	139483814	1.5	rs80317718	56	A	C	2	-0.887404421426746	1.277198430952729	0.9943854498382104	0.0002276414815642181	1.0	0.03592485762861833	alt	1.277198430952729	0.0002276414815642181	0.03592485762861833	215
8	9088880	9088881	1.5	rs7825188	63	G	A	2	-0.37768982371328164	1.2220672458597268	0.9528075537840581	0.0002634002426367402	0.9886629146100567	0.03837412284914009	alt	1.2220672458597268	0.0002634002426367402	0.03837412284914009	215
8	12601480	12601481	1.5	rs2518989	78	C	A	1	1.756618552120102	-1.403708358312124	1.9020546273721944e-05	0.9984289128536972	0.007917302386436759	1.0	ref	1.756618552120102	1.9020546273721944e-05	0.007917302386436759	215
8	56994014	56994015	1.5	rs28362578	147	T	A	2	-0.010234219062041673	0.9472125220470288	0.6285039392401872	0.0007845523798652624	0.8739558833153773	0.08164248202972887	alt	0.9472125220470288	0.0007845523798652624	0.08164248202972887	215
8	95773109	95773110	1.5	rs3102534	95	C	T	2	1.3169395671441768	-0.12276576453182038	2.2799876589456895e-05	0.7665072357770442	0.00857201811774581	0.8954534932240366	ref	1.3169395671441768	2.2799876589456895e-05	0.00857201811774581	215
8	104686685	104686686	1.5	rs6985113	76	G	A	2	-0.23726196519189047	1.0204926753327324	0.8240442039219102	0.0009650030063074165	0.9233826695351792	0.09295132263233834	alt	1.0204926753327324	0.0009650030063074165	0.09295132263233834	215
8	136556008	136556009	1.5	rs305256	67	T	C	2	-0.8442057844978696	1.18221242027569	0.9884290733345742	0.00027303624158014244	1.0	0.039286881427364945	alt	1.18221242027569	0.00027303624158014244	0.039286881427364945	215
9	6845999	6846000	3.0	rs112947297	67	A	G	1	-1.434556500264653	1.7946190322886375	0.9978867328652083	0.0010472445004991926	1.0	0.09923280205949667	alt	1.7946190322886375	0.0010472445004991926	0.09923280205949667	215
9	10613048	10613049	1.5	rs113459207	128	C	T	2	0.006184982604332423	0.9771445513903443	0.3286455885969025	0.00012190403145944969	0.8522519329025969	0.02492616643262958	alt	0.9771445513903443	0.00012190403145944969	0.02492616643262958	215
9	10613099	10613100	1.5	rs571187795	86	G	T	2	1.1322957963372526	-0.19276545316109447	0.00019202596153340424	0.636226900220306	0.03391003911623979	0.8807087233100583	ref	1.1322957963372526	0.00019202596153340424	0.03391003911623979	215
9	16671730	16671731	1.0	rs13285378	43	C	T	2	1.1342139053205818	-0.882443455581905	0.0009687311956045296	0.9870624618780124	0.08752373709124645	1.0	ref	1.1342139053205818	0.0009687311956045296	0.08752373709124645	215
9	25917859	25917860	1.0	rs1219939	29	C	T	2	-0.3954103457964282	1.3941403386429578	0.9953818965149531	0.0007424216283979687	1.0	0.07866294617253022	alt	1.3941403386429578	0.0007424216283979687	0.07866294617253022	215
9	26261747	26261748	1.0	rs375803	35	C	T	2	1.1964828095791153	-1.1268313096924496	0.0009480615885057513	0.9933678561978025	0.08752373709124645	1.0	ref	1.1964828095791153	0.0009480615885057513	0.08752373709124645	215
9	27124432	27124433	1.0	rs62542751	30	G	A	2	-0.7504283959957104	1.2975690337455519	0.9944694134460922	0.0010426433934829118	1.0	0.09923280205949667	alt	1.2975690337455519	0.0010426433934829118	0.09923280205949667	215
9	32344659	32344660	1.0	rs116981681	28	A	C	2	1.3044045865642344	-1.6976248545533528	0.0004894875297533575	0.9961734684858308	0.05829042798623468	1.0	ref	1.3044045865642344	0.0004894875297533575	0.05829042798623468	215
9	33211858	33211859	1.0	rs10971445	44	T	C	2	1.5146193992678452	-0.5019605135720321	0.00011777381969811511	0.998536515992889	0.024957343065118757	1.0	ref	1.5146193992678452	0.00011777381969811511	0.024957343065118757	215
9	63817527	63817528	1.5	rs369890155	49	C	G	2	1.5036542480416906	-1.2761878532559912	4.347432412832191e-05	0.9989024981818518	0.012992134556810048	1.0	ref	1.5036542480416906	4.347432412832191e-05	0.012992134556810048	215
9	73220552	73220553	1.5	rs62538840	59	T	A	2	1.6740358584849377	-0.9983760096243569	7.3628713264990504e-06	0.9996631262760791	0.004009699472364536	1.0	ref	1.6740358584849377	7.3628713264990504e-06	0.004009699472364536	215
9	116837210	116837211	1.5	rs943310	85	T	C	2	1.0347144674317237	-0.1456258092935766	0.00044699051027354887	0.5324500854034009	0.05483867786566538	0.8799673993643309	ref	1.0347144674317237	0.00044699051027354887	0.05483867786566538	215
9	118563945	118563946	1.5	rs4294251	69	G	A	2	-0.28670838819347755	1.1237053284383622	0.8955755133416512	0.00044705459119498555	0.961331613766411	0.05427522146226622	alt	1.1237053284383622	0.00044705459119498555	0.05427522146226622	215
