#chr	start	end	mean_bad	id	max_cover	ref	alt	n_reps	ref_comb_es	alt_comb_es	ref_comb_pval	alt_comb_pval	ref_fdr_comb_pval	alt_fdr_comb_pval	pref_allele	comb_es	comb_pval	fdr_comb_pval	4507
chr1	210295158	210295159	2.0	rs656753	75	A	G	1	1.6683857705902891	-1.3999698330980133	0.0002634122363789639	0.9992098016776884	0.057757523030027486	1.0	ref	1.6683857705902891	0.0002634122363789639	0.057757523030027486	4507
chr12	82794145	82794146	1.0	rs4491313	78	A	G	1	1.475487935056262	-1.2275024733731081	6.0344305670404885e-05	0.9990786101619181	0.03510259424842438	1.0	ref	1.475487935056262	6.0344305670404885e-05	0.03510259424842438	4507
chr12	104668416	104668417	1.0	rs835489	94	A	G	1	1.209595689108797	-0.980535755531962	0.00022708737892362422	0.997287257819912	0.054598277769738406	1.0	ref	1.209595689108797	0.00022708737892362422	0.054598277769738406	4507
chr15	91357070	91357071	2.0	rs7177152	69	A	G	1	2.193340986110516	-1.999765223423911	1.0124620865675745e-05	0.9999680232921867	0.02970607881645796	1.0	ref	2.193340986110516	1.0124620865675745e-05	0.02970607881645796	4507
chr18	58064744	58064745	1.0	rs12963185	159	C	A	1	0.9639205362631165	-0.7943413374654611	0.00011739998076396113	0.9985536483222045	0.03510259424842438	1.0	ref	0.9639205362631165	0.00011739998076396113	0.03510259424842438	4507
chr18	62187284	62187285	1.0	rs111625064	41	G	T	1	-1.518970380870757	1.651406191044133	0.99699730605902	0.00037677060312171285	1.0	0.07289403021572433	alt	1.651406191044133	0.00037677060312171285	0.07289403021572433	4507
chr18	77114887	77114888	1.0	rs1667920	115	A	C	1	1.1782101201676163	-0.9695680680703687	7.682557368162365e-05	0.9988462477495299	0.03510259424842438	1.0	ref	1.1782101201676163	7.682557368162365e-05	0.03510259424842438	4507
chr18	77207866	77207867	1.0	rs147261052	52	C	T	1	-1.7980340053398605	1.9585677556396304	0.9998265896606512	1.0609553298620218e-05	1.0	0.005008319924281962	alt	1.9585677556396304	1.0609553298620218e-05	0.005008319924281962	4507
chr19	2900828	2900829	1.0	rs35520749	40	G	C	1	-1.468476216003841	1.604100476265777	0.9957723282710941	0.0005733110174290556	1.0	0.09509330886635554	alt	1.604100476265777	0.0005733110174290556	0.09509330886635554	4507
chr19	10227736	10227737	1.0	rs62128726	50	C	G	1	-1.4067523805535402	1.6252112785405743	0.9977138786873454	0.0002496932565562409	1.0	0.06317239390872895	alt	1.6252112785405743	0.0002496932565562409	0.06317239390872895	4507
chr2	41722939	41722940	2.0	rs77461234	61	C	T	1	-1.4202873918486096	1.7073430655387751	0.998266258141129	0.0005782505859918245	1.0	0.09509330886635554	alt	1.7073430655387751	0.0005782505859918245	0.09509330886635554	4507
chr2	41736240	41736241	2.0	rs736353	63	T	C	1	-2.4233902940554084	2.450108484024256	1.0	1.8502373156982984e-06	1.0	0.0020284768437772347	alt	2.450108484024256	1.8502373156982984e-06	0.0020284768437772347	4507
chr2	47086351	47086352	2.0	rs4535091	61	T	C	1	-1.6185855265914748	1.8725135989013006	0.9994192160532069	0.00020289491759100097	1.0	0.05561011532973351	alt	1.8725135989013006	0.00020289491759100097	0.05561011532973351	4507
chr2	47086411	47086412	2.0	rs4355166	50	A	T	1	-1.7580475021989699	1.8985416920115092	0.9994185343476966	0.0003376573134798608	1.0	0.06940968150220389	alt	1.8985416920115092	0.0003376573134798608	0.06940968150220389	4507
chr2	57444084	57444085	2.0	rs368524148	99	C	T	1	1.60949922948363	-1.355904799657318	6.615240253087496e-05	0.9997955644241124	0.03510259424842438	1.0	ref	1.60949922948363	6.615240253087496e-05	0.03510259424842438	4507
chr2	57444406	57444407	2.0	rs13389938	60	G	T	1	1.9670651302869047	-1.774140990790491	0.00011213036017236956	0.9997059631169942	0.03510259424842438	1.0	ref	1.9670651302869047	0.00011213036017236956	0.03510259424842438	4507
chr2	57444438	57444439	2.0	rs13390017	51	G	T	1	2.09597166145874	-2.0368594652774106	7.791246204954548e-05	1.0	0.03510259424842438	1.0	ref	2.09597166145874	7.791246204954548e-05	0.03510259424842438	4507
chr2	196068463	196068464	2.0	rs13028754	72	T	C	1	2.083680535363628	-1.8594014503457617	1.806389712159195e-05	0.9999446645174135	0.02970607881645796	1.0	ref	2.083680535363628	1.806389712159195e-05	0.02970607881645796	4507
chr2	197628112	197628113	2.0	rs6728904	83	C	T	1	1.697538167518088	-1.4335143360958886	0.00011719458159849072	0.9996527351481757	0.03510259424842438	1.0	ref	1.697538167518088	0.00011719458159849072	0.03510259424842438	4507
chr2	225354603	225354604	2.0	rs4347829	82	T	C	1	-1.75071639703962	2.03668075614672	0.9999658317437263	1.0659239729393049e-05	1.0	0.005008319924281962	alt	2.03668075614672	1.0659239729393049e-05	0.005008319924281962	4507
chr21	34559277	34559278	2.0	rs8131097	77	G	A	1	1.570158861041861	-1.2940242002176428	0.0004351191466405891	0.9986394079819867	0.08944417958130609	1.0	ref	1.570158861041861	0.0004351191466405891	0.08944417958130609	4507
chr21	34559339	34559340	2.0	rs8126847	80	T	C	1	1.7769102273684583	-1.51166276645655	8.459271597351768e-05	0.9997398307948452	0.03510259424842438	1.0	ref	1.7769102273684583	8.459271597351768e-05	0.03510259424842438	4507
chr3	187252362	187252363	2.0	rs698093	48	C	A	1	1.9986744601254065	-1.9404941721441982	0.0001839656891188343	1.0	0.050421929292653836	1.0	ref	1.9986744601254065	0.0001839656891188343	0.050421929292653836	4507
chr3	190386510	190386511	2.0	rs78055904	99	T	C	1	-1.5178441848675326	1.7892900963516167	0.9999561551036052	1.6035878819655673e-05	1.0	0.005860222826427501	alt	1.7892900963516167	1.6035878819655673e-05	0.005860222826427501	4507
chr3	190386586	190386587	2.0	rs62278697	101	C	T	1	1.5324544168513041	-1.2798536827680218	0.0001060591373950556	0.9996667183088024	0.03510259424842438	1.0	ref	1.5324544168513041	0.0001060591373950556	0.03510259424842438	4507
chr6	18585116	18585117	2.0	rs9477792	61	T	C	1	-2.3687752610879778	2.3994824109542896	1.0	3.4091388229774516e-06	1.0	0.0028031643971932097	alt	2.3994824109542896	3.4091388229774516e-06	0.0028031643971932097	4507
chr7	108526394	108526395	1.5	rs42200	242	T	C	1	0.8545397835262349	0.23277944272323037	0.0002324037363260376	0.13059241258746526	0.054598277769738406	0.8472852640143438	ref	0.8545397835262349	0.0002324037363260376	0.054598277769738406	4507
chr7	121480180	121480181	1.5	rs11974016	87	C	T	1	-0.5227003938812169	1.5842144057983294	0.9025426586182107	7.765998649432322e-05	0.9803377820988425	0.02554236955798291	alt	1.5842144057983294	7.765998649432322e-05	0.02554236955798291	4507
chr7	131057306	131057307	1.5	rs7803075	100	A	G	1	-0.23387012974763355	1.3363472280040156	0.7280400096975826	0.0002724818366338097	0.9083156004562534	0.0640137686206143	alt	1.3363472280040156	0.0002724818366338097	0.0640137686206143	4507
chr7	135261217	135261218	1.5	rs12234244	220	T	C	1	0.1012240452690758	1.0902812299324998	0.33690814966684807	1.3420005646937533e-05	0.8762871582388008	0.005517299821597193	alt	1.0902812299324998	1.3420005646937533e-05	0.005517299821597193	4507
chr7	135261246	135261247	1.5	rs1646885	292	C	T	1	0.12599868688885696	1.131323480427918	0.2760443934312324	3.147320854881321e-07	0.8762871582388008	0.0005175769145852332	alt	1.131323480427918	3.147320854881321e-07	0.0005175769145852332	4507
chr7	135261247	135261248	1.5	rs1618426	292	T	G	1	0.12599868688885696	1.131323480427918	0.2760443934312324	3.147320854881321e-07	0.8762871582388008	0.0005175769145852332	alt	1.131323480427918	3.147320854881321e-07	0.0005175769145852332	4507
chr7	135261426	135261427	1.5	rs292639	260	T	C	1	0.18724477690194874	1.0426727626928338	0.19790745647297558	6.586876399566937e-06	0.8762871582388008	0.004332847295635132	alt	1.0426727626928338	6.586876399566937e-06	0.004332847295635132	4507
chr7	139340683	139340684	1.5	rs12056045	233	C	G	1	0.15377636476843737	0.8263414425176538	0.18491229113606558	0.000479210976391445	0.8762871582388008	0.08756249451952569	alt	0.8263414425176538	0.000479210976391445	0.08756249451952569	4507
chr7	149882858	149882859	1.5	rs10247524	227	G	C	1	0.23792857333845063	0.8731046885526483	0.1278982390151169	0.00029216430164061556	0.8762871582388008	0.06406189253973231	alt	0.8731046885526483	0.00029216430164061556	0.06406189253973231	4507
chr7	155666134	155666135	1.5	rs61492074	82	A	G	1	-0.5115192098753756	1.5485774300722284	0.8901760218421967	0.00015340824562748193	0.9769065518314931	0.045869065442617096	alt	1.5485774300722284	0.00015340824562748193	0.045869065442617096	4507
