#chr	start	end	mean_bad	id	max_cover	ref	alt	n_reps	ref_comb_es	alt_comb_es	ref_comb_pval	alt_comb_pval	ref_fdr_comb_pval	alt_fdr_comb_pval	pref_allele	comb_es	comb_pval	fdr_comb_pval	641
10	75062501	75062502	1.33333	rs11001271	241	G	A	1	-2.1463354752595833	2.296840581217685	0.9999999837237974	1.4060291694388364e-05	1.0	0.04236488860198962	alt	2.296840581217685	1.4060291694388364e-05	0.04236488860198962	641
10	77944635	77944636	1.0	rs1366047	54	C	T	1	2.6389406037942997	-2.876542889005453	9.304479701133241e-06	0.9999992598676775	0.07799719770036681	1.0	ref	2.6389406037942997	9.304479701133241e-06	0.07799719770036681	641
10	92747854	92747855	1.0	rs2488066	56	A	G	1	-2.303022274122114	2.3423171463681296	0.9999836378985022	2.3192759675384177e-05	1.0	0.04236488860198962	alt	2.3423171463681296	2.3192759675384177e-05	0.04236488860198962	641
11	126102890	126102891	1.0	rs17538345	64	G	A	1	-1.8946520715536441	2.080593132203826	0.9999125442402738	5.915062734147133e-05	1.0	0.0812926788429621	alt	2.080593132203826	5.915062734147133e-05	0.0812926788429621	641
12	131093277	131093278	1.0	rs1725831	66	A	G	1	-1.8142652470941356	2.019966119551172	0.9998707820762718	7.624757055911726e-05	1.0	0.09927433686797067	alt	2.019966119551172	7.624757055911726e-05	0.09927433686797067	641
17	6781136	6781137	1.0	rs4131933	166	A	G	1	-1.4358680057207662	1.5976313492153489	0.9999975756466395	2.3532118829939155e-05	1.0	0.04236488860198962	alt	1.5976313492153489	2.3532118829939155e-05	0.04236488860198962	641
18	3279357	3279358	1.0	rs7240989	85	A	G	1	-1.7262246071353031	1.9601287810435588	0.9999629413798252	4.4084248903205474e-05	1.0	0.06815975933546856	alt	1.9601287810435588	4.4084248903205474e-05	0.06815975933546856	641
18	79683092	79683093	1.0	rs3859317	127	A	C	1	-1.839028463114512	2.0499643611890344	0.9999998423731723	3.6081992792226113e-06	1.0	0.022742930915107276	alt	2.0499643611890344	3.6081992792226113e-06	0.022742930915107276	641
2	96740233	96740234	1.33333	rs533681239	158	C	A	1	-2.1744636137640914	2.2900603348575492	0.9999979055792786	5.2399852787232585e-05	1.0	0.07625103283826822	alt	2.2900603348575492	5.2399852787232585e-05	0.07625103283826822	641
2	113759407	113759408	1.0	rs12711786	58	C	T	1	-2.787736867637132	2.656588548046187	0.9999995952052297	3.677408184187449e-06	1.0	0.022742930915107276	alt	2.656588548046187	3.677408184187449e-06	0.022742930915107276	641
20	18611725	18611726	1.5	rs6081243	128	C	G	1	-2.4955825368491027	2.721714114740566	0.999895227599007	1.5730860907484218e-05	1.0	0.04236488860198962	alt	2.721714114740566	1.5730860907484218e-05	0.04236488860198962	641
20	43950410	43950411	1.0	rs4812772	137	T	C	1	1.8757246377136303	-1.6985442797585817	6.341242010991186e-06	0.9999992498814786	0.07799719770036681	1.0	ref	1.8757246377136303	6.341242010991186e-06	0.07799719770036681	641
21	32393250	32393251	1.0	rs11702306	62	C	T	1	-2.2996920742643776	2.3906537223408333	0.9999934534716919	1.1410690738113823e-05	1.0	0.04236488860198962	alt	2.3906537223408333	1.1410690738113823e-05	0.04236488860198962	641
21	36212299	36212300	1.0	rs2239569	56	A	C	1	2.5694133804296273	-2.6854133590073315	1.2611722483687738e-05	0.999997998627442	0.07799719770036681	1.0	ref	2.5694133804296273	1.2611722483687738e-05	0.07799719770036681	641
3	140716279	140716280	1.5	rs72977098	154	T	C	1	2.723254713583893	-2.4616392538542575	1.0948840160560232e-05	0.9997507136778581	0.07799719770036681	1.0	ref	2.723254713583893	1.0948840160560232e-05	0.07799719770036681	641
4	2323137	2323138	1.0	rs654207	43	C	T	1	-2.8359736633841695	2.3887267259196228	1.0	2.397560192529124e-05	1.0	0.04236488860198962	alt	2.3887267259196228	2.397560192529124e-05	0.04236488860198962	641
4	2801149	2801150	1.0	rs444521	151	G	C	1	-1.527692817469318	1.7078715132713542	0.999998363454296	1.886177299798366e-05	1.0	0.04236488860198962	alt	1.7078715132713542	1.886177299798366e-05	0.04236488860198962	641
6	47656378	47656379	1.5	rs1485782	129	C	T	1	-2.4175800248478296	2.657728400566169	0.9998476150562717	1.4638535004886592e-05	1.0	0.04236488860198962	alt	2.657728400566169	1.4638535004886592e-05	0.04236488860198962	641
6	47656392	47656393	1.5	rs1485783	119	G	A	1	-2.3706232697384877	2.5985658839677006	0.9997448347218356	3.400077594790303e-05	1.0	0.056074079693281674	alt	2.5985658839677006	3.400077594790303e-05	0.056074079693281674	641
7	157855986	157855987	1.0	rs10272713	67	A	G	1	-2.616735723047425	2.645709289818064	0.9999997679203225	1.9594869957052726e-06	1.0	0.022742930915107276	alt	2.645709289818064	1.9594869957052726e-06	0.022742930915107276	641
9	129000100	129000101	1.0	rs12554574	58	T	C	1	-2.363480197239176	2.4024381388057003	0.9999924412560588	1.45496198951383e-05	1.0	0.04236488860198962	alt	2.4024381388057003	1.45496198951383e-05	0.04236488860198962	641
9	131781167	131781168	1.0	rs2987430	50	T	G	1	-2.5311506360172653	2.4104279607767896	0.9999903906544426	2.2568479646029134e-05	1.0	0.04236488860198962	alt	2.4104279607767896	2.2568479646029134e-05	0.04236488860198962	641
