#chr	start	end	mean_bad	id	max_cover	ref	alt	n_reps	ref_comb_es	alt_comb_es	ref_comb_pval	alt_comb_pval	ref_fdr_comb_pval	alt_fdr_comb_pval	pref_allele	comb_es	comb_pval	fdr_comb_pval	669
chr1	16613698	16613699	1.5	rs1762929	63	G	A	1	-1.8776461729942464	2.0787327665042454	0.9997263179673896	6.694185472957766e-06	1.0	0.004028412057948807	alt	2.0787327665042454	6.694185472957766e-06	0.004028412057948807	669
chr1	74811741	74811742	1.5	rs12120636	71	G	A	2	1.1201610935244846	-0.5190948067037067	0.00026097673342537567	0.969515313951237	0.04462177482009614	0.994491832465721	ref	1.1201610935244846	0.00026097673342537567	0.04462177482009614	669
chr1	75786263	75786264	1.5	rs141344826	42	T	A	2	-1.0330117447861369	1.5770707679124443	0.954093932184055	7.501758161208193e-05	0.9882848196343968	0.022571956778390873	alt	1.5770707679124443	7.501758161208193e-05	0.022571956778390873	669
chr1	147242630	147242631	2.0	rs1890041	64	G	C	2	0.5765844540456442	2.166183853681443	0.9968446549628686	0.0005531639746413436	1.0	0.0599988922031226	alt	2.166183853681443	0.0005531639746413436	0.0599988922031226	669
chr1	156212918	156212919	3.0	rs2241107	89	T	C	2	0.8859064759167781	-0.66596189819133	0.0004383692303465958	0.9842711616426217	0.05521413375714332	1.0	ref	0.8859064759167781	0.0004383692303465958	0.05521413375714332	669
chr1	156892494	156892495	3.0	rs4661070	96	G	C	2	1.2244099118059237	-0.9770266928411773	0.0002557163250217544	0.9994633654541928	0.04462177482009614	1.0	ref	1.2244099118059237	0.0002557163250217544	0.04462177482009614	669
chr10	58269087	58269088	1.5	rs35093457	99	C	T	2	0.9750439075994415	-0.2872817626195533	0.001192398627982332	0.7286987922898789	0.09835077535046191	0.8979824025123968	ref	0.9750439075994415	0.001192398627982332	0.09835077535046191	669
chr10	58269174	58269175	1.5	rs2790171	94	C	T	2	1.109271805667541	-0.10492445217841584	8.952864722485082e-05	0.5507400417823256	0.022040325153172367	0.8687005924789329	ref	1.109271805667541	8.952864722485082e-05	0.022040325153172367	669
chr10	58385123	58385124	1.5	rs2279340	63	C	T	2	-0.3981745944433879	1.561307236154858	0.7761457109217399	2.9621039481370003e-05	0.9116348090142932	0.010026721864443745	alt	1.561307236154858	2.9621039481370003e-05	0.010026721864443745	669
chr10	87504773	87504774	1.5	rs2233165	47	A	G	2	-0.36798049562179624	1.7388810159725634	0.6013467894120685	0.00012977043434837912	0.8572785408484384	0.02811346689723285	alt	1.7388810159725634	0.00012977043434837912	0.02811346689723285	669
chr11	11622002	11622003	1.5	rs79203343	67	A	C	2	1.1181019597780546	-0.734919478464669	0.0008978960716074827	0.9752174588379813	0.08475234757471566	0.9978125971077307	ref	1.1181019597780546	0.0008978960716074827	0.08475234757471566	669
chr11	47408352	47408353	1.5	rs7947450	147	G	A	2	0.0020939995066490275	1.1562777235473145	0.4752083516584207	3.231379500013857e-06	0.8450250419046804	0.002500164481725007	alt	1.1562777235473145	3.231379500013857e-06	0.002500164481725007	669
chr11	66002337	66002338	1.0	rs1786171	36	G	C	2	1.4598314883380785	-0.2017174531462959	0.0007939486220721743	0.9901325224720858	0.08113256107816785	1.0	ref	1.4598314883380785	0.0007939486220721743	0.08113256107816785	669
chr11	73876889	73876890	1.0	rs78960781	58	G	A	2	-0.4230588173139844	1.1941463631216402	0.9903310012614576	0.0006278409640280806	1.0	0.06667424825835461	alt	1.1941463631216402	0.0006278409640280806	0.06667424825835461	669
chr11	95089773	95089774	1.0	rs117004200	43	G	C	2	1.6172562166005937	-1.4736625144844937	8.330344735748586e-06	0.9998015186515149	0.003759762257401195	1.0	ref	1.6172562166005937	8.330344735748586e-06	0.003759762257401195	669
chr11	95089812	95089813	1.0	rs2922091	93	T	C	2	-0.47352308221536576	1.066611401979207	0.9963194831771535	0.00016588051283811443	1.0	0.032270962469699425	alt	1.066611401979207	0.00016588051283811443	0.032270962469699425	669
chr12	991283	991284	1.0	rs10849610	26	T	C	1	1.5314915252070485	-1.8938472322685205	0.00090761376649437	1.0	0.08475234757471566	1.0	ref	1.5314915252070485	0.00090761376649437	0.08475234757471566	669
chr12	13278295	13278296	1.0	rs116161550	28	C	A	2	-1.2557453512474672	1.3679413260550208	0.9989736729419249	0.00017279503538059144	1.0	0.032270962469699425	alt	1.3679413260550208	0.00017279503538059144	0.032270962469699425	669
chr12	31959357	31959358	1.0	rs12370315	69	G	C	2	-0.2056556546177092	1.2214113639589153	0.9887387997415786	0.000681649143205036	1.0	0.07099637999227837	alt	1.2214113639589153	0.000681649143205036	0.07099637999227837	669
chr12	122836031	122836032	1.5	rs12820345	39	G	T	1	-1.7161970408926552	1.6767486092301285	1.0	0.0009252943899675191	1.0	0.08352324026773474	alt	1.6767486092301285	0.0009252943899675191	0.08352324026773474	669
chr12	122857315	122857316	1.5	rs2343109	55	G	C	1	-1.6633344001564176	1.8563409835862492	0.9984934722621734	8.876029440558032e-05	1.0	0.022891702595267762	alt	1.8563409835862492	8.876029440558032e-05	0.022891702595267762	669
chr13	60396406	60396407	1.5	rs3813902	111	T	C	2	-0.44812507385078015	1.4148571787989883	0.9243367798537413	1.3834760630402135e-05	0.974918792539019	0.00681173305220527	alt	1.4148571787989883	1.3834760630402135e-05	0.00681173305220527	669
chr13	110915158	110915159	1.5	rs117764654	110	G	A	2	1.0577760268482446	-0.19242031708246754	0.0006964028708253595	0.7312250472085828	0.07579731015049772	0.899254054423634	ref	1.0577760268482446	0.0006964028708253595	0.07579731015049772	669
chr15	34338195	34338196	1.5	rs6495661	77	G	A	2	-0.22951191138816832	1.2031118178738027	0.7044151950015645	0.00012193693675851942	0.8888754737370804	0.027517102061839212	alt	1.2031118178738027	0.00012193693675851942	0.027517102061839212	669
chr15	79923822	79923823	1.5	rs17214656	104	G	T	2	0.9566340422271951	-0.09893253004676117	0.00036699067930279114	0.43233753559124366	0.04969053797759792	0.8616971716583331	ref	0.9566340422271951	0.00036699067930279114	0.04969053797759792	669
chr15	79923833	79923834	1.5	rs34149442	109	G	T	2	1.0767611102878443	-0.2481049952762947	0.0002712177306938075	0.7288837092303695	0.04462177482009614	0.8980059529553415	ref	1.0767611102878443	0.0002712177306938075	0.04462177482009614	669
chr15	81134197	81134198	1.5	rs2683255	69	G	C	2	-0.223135335004931	1.0894216082193318	0.6337364527107441	0.0007573203536410852	0.8684948708909902	0.07457540064218394	alt	1.0894216082193318	0.0007573203536410852	0.07457540064218394	669
chr15	85380486	85380487	1.5	rs116447530	116	C	G	2	1.172945490469076	-0.08317645654966044	1.1177741090770727e-05	0.5867892156252477	0.004656818903662635	0.8771735094048816	ref	1.172945490469076	1.1177741090770727e-05	0.004656818903662635	669
chr15	99251251	99251252	1.5	rs8035911	129	A	G	2	-0.019716232670245568	0.890549825147777	0.7037633155076803	0.0004747126066431063	0.8888754737370804	0.05838930978611315	alt	0.890549825147777	0.0004747126066431063	0.05838930978611315	669
chr16	84014240	84014241	1.0	rs7201745	42	T	C	2	1.4559783450112829	-0.17573458901436123	0.0006960350421162787	0.9899313609061291	0.07579731015049772	1.0	ref	1.4559783450112829	0.0006960350421162787	0.07579731015049772	669
chr16	84014336	84014337	1.0	rs77471122	86	G	T	2	0.9954216123538364	-0.5271722622120433	0.0002801219246460984	0.9937821673632508	0.04462177482009614	1.0	ref	0.9954216123538364	0.0002801219246460984	0.04462177482009614	669
chr16	85366365	85366366	1.0	rs114523456	45	A	G	2	-0.20146802268259195	1.4451549308747864	0.9952755354318729	0.000547191793734573	1.0	0.0599988922031226	alt	1.4451549308747864	0.000547191793734573	0.0599988922031226	669
chr16	88737573	88737574	1.0	rs6500493	28	C	G	1	-1.7469044862801857	1.5448669268155033	0.997027738191764	0.0009204597714827205	1.0	0.08352324026773474	alt	1.5448669268155033	0.0009204597714827205	0.08352324026773474	669
chr17	29048579	29048580	2.0	rs76119292	85	T	G	2	-0.16235511470796044	1.4738165143195572	0.9983132035001875	0.0002710389205630285	1.0	0.04077629982692673	alt	1.4738165143195572	0.0002710389205630285	0.04077629982692673	669
chr17	35142282	35142283	2.0	rs201546854	50	C	G	2	1.6684171834518013	-1.204668340521301	8.327240162019081e-05	0.9998362124463683	0.02147634891309302	1.0	ref	1.6684171834518013	8.327240162019081e-05	0.02147634891309302	669
chr17	43361251	43361252	2.0	rs114197224	42	C	A	1	1.7818630726602018	-1.7186009400330096	0.0009788472634885059	1.0	0.08921776286333229	1.0	ref	1.7818630726602018	0.0009788472634885059	0.08921776286333229	669
chr17	48908271	48908272	2.0	rs11657238	67	A	G	2	1.2778309200176046	-0.9900979777987492	0.0004194674856178008	0.997815141698635	0.05454467271635636	1.0	ref	1.2778309200176046	0.0004194674856178008	0.05454467271635636	669
chr17	57762797	57762798	2.0	rs203272	49	A	G	2	-1.4061365018301109	1.6136193427292134	0.9997700160643197	8.619371755219486e-05	1.0	0.022891702595267762	alt	1.6136193427292134	8.619371755219486e-05	0.022891702595267762	669
chr17	63835075	63835076	2.0	rs2584621	64	G	A	1	1.7194380015610982	-1.4691398881438378	0.0004229830602080811	0.9988360513939646	0.05454467271635636	1.0	ref	1.7194380015610982	0.0004229830602080811	0.05454467271635636	669
chr17	76353898	76353899	2.0	rs78121266	48	C	T	2	-0.8161359139085484	1.368012491448071	0.9481473686603052	0.0008199038165795031	0.9854667220909589	0.07884919939257638	alt	1.368012491448071	0.0008199038165795031	0.07884919939257638	669
chr19	10835739	10835740	1.5	rs73007599	87	C	T	2	1.4301346486296203	-0.31896751334932555	6.201916402347582e-05	0.9025017668683951	0.016794789617557253	0.9644968264710344	ref	1.4301346486296203	6.201916402347582e-05	0.016794789617557253	669
chr19	30423685	30423686	1.0	rs10404565	26	G	C	2	-1.223238588094344	1.2756292056786511	0.9983669828727177	0.0004353206785037575	1.0	0.057504799872593916	alt	1.2756292056786511	0.0004353206785037575	0.057504799872593916	669
chr19	34677266	34677267	1.0	rs2290654	36	A	G	2	-1.121549366044103	1.2424784802476232	0.9953219786994046	0.0007097141130704001	1.0	0.07252474785640164	alt	1.2424784802476232	0.0007097141130704001	0.07252474785640164	669
chr2	1592231	1592232	2.0	rs140127404	73	C	T	2	1.2080399681823795	-0.7003835521132002	0.0009886755893645132	0.9952904895349096	0.08921776286333229	1.0	ref	1.2080399681823795	0.0009886755893645132	0.08921776286333229	669
chr2	1705097	1705098	2.0	rs145314273	54	C	T	1	-1.877598903217276	2.0240725740770147	0.9997723715581839	0.00011393242054930437	1.0	0.026828608247610106	alt	2.0240725740770147	0.00011393242054930437	0.026828608247610106	669
chr2	42361697	42361698	2.0	rs116133394	78	T	G	2	-0.7184272420473136	1.3524842263207346	0.9990398317923681	0.00015765932016072258	1.0	0.032270962469699425	alt	1.3524842263207346	0.00015765932016072258	0.032270962469699425	669
chr2	48440624	48440625	1.0	rs3811520	58	A	G	2	-0.765424747072955	1.0698464630982465	0.991286213016393	0.0005400974158058874	1.0	0.0599988922031226	alt	1.0698464630982465	0.0005400974158058874	0.0599988922031226	669
chr2	49974244	49974245	1.0	rs4971883	72	G	A	2	-0.3672281626512778	1.0082511255013318	0.9860964445206555	0.0008540907187890251	1.0	0.07975440229243724	alt	1.0082511255013318	0.0008540907187890251	0.07975440229243724	669
chr2	55391994	55391995	1.0	rs55908714	24	A	C	2	-1.2194019374968765	1.25172248692105	0.9732427748062016	0.0004851401293159327	0.9962356583538816	0.05838930978611315	alt	1.25172248692105	0.0004851401293159327	0.05838930978611315	669
chr2	64524187	64524188	1.0	rs72886955	34	C	T	2	-2.10023515996469	1.6893291081924129	0.9996699489285282	5.804529171154427e-06	1.0	0.003929666248871547	alt	1.6893291081924129	5.804529171154427e-06	0.003929666248871547	669
chr2	88627474	88627475	1.0	rs144057685	76	T	C	2	-0.8290719128223556	1.2868581473106393	0.9992515017550823	2.7989280876584296e-05	1.0	0.010026721864443745	alt	1.2868581473106393	2.7989280876584296e-05	0.010026721864443745	669
chr2	127107344	127107345	1.0	rs76516995	31	C	G	2	1.373762282001036	-1.186500393371877	0.00018186669454967904	0.9980188967707796	0.039178677098760606	1.0	ref	1.373762282001036	0.00018186669454967904	0.039178677098760606	669
chr2	127107345	127107346	1.0	rs78710909	31	G	C	2	1.373762282001036	-1.186500393371877	0.00018186669454967904	0.9980188967707796	0.039178677098760606	1.0	ref	1.373762282001036	0.00018186669454967904	0.039178677098760606	669
chr2	131041163	131041164	1.0	rs2241460	48	C	G	2	-0.770040053721786	1.3631958629472718	0.9969186700407695	0.0002049264924643487	1.0	0.035802641393126215	alt	1.3631958629472718	0.0002049264924643487	0.035802641393126215	669
chr2	131682499	131682500	1.0	rs6720375	45	G	C	2	1.7334914250571631	-1.5924306851345875	2.0675534354192077e-06	0.9999417352912384	0.0013997336757788036	1.0	ref	1.7334914250571631	2.0675534354192077e-06	0.0013997336757788036	669
chr2	132352668	132352669	1.0	rs62167607	37	C	T	2	1.8919116657182788	-1.0262891672403032	1.8866142633527384e-06	0.9565914040860052	0.0013997336757788036	0.9887211917041612	ref	1.8919116657182788	1.8866142633527384e-06	0.0013997336757788036	669
chr2	132352690	132352691	1.0	rs7355734	35	A	G	1	1.91857090363213	-2.106096302861724	3.4748888259418825e-05	0.9996838164129277	0.012546665254200824	1.0	ref	1.91857090363213	3.4748888259418825e-05	0.012546665254200824	669
chr2	135004490	135004491	1.0	rs6712127	31	A	G	2	-1.0936283330025804	1.3945319461900236	0.9983218802688548	0.00020289965820391442	1.0	0.035802641393126215	alt	1.3945319461900236	0.00020289965820391442	0.035802641393126215	669
chr2	159615594	159615595	1.0	rs4343430	42	A	C	2	-0.36522968196332584	1.34476111165418	0.9893863719162165	0.0009574798688984093	1.0	0.08461753222000593	alt	1.34476111165418	0.0009574798688984093	0.08461753222000593	669
chr2	172085343	172085344	1.0	rs3106383	77	T	C	2	0.9894792933467604	-0.6504455143118273	0.0003346649148582436	0.9928531884962801	0.04969053797759792	1.0	ref	0.9894792933467604	0.0003346649148582436	0.04969053797759792	669
chr2	172085344	172085345	1.0	rs3098974	77	A	T	2	0.9894792933467604	-0.6504455143118273	0.0003346649148582436	0.9928531884962801	0.04969053797759792	1.0	ref	0.9894792933467604	0.0003346649148582436	0.04969053797759792	669
chr2	191538620	191538621	1.0	rs7583507	85	T	A	2	-0.3942757098668591	1.3358227322774143	0.999323137940002	2.4071547863862205e-05	1.0	0.010026721864443745	alt	1.3358227322774143	2.4071547863862205e-05	0.010026721864443745	669
chr2	191538632	191538633	1.0	rs11690795	68	C	T	2	1.6947267238641754	-0.5625885662192645	3.237242806733146e-06	0.9998994997286909	0.0019481007823629688	1.0	ref	1.6947267238641754	3.237242806733146e-06	0.0019481007823629688	669
chr2	196639820	196639821	1.0	rs1879128	44	C	G	1	2.3085174219481432	-2.515274958678206	2.874569790319723e-07	0.9999916913300484	0.0003892167496092905	1.0	ref	2.3085174219481432	2.874569790319723e-07	0.0003892167496092905	669
chr20	31604289	31604290	1.5	rs11905777	65	A	C	2	-0.33058183055511237	1.2274908729575078	0.9512911086275149	0.000226844700543038	0.987346460726437	0.03709220178510428	alt	1.2274908729575078	0.000226844700543038	0.03709220178510428	669
chr20	44885561	44885562	1.5	rs6031847	110	C	T	2	1.0532248787268281	-0.09634535266015158	0.00018808079848001768	0.5269902780825865	0.039178677098760606	0.8675424286678435	ref	1.0532248787268281	0.00018808079848001768	0.039178677098760606	669
chr20	44885568	44885569	1.5	rs6031848	96	T	C	2	1.0750891447784625	-0.1624789150568623	0.0002774024129289033	0.5897450508632859	0.04462177482009614	0.8771735094048816	ref	1.0750891447784625	0.0002774024129289033	0.04462177482009614	669
chr22	19144811	19144812	1.5	rs737923	91	A	G	2	-0.4089271990161647	1.1968275823550387	0.85065870901337	0.0003092805723216952	0.9418353239468765	0.04408062051827108	alt	1.1968275823550387	0.0003092805723216952	0.04408062051827108	669
chr22	19974492	19974493	1.5	rs145699486	63	G	A	2	-0.27401350673764346	1.1470927510461821	0.7077027517517256	0.0007487864018294884	0.889927583814104	0.07457540064218394	alt	1.1470927510461821	0.0007487864018294884	0.07457540064218394	669
chr3	10009128	10009129	1.0	rs28719585	26	T	C	1	1.5314915252070485	-1.8938472322685205	0.00090761376649437	1.0	0.08475234757471566	1.0	ref	1.5314915252070485	0.00090761376649437	0.08475234757471566	669
chr3	10248258	10248259	1.0	rs28551696	47	G	T	2	-0.45282071900210125	1.4107347845153657	0.9958040094086317	0.0002633320834404528	1.0	0.040748758968956925	alt	1.4107347845153657	0.0002633320834404528	0.040748758968956925	669
chr3	16520849	16520850	1.0	rs6774281	27	G	A	2	1.3938833265926913	-0.35065999916403934	0.0010213259411976738	0.6963294653637071	0.08921776286333229	0.8873629002362547	ref	1.3938833265926913	0.0010213259411976738	0.08921776286333229	669
chr3	24625143	24625144	1.0	rs73042415	27	A	C	2	1.3890712653831123	-0.5916293269208492	0.0010573521785916498	0.8199760767670414	0.09089872062305358	0.9329811831450203	ref	1.3890712653831123	0.0010573521785916498	0.09089872062305358	669
chr3	28348859	28348860	1.0	rs1870259	75	A	G	2	1.1387450765673475	-0.8358083514080127	6.199180025530615e-05	0.9982581438716563	0.016794789617557253	1.0	ref	1.1387450765673475	6.199180025530615e-05	0.016794789617557253	669
chr3	28667789	28667790	1.0	rs35785840	38	A	G	2	-1.0512367091029975	1.2461045566844127	0.9939557815577383	0.0005026214700201909	1.0	0.05917821481802943	alt	1.2461045566844127	0.0005026214700201909	0.05917821481802943	669
chr3	33798621	33798622	1.0	rs1141054	52	T	C	2	1.4564577817717532	-0.3799455356551442	0.0002348293028945547	0.9960244022261991	0.04462177482009614	1.0	ref	1.4564577817717532	0.0002348293028945547	0.04462177482009614	669
chr3	75429759	75429760	1.0	rs570512424	46	C	T	1	2.2475635913446745	-2.332080804940269	6.36445962765238e-07	0.9999803241110026	0.0006893982668673058	1.0	ref	2.2475635913446745	6.36445962765238e-07	0.0006893982668673058	669
chr3	75429766	75429767	1.0	rs73842007	47	T	C	1	1.8698421370653961	-1.7346658067203244	3.756827083564446e-05	0.9994378096525244	0.01271685967786565	1.0	ref	1.8698421370653961	3.756827083564446e-05	0.01271685967786565	669
chr3	87350832	87350833	1.0	rs17024303	30	A	G	2	1.4482663124909074	-0.2196060565522333	0.0011023974471262295	0.993315580395064	0.09329038396305717	1.0	ref	1.4482663124909074	0.0011023974471262295	0.09329038396305717	669
chr3	118501228	118501229	1.0	rs78391134	54	C	G	2	1.634096457253796	-0.891628926339096	5.672638016207328e-06	0.9998364554940073	0.0027930006814344444	1.0	ref	1.634096457253796	5.672638016207328e-06	0.0027930006814344444	669
chr3	125915923	125915924	1.0	rs7632305	53	C	T	2	1.1097633416230646	-0.8437859965720921	0.0007137486738691623	0.9889207230003705	0.07579731015049772	1.0	ref	1.1097633416230646	0.0007137486738691623	0.07579731015049772	669
chr3	128052315	128052316	1.0	rs74501258	57	G	A	2	0.05855538766292911	1.352624286414341	0.9824263052774493	0.0011196180713920647	1.0	0.09329002268706804	alt	1.352624286414341	0.0011196180713920647	0.09329002268706804	669
chr3	129278858	129278859	1.0	rs116769111	49	C	G	2	1.7974213589319916	-0.7532262549807212	3.6650263492098383e-06	0.9998925163369073	0.0019849782707320484	1.0	ref	1.7974213589319916	3.6650263492098383e-06	0.0019849782707320484	669
chr3	132659843	132659844	1.0	rs79473310	26	G	A	2	-1.0493737836903936	1.1682347417942012	0.9482576535857059	0.0009842881332829344	0.9854667220909589	0.08461753222000593	alt	1.1682347417942012	0.0009842881332829344	0.08461753222000593	669
chr3	132659856	132659857	1.0	rs111508056	28	T	C	2	-0.7274456888030314	1.4678562128451438	0.8769373891457544	0.00016902885803934592	0.9526658355927704	0.032270962469699425	alt	1.4678562128451438	0.00016902885803934592	0.032270962469699425	669
chr3	138115663	138115664	1.0	rs61108201	33	A	T	1	1.9465290244858915	-2.315209889446581	2.2567483795273722e-05	1.0	0.008730392302514463	1.0	ref	1.9465290244858915	2.2567483795273722e-05	0.008730392302514463	669
chr5	81301544	81301545	1.5	rs11955364	142	G	C	2	0.0047060116843500605	1.159560504007475	0.47865542458914967	2.0475563461847276e-06	0.8450250419046804	0.002500164481725007	alt	1.159560504007475	2.0475563461847276e-06	0.002500164481725007	669
chr5	113488468	113488469	1.5	rs348941	83	G	C	2	-0.333938323692587	1.3327643108327787	0.8318025925270217	2.9484186697018564e-05	0.9350441762404212	0.010026721864443745	alt	1.3327643108327787	2.9484186697018564e-05	0.010026721864443745	669
chr5	113513599	113513600	1.5	rs7701913	101	C	A	2	-0.2180844317664465	1.615263964077756	0.9318319151026062	1.9431644414577294e-06	0.977872825459352	0.002500164481725007	alt	1.615263964077756	1.9431644414577294e-06	0.002500164481725007	669
chr5	115329701	115329702	1.5	rs2964564	41	A	G	2	1.2655171950921298	-1.1544491952169524	0.0007133204084113389	0.9944322926966329	0.07579731015049772	1.0	ref	1.2655171950921298	0.0007133204084113389	0.07579731015049772	669
chr5	168579694	168579695	1.5	rs149476	147	T	G	2	0.05085613624482921	1.0522254691378237	0.34015712334866466	1.0795172065687525e-05	0.8298057624328438	0.0058466651907763635	alt	1.0522254691378237	1.0795172065687525e-05	0.0058466651907763635	669
chr6	16965126	16965127	1.0	rs2328011	36	T	C	2	-0.715537109886402	1.4010288924931664	0.9981694853824051	0.00022388760079524868	1.0	0.03709220178510428	alt	1.4010288924931664	0.00022388760079524868	0.03709220178510428	669
chr6	45377510	45377511	1.0	rs3749863	32	A	C	2	-1.075413215536261	1.3023849962369165	0.9980108271955574	0.00033088647851609666	1.0	0.04595079917033794	alt	1.3023849962369165	0.00033088647851609666	0.04595079917033794	669
chr6	49463260	49463261	1.0	rs3729619	79	T	A	2	0.8741954234528135	-0.608121042638218	0.0008775074090153964	0.9846765171735656	0.08475234757471566	1.0	ref	0.8741954234528135	0.0008775074090153964	0.08475234757471566	669
chr6	116100900	116100901	2.0	rs75742230	92	G	C	2	-0.13768771328028873	1.6039343392474423	0.9995334617707101	8.123436626221054e-05	1.0	0.022891702595267762	alt	1.6039343392474423	8.123436626221054e-05	0.022891702595267762	669
chr6	116279889	116279890	2.0	rs60663392	122	G	A	2	-0.8780898189071712	1.4848572084350344	0.9999950896309568	1.210481597644604e-06	1.0	0.002500164481725007	alt	1.4848572084350344	1.210481597644604e-06	0.002500164481725007	669
chr7	2631588	2631589	1.0	rs10274923	30	G	A	2	1.1803212520150665	-0.8862848685497584	0.0011985138798246836	0.9942646701139739	0.09835077535046191	1.0	ref	1.1803212520150665	0.0011985138798246836	0.09835077535046191	669
chr7	4145011	4145012	1.0	rs56928328	28	G	A	2	-0.7546487278423979	1.4701973576626066	0.9021730219362941	0.0005539041008412352	0.9640315601436783	0.0599988922031226	alt	1.4701973576626066	0.0005539041008412352	0.0599988922031226	669
chr7	24980327	24980328	1.0	rs886314	59	A	G	2	1.1572220043319636	-0.6672524685846539	0.0002612355821466791	0.9946018774806383	0.04462177482009614	1.0	ref	1.1572220043319636	0.0002612355821466791	0.04462177482009614	669
chr7	38370035	38370036	1.0	rs56180967	45	C	T	2	1.4211633827512444	-1.1823389446541293	4.6617609695507085e-05	0.9989399024558273	0.014851822006521551	1.0	ref	1.4211633827512444	4.6617609695507085e-05	0.014851822006521551	669
chr7	93232312	93232313	1.0	rs17165189	117	C	T	2	-0.541179855366561	0.769862215995921	0.9925227507940797	0.00041574244867088536	1.0	0.056291527550037884	alt	0.769862215995921	0.00041574244867088536	0.056291527550037884	669
chr7	116930683	116930684	1.0	rs12532926	45	C	G	2	-1.142418889882651	1.4519655652886159	0.9992112760971182	4.030368765174299e-05	1.0	0.01284028072481412	alt	1.4519655652886159	4.030368765174299e-05	0.01284028072481412	669
chr7	139341718	139341719	1.0	rs6965212	36	G	T	2	-0.6908872852602428	1.217476140794352	0.9883542780180701	0.0011083700288237407	1.0	0.09329002268706804	alt	1.217476140794352	0.0011083700288237407	0.09329002268706804	669
chr7	155008173	155008174	1.0	rs306289	26	T	C	2	1.3805978033172255	-1.1922547219190025	0.0001599507761355782	0.9665854862530997	0.03766493058914311	0.9942842166338755	ref	1.3805978033172255	0.0001599507761355782	0.03766493058914311	669
chr7	155467020	155467021	1.0	rs10264491	40	G	C	2	1.2722839535041146	-0.9621433145215843	0.00036244979945781276	0.997291745783373	0.04969053797759792	1.0	ref	1.2722839535041146	0.00036244979945781276	0.04969053797759792	669
chr8	2222337	2222338	1.0	rs147608214	50	G	C	2	1.7877469501075338	-1.6324354733521824	8.688324310631309e-07	0.9999744599197594	0.0007842660744396528	1.0	ref	1.7877469501075338	8.688324310631309e-07	0.0007842660744396528	669
chr8	11284524	11284525	1.0	rs73665044	56	T	C	2	0.013200376578746727	1.5386035037255121	0.9917645176720179	0.00047988829097307114	1.0	0.05838930978611315	alt	1.5386035037255121	0.00047988829097307114	0.05838930978611315	669
chr8	28712389	28712390	1.0	rs240949	26	C	A	2	1.1751707252348924	-1.2670267082212399	0.0008570638171496798	0.9747141165205039	0.08475234757471566	0.9978125971077307	ref	1.1751707252348924	0.0008570638171496798	0.08475234757471566	669
chr8	30728079	30728080	1.0	rs8190880	58	G	T	2	-0.8296413470750532	1.7578160361335518	0.9999397689977492	2.3669474503740156e-06	1.0	0.002500164481725007	alt	1.7578160361335518	2.3669474503740156e-06	0.002500164481725007	669
chr8	33513680	33513681	1.0	rs2581899	65	T	C	2	-1.0230437294204453	1.3221974365828708	0.9994342398999007	2.0970770105145056e-05	1.0	0.009464807574122136	alt	1.3221974365828708	2.0970770105145056e-05	0.009464807574122136	669
chr8	42152947	42152948	1.0	rs6982888	68	A	G	2	1.205444493329601	-0.11540096358379964	0.0006071033099552081	0.9881095681764609	0.06995896865356185	1.0	ref	1.205444493329601	0.0006071033099552081	0.06995896865356185	669
chr8	43056191	43056192	1.0	rs73675449	88	A	T	2	1.1582118219959479	-0.5641071201330875	5.4768561295507857e-05	0.998437318065738	0.016479251554248363	1.0	ref	1.1582118219959479	5.4768561295507857e-05	0.016479251554248363	669
chr8	65645297	65645298	1.0	rs68167505	27	T	C	2	1.3926599731300862	-0.4143170856460636	0.0010210228754062938	0.7274017668746113	0.08921776286333229	0.8978140313110516	ref	1.3926599731300862	0.0010210228754062938	0.08921776286333229	669
chr8	71361862	71361863	1.0	rs73684755	48	C	T	2	-0.5459481643852216	1.1986801549634098	0.9875732904079709	0.0009822746329993738	1.0	0.08461753222000593	alt	1.1986801549634098	0.0009822746329993738	0.08461753222000593	669
chr8	93916643	93916644	1.0	rs146248769	66	C	T	2	1.032380560571686	-0.6254249509443173	0.0004724470351153934	0.9909978388639966	0.058153935049658434	1.0	ref	1.032380560571686	0.0004724470351153934	0.058153935049658434	669
chr8	100310229	100310230	1.0	rs56356271	70	C	T	2	-0.6165037046465358	1.1710689840492725	0.995536859385611	0.00023285355625804016	1.0	0.03709220178510428	alt	1.1710689840492725	0.00023285355625804016	0.03709220178510428	669
chr8	102656091	102656092	1.0	rs7835270	39	A	G	2	1.3126656984431144	-1.1193326323597503	0.0002578262137335018	0.9961436597024057	0.04462177482009614	1.0	ref	1.3126656984431144	0.0002578262137335018	0.04462177482009614	669
chr8	102810953	102810954	1.0	rs115422278	49	G	A	2	1.2284849539200215	-0.8323192123136096	0.00035611215639262857	0.9939292603363875	0.04969053797759792	1.0	ref	1.2284849539200215	0.00035611215639262857	0.04969053797759792	669
chr8	124728657	124728658	1.0	rs878684	45	G	A	2	1.4417770167361645	-0.2757226293974818	0.0005054665989350952	0.992320837285347	0.059513197822445116	1.0	ref	1.4417770167361645	0.0005054665989350952	0.059513197822445116	669
chr8	143291321	143291322	1.0	rs4493919	42	G	A	2	1.298770841388838	-0.43649408667250544	0.00074400206102233	0.9893696181010602	0.07749067620186421	1.0	ref	1.298770841388838	0.00074400206102233	0.07749067620186421	669
chr9	20244505	20244506	1.0	rs76232392	43	A	C	2	-0.5209868871083609	1.258734218270305	0.9896637084585309	0.0008298383244787396	1.0	0.07884919939257638	alt	1.258734218270305	0.0008298383244787396	0.07884919939257638	669
chr9	77177102	77177103	1.0	rs12340377	58	C	G	2	-0.7088616841522979	1.1014840565819306	0.9919793047004265	0.0004809103203949409	1.0	0.05838930978611315	alt	1.1014840565819306	0.0004809103203949409	0.05838930978611315	669
chr9	77177521	77177522	1.0	rs12349389	71	G	C	2	-0.6183058682203871	1.16887521147867	0.9976857645899585	9.64434548670774e-05	1.0	0.02374262507091324	alt	1.16887521147867	9.64434548670774e-05	0.02374262507091324	669
chr9	96450095	96450096	1.0	rs1885426	64	C	T	2	-1.1158113879903826	1.5175357600625805	0.9999124508258879	3.024449142034664e-06	1.0	0.002500164481725007	alt	1.5175357600625805	3.024449142034664e-06	0.002500164481725007	669
chr9	118230490	118230491	1.0	rs1410201	30	A	G	2	1.5817999434231425	-1.515778452289249	0.0003542582236588802	1.0	0.04969053797759792	1.0	ref	1.5817999434231425	0.0003542582236588802	0.04969053797759792	669
chr9	130119267	130119268	1.0	rs4837467	87	C	A	2	-0.5477811975583488	1.1582603742204822	0.9946886541517984	0.00029299009668116446	1.0	0.04288741523311315	alt	1.1582603742204822	0.00029299009668116446	0.04288741523311315	669
chr9	135501281	135501282	1.0	rs968569	28	T	G	2	1.3044045865642344	-1.6976248545533528	0.0004894875297533575	0.9961734684858308	0.05891254358098188	1.0	ref	1.3044045865642344	0.0004894875297533575	0.05891254358098188	669
