#chr	start	end	mean_bad	id	max_cover	ref	alt	n_reps	ref_comb_es	alt_comb_es	ref_comb_pval	alt_comb_pval	ref_fdr_comb_pval	alt_fdr_comb_pval	pref_allele	comb_es	comb_pval	fdr_comb_pval	927
1	47570068	47570069	2.0	rs61293387	59	G	A	11	1.0147109993613121	-0.1862887991276776	0.0009027284477053226	0.9381737559754962	0.059070472779685385	1.0	ref	1.0147109993613121	0.0009027284477053226	0.059070472779685385	927
1	58618466	58618467	2.125	rs232816	63	A	G	8	0.9240955979429436	-0.2942427001678463	0.0013505456001153848	0.9807009848253903	0.07717131689673402	1.0	ref	0.9240955979429436	0.0013505456001153848	0.07717131689673402	927
1	67562043	67562044	2.3333333333333335	rs7514473	47	A	G	6	-0.1928455878683816	1.2382944508265397	0.9729909707603279	0.001822603732893225	1.0	0.07702399317028973	alt	1.2382944508265397	0.001822603732893225	0.07702399317028973	927
1	68269790	68269791	2.111111111111111	rs11209242	74	C	T	9	-0.21438364650982575	0.8312421383759508	0.9500660723865217	0.0013470392189765265	1.0	0.06280696188907803	alt	0.8312421383759508	0.0013470392189765265	0.06280696188907803	927
1	70411074	70411075	2.2	rs663465	147	G	A	15	-0.11062482456674627	1.0917019872682872	0.9959921783173393	1.18206221281146e-06	1.0	0.0006144840704498607	alt	1.0917019872682872	1.18206221281146e-06	0.0006144840704498607	927
1	81703071	81703072	2.1	rs11578678	46	T	C	10	-0.2158439673533299	1.1912276684497973	0.9969449630135739	4.217089433826884e-05	1.0	0.007808965570714976	alt	1.1912276684497973	4.217089433826884e-05	0.007808965570714976	927
1	85607312	85607313	2.2	rs17398091	138	G	A	15	0.9225134026319587	0.23760495454634115	2.8642966212420847e-06	0.9982844411785016	0.0014525564240473923	1.0	ref	0.9225134026319587	2.8642966212420847e-06	0.0014525564240473923	927
1	86704809	86704810	2.2142857142857144	rs263438	94	T	G	14	1.1196386374330374	-0.38328796090387585	4.4197511758208614e-07	0.9999238913182673	0.0004482732630076309	1.0	ref	1.1196386374330374	4.4197511758208614e-07	0.0004482732630076309	927
1	100038007	100038008	1.8333333333333333	rs1109770	90	T	C	15	-0.003626141656581279	0.7264623909771443	0.8718561283407322	0.002085635006903364	0.9763638417271762	0.08058496402863759	alt	0.7264623909771443	0.002085635006903364	0.08058496402863759	927
1	108107807	108107808	1.9166666666666667	rs544608	56	C	A	6	-0.6786169970138141	1.5808742467613313	0.9999979217689882	7.66510757433048e-07	1.0	0.000518289023817646	alt	1.5808742467613313	7.66510757433048e-07	0.000518289023817646	927
1	113905153	113905154	1.8333333333333333	rs1217398	101	C	G	15	0.012041422358074505	0.6788915944455493	0.8205533916994149	0.0028939962304401832	0.9613009269779169	0.09949951446521885	alt	0.6788915944455493	0.0028939962304401832	0.09949951446521885	927
10	16966174	16966175	1.3	rs1687707	32	T	C	5	-0.7305041584901262	0.8991724338185256	0.9979927172728169	0.0020761849458584176	1.0	0.08058496402863759	alt	0.8991724338185256	0.0020761849458584176	0.08058496402863759	927
10	17201406	17201407	1.1	rs1885395	49	C	G	15	0.03436606602686606	0.865074475979636	0.9991599610072233	0.00016751629216099856	1.0	0.017969758468626765	alt	0.865074475979636	0.00016751629216099856	0.017969758468626765	927
10	44964473	44964474	1.375	rs12263146	63	G	A	4	-0.4580544606558105	1.1077810372768364	0.9850997020801571	0.0012397624190886376	1.0	0.06059898956918799	alt	1.1077810372768364	0.0012397624190886376	0.06059898956918799	927
10	45672897	45672898	1.15	rs76029685	52	G	A	10	0.7816680686820938	-0.3295988172030248	0.00027183556084599275	0.9939567493109692	0.027570921758804812	1.0	ref	0.7816680686820938	0.00027183556084599275	0.027570921758804812	927
10	48288213	48288214	1.1666666666666667	rs77504199	56	C	T	9	-0.25660068251339074	0.9932963322055457	0.974351175407497	0.00035816199496591404	1.0	0.02849143556032771	alt	0.9932963322055457	0.00035816199496591404	0.02849143556032771	927
10	49539033	49539034	1.09375	rs4253004	74	G	T	16	0.1854236945574944	0.6949406815741235	0.8586391885883746	0.0020674258120888375	0.9752655385952884	0.08058496402863759	alt	0.6949406815741235	0.0020674258120888375	0.08058496402863759	927
10	58385123	58385124	1.1363636363636365	rs2279340	49	C	T	11	-0.19471852978322318	0.751200805598331	0.9636903994851281	0.0006261481236930964	1.0	0.039396600712027545	alt	0.751200805598331	0.0006261481236930964	0.039396600712027545	927
10	58385237	58385238	1.25	rs2279339	49	C	A	4	1.554315403127033	-1.5262476566991812	8.650477694215532e-06	0.999988493635685	0.0029245823337860346	1.0	ref	1.554315403127033	8.650477694215532e-06	0.0029245823337860346	927
10	73247045	73247046	1.0384615384615385	rs35302968	43	A	G	13	0.7646651118493375	-0.2869558183583571	0.00073726623135774	0.9629658130064982	0.052418405317978825	1.0	ref	0.7646651118493375	0.00073726623135774	0.052418405317978825	927
10	73909254	73909255	1.0357142857142858	rs2459449	57	T	C	14	0.9268961380787504	0.18996151252731283	0.0011284987328519585	0.980475339680449	0.06936847513909691	1.0	ref	0.9268961380787504	0.0011284987328519585	0.06936847513909691	927
10	74176852	74176853	1.0357142857142858	rs10824095	49	C	T	14	0.04010006480133137	0.6287457017459895	0.9395682045861391	0.0019198551259700938	1.0	0.07857536858720751	alt	0.6287457017459895	0.0019198551259700938	0.07857536858720751	927
10	74917640	74917641	1.0714285714285714	rs11001199	29	A	C	7	-0.7199311437397158	0.732944719221895	0.9956633675983896	0.002807849327685775	1.0	0.09905604106453209	alt	0.732944719221895	0.002807849327685775	0.09905604106453209	927
10	75359280	75359281	1.0357142857142858	rs1259605	54	C	T	14	-0.4560725609655656	0.9697902896916999	0.9998402369949786	4.265168135401748e-07	1.0	0.0003460757425064978	alt	0.9697902896916999	4.265168135401748e-07	0.0003460757425064978	927
10	77290947	77290948	1.1	rs637847	61	G	C	5	0.9616456140134904	-0.39372577206865317	0.0006814106470793153	0.9879035884593071	0.050530833505599296	1.0	ref	0.9616456140134904	0.0006814106470793153	0.050530833505599296	927
10	77514202	77514203	1.0384615384615385	rs1866594	91	A	G	13	0.7636384388689558	-0.20504234344948105	2.9428509558762616e-05	0.9962166592758496	0.006503593590743963	1.0	ref	0.7636384388689558	2.9428509558762616e-05	0.006503593590743963	927
10	79265067	79265068	1.0333333333333334	rs12254681	89	C	T	15	0.6925457931791571	0.284750784560659	0.002225747345519146	0.7629536468068643	0.09709523635237824	0.9531550785799959	ref	0.6925457931791571	0.002225747345519146	0.09709523635237824	927
10	79298832	79298833	1.05	rs2296427	33	T	G	10	1.1003925498002833	0.19910015413286383	0.0013877450152886195	0.979897457135838	0.07739967660435126	1.0	ref	1.1003925498002833	0.0013877450152886195	0.07739967660435126	927
10	80078899	80078900	1.0357142857142858	rs3824727	62	A	C	14	-0.024241654397826287	0.7841777250470059	0.9647533258421279	0.0009328552490418607	1.0	0.05046124993817105	alt	0.7841777250470059	0.0009328552490418607	0.05046124993817105	927
10	80459309	80459310	1.0333333333333334	rs12220655	89	T	C	15	0.0857386052136873	0.9088708069623468	0.9904562665750748	4.610573742677857e-06	1.0	0.0018705097674044065	alt	0.9088708069623468	4.610573742677857e-06	0.0018705097674044065	927
11	28108391	28108392	1.96875	rs3812739	88	A	G	16	-0.09189346390509323	0.662840136107467	0.8998384586362714	0.0017450675458218201	0.9847343570745146	0.07612622616558198	alt	0.662840136107467	0.0017450675458218201	0.07612622616558198	927
11	33700911	33700912	1.5909090909090908	rs11032346	57	G	C	11	1.050283435246292	-0.31569049099224633	7.806311488589682e-05	0.9217883189363002	0.013769654656177539	1.0	ref	1.050283435246292	7.806311488589682e-05	0.013769654656177539	927
11	45805169	45805170	1.1785714285714286	rs77254044	72	G	A	14	0.09268835516708238	1.015347320969652	0.9832010461934748	4.0125219601789714e-05	1.0	0.007808965570714976	alt	1.015347320969652	4.0125219601789714e-05	0.007808965570714976	927
11	48063636	48063637	1.0	rs11601310	44	G	A	5	-0.38280392648434625	0.9777708268528171	0.9834387523453261	0.000721299879076503	1.0	0.04160403380884407	alt	0.9777708268528171	0.000721299879076503	0.04160403380884407	927
11	57072862	57072863	1.0	rs655949	51	A	G	8	-0.03061032887095233	0.8549451841370924	0.9684069884833569	0.001780055215687508	1.0	0.0768264256387683	alt	0.8549451841370924	0.001780055215687508	0.0768264256387683	927
11	63872197	63872198	1.28125	rs4980505	76	G	A	16	0.13178592156143024	0.8056148329064338	0.8411884189165995	0.00217775071823655	0.9674207013968189	0.08335032701778947	alt	0.8056148329064338	0.00217775071823655	0.08335032701778947	927
11	125300927	125300928	1.9666666666666666	rs1426155	56	G	A	15	0.6297621081449815	-0.32338675750435175	0.0015123892072066755	0.9517586608081735	0.0802886738408869	1.0	ref	0.6297621081449815	0.0015123892072066755	0.0802886738408869	927
11	130069930	130069931	1.9666666666666666	rs80070284	51	C	T	15	0.5450552098529744	-0.3286363327905184	0.0023692923533779426	0.9747234955317904	0.09909504203767334	1.0	ref	0.5450552098529744	0.0023692923533779426	0.09909504203767334	927
11	130916449	130916450	1.9666666666666666	rs3751033	51	C	A	15	0.6747023212332388	-0.2406970279771375	0.0006612453506511254	0.9557685740332249	0.050530833505599296	1.0	ref	0.6747023212332388	0.0006612453506511254	0.050530833505599296	927
11	134542519	134542520	2.0	rs11223893	55	C	T	6	-0.6213271413141639	1.316047634471303	0.9989109064706098	0.00012607506852351966	1.0	0.017637467344824805	alt	1.316047634471303	0.00012607506852351966	0.017637467344824805	927
12	6470977	6470978	2.5833333333333335	rs2534721	69	C	A	12	0.9194240654042002	0.0789403186276374	0.001849056309194372	0.9074857836042489	0.08961445710689434	0.9973731356012	ref	0.9194240654042002	0.001849056309194372	0.08961445710689434	927
12	6471061	6471062	2.4444444444444446	rs2072377	67	A	T	9	-0.018192718907899422	0.8425663392489584	0.9335457024333107	0.0026504817654573673	0.9990490410899344	0.09600896895054052	alt	0.8425663392489584	0.0026504817654573673	0.09600896895054052	927
12	6471082	6471083	2.5454545454545454	rs2072378	81	T	C	11	1.0923828735440977	-0.23590052117521693	4.328675416556081e-05	0.9932963357336642	0.00878071808248401	1.0	ref	1.0923828735440977	4.328675416556081e-05	0.00878071808248401	927
12	21437686	21437687	2.0	rs2058464	83	T	C	8	1.3125155852250792	-0.1914318857032241	1.0767950414755614e-05	0.9922590981332353	0.003120398202333109	1.0	ref	1.3125155852250792	1.0767950414755614e-05	0.003120398202333109	927
12	113221454	113221455	2.0	rs7297130	87	T	C	14	0.6594886697036089	-0.14080682394649108	0.0007493880967322583	0.9024097063943994	0.052418405317978825	0.9958809300490125	ref	0.6594886697036089	0.0007493880967322583	0.052418405317978825	927
12	113422269	113422270	2.0	rs16942797	57	G	A	12	-0.23803876281366693	0.921577361647101	0.9870405817632324	0.00013686995705952047	1.0	0.017780380162932995	alt	0.921577361647101	0.00013686995705952047	0.017780380162932995	927
12	119176559	119176560	2.0	rs143343134	43	C	A	7	-0.37632292665240524	0.9676389644533228	0.9596259286096028	0.001669779106503968	1.0	0.07444278939655602	alt	0.9676389644533228	0.001669779106503968	0.07444278939655602	927
12	124953044	124953045	2.0	rs10744187	46	G	A	5	1.2426967588121463	-0.8488250832706504	0.0001566435004180102	0.9994064121191589	0.0185145444117167	1.0	ref	1.2426967588121463	0.0001566435004180102	0.0185145444117167	927
14	74573541	74573542	1.3333333333333333	rs11624749	57	C	T	6	0.9105512617226406	-0.630242100580242	0.0006201523399470019	0.9967461771762908	0.04955706705609001	1.0	ref	0.9105512617226406	0.0006201523399470019	0.04955706705609001	927
14	74573542	74573543	1.3333333333333333	rs61980909	57	C	G	6	0.9105512617226406	-0.630242100580242	0.0006201523399470019	0.9967461771762908	0.04955706705609001	1.0	ref	0.9105512617226406	0.0006201523399470019	0.04955706705609001	927
14	74620732	74620733	1.3571428571428572	rs4899527	65	C	G	7	0.7698932804319243	-0.25697146782765423	0.001418656553691269	0.8920557478785781	0.07763590971484104	0.9926324743694575	ref	0.7698932804319243	0.001418656553691269	0.07763590971484104	927
14	77663490	77663491	1.3333333333333333	rs8018802	51	C	T	3	1.6244135598998621	-1.7191898072273912	0.00010687322159313676	0.9999822746951547	0.016676333077052147	1.0	ref	1.6244135598998621	0.00010687322159313676	0.016676333077052147	927
14	77663496	77663497	1.3333333333333333	rs28541608	46	T	G	3	-1.4574801203897645	1.519639968584625	0.9999529523880215	0.00016769034314973886	1.0	0.017969758468626765	alt	1.519639968584625	0.00016769034314973886	0.017969758468626765	927
19	7422188	7422189	1.125	rs11260068	34	T	C	4	1.2026895612018365	-0.9211396305897847	0.00024614817829066816	0.9986142594803914	0.02560572203398053	1.0	ref	1.2026895612018365	0.00024614817829066816	0.02560572203398053	927
19	17108159	17108160	1.09375	rs4808569	91	C	A	16	0.1773591950723507	0.8080866244144655	0.9076017384002537	0.0002620342221406088	0.9874258934778204	0.023110279113575	alt	0.8080866244144655	0.0002620342221406088	0.023110279113575	927
19	20052141	20052142	4.0	rs6511074	74	G	C	2	1.5379068349624534	-1.0266960534404153	0.001855463247961332	0.996669215292603	0.08961445710689434	1.0	ref	1.5379068349624534	0.001855463247961332	0.08961445710689434	927
19	33047486	33047487	1.9090909090909092	rs11084699	73	A	T	11	0.7322448463914998	-0.08243288317497902	0.001102973427454431	0.8573603653952858	0.06884251069511733	0.9816638046811101	ref	0.7322448463914998	0.001102973427454431	0.06884251069511733	927
19	33176912	33176913	1.7142857142857142	rs4805029	89	A	G	14	0.6971202420877478	-0.39386593547307486	0.00011811108611972264	0.9937429420788816	0.01711345272813267	1.0	ref	0.6971202420877478	0.00011811108611972264	0.01711345272813267	927
19	33177139	33177140	1.8076923076923077	rs17833635	92	G	A	13	0.8126534876299096	-0.04495926127958504	0.0010715026913581426	0.9737454633713774	0.06792322529437476	1.0	ref	0.8126534876299096	0.0010715026913581426	0.06792322529437476	927
19	37317900	37317901	1.9	rs11083420	64	G	A	10	-1.0154106698542362	0.9334986167070072	0.8800598403586056	0.00039964770586207055	0.9763638417271762	0.030505251502672533	alt	0.9334986167070072	0.00039964770586207055	0.030505251502672533	927
19	38264365	38264366	1.7777777777777777	rs17526161	35	G	A	9	-0.12479619588629275	0.762246160258192	0.8255603461449221	0.0011932076091184427	0.9625355046209051	0.05903467402675027	alt	0.762246160258192	0.0011932076091184427	0.05903467402675027	927
19	41888058	41888059	1.7307692307692308	rs28396197	51	T	C	13	-0.6331387406614938	0.7013825441938136	0.9365481532655117	0.0013073383586501566	1.0	0.06239849083580806	alt	0.7013825441938136	0.0013073383586501566	0.06239849083580806	927
19	47257374	47257375	1.28125	rs3826791	54	C	A	16	-0.032825797269423085	0.788982918862897	0.9681801701876482	0.0007592221136281004	1.0	0.042780057152627816	alt	0.788982918862897	0.0007592221136281004	0.042780057152627816	927
19	57278550	57278551	1.3888888888888888	rs113836204	101	G	A	9	1.021750719814657	-0.3493108526249711	1.3450801277125993e-05	0.9975857209158231	0.0034106187988312596	1.0	ref	1.021750719814657	1.3450801277125993e-05	0.0034106187988312596	927
19	57435555	57435556	1.28125	rs56241253	89	G	C	16	0.06907060815371946	0.7073413959030298	0.9508507659610056	0.00023338936383596794	1.0	0.02158811308472295	alt	0.7073413959030298	0.00023338936383596794	0.02158811308472295	927
2	10283348	10283349	1.5555555555555556	rs62128508	44	G	A	9	1.0414342518190314	-0.49269061994762975	0.00015972616574071592	0.9998858296595219	0.0185145444117167	1.0	ref	1.0414342518190314	0.00015972616574071592	0.0185145444117167	927
2	10812874	10812875	1.4736842105263157	rs6736810	107	G	T	19	-0.008099293799406961	0.5847865878881143	0.7410528972874901	0.0019787336789725504	0.9345513224418239	0.07948240134249145	alt	0.5847865878881143	0.0019787336789725504	0.07948240134249145	927
2	18048102	18048103	1.4333333333333333	rs6531075	58	T	C	15	0.6830087692286596	-0.5151935126775742	3.045804245110557e-05	0.9996455509182377	0.006503593590743963	1.0	ref	0.6830087692286596	3.045804245110557e-05	0.006503593590743963	927
2	19073817	19073818	1.4736842105263157	rs11682080	74	G	A	19	0.8661604346973861	0.15917959362658915	6.286011030751974e-05	0.9754194166697455	0.011591975796254891	1.0	ref	0.8661604346973861	6.286011030751974e-05	0.011591975796254891	927
2	19073859	19073860	1.5	rs7564457	59	A	G	18	-0.08428095471552632	0.7471163234913938	0.9701860663810631	0.0008412731745884932	1.0	0.046754044785007075	alt	0.7471163234913938	0.0008412731745884932	0.046754044785007075	927
2	26018291	26018292	1.4736842105263157	rs11126335	65	G	A	19	-0.0394603527491679	0.47730152133859144	0.8474906586642491	0.002471949061248887	0.9712931572060777	0.09034862469807868	alt	0.47730152133859144	0.002471949061248887	0.09034862469807868	927
2	28621355	28621356	1.5	rs10865505	46	A	G	16	-0.21205250816002105	0.7507472870192844	0.9874197768243853	0.0005059321599336132	1.0	0.03478926733645201	alt	0.7507472870192844	0.0005059321599336132	0.03478926733645201	927
2	29053433	29053434	1.4230769230769231	rs12468483	59	C	T	13	-0.30698404849838773	0.7277148758207602	0.9981917756444774	0.0003391980946461092	1.0	0.027754288389526892	alt	0.7277148758207602	0.0003391980946461092	0.027754288389526892	927
2	42133063	42133064	1.4736842105263157	rs4531983	57	A	G	19	0.5984089292154153	-0.023576051228914915	0.001968882195694654	0.8353753226407628	0.09181327664291047	0.9739156489656701	ref	0.5984089292154153	0.001968882195694654	0.09181327664291047	927
2	45009663	45009664	1.5789473684210527	rs2959228	133	T	G	19	-0.23955898923287539	0.7936379379363598	0.9821597494676564	1.4814741740212824e-06	1.0	0.0006678156360004824	alt	0.7936379379363598	1.4814741740212824e-06	0.0006678156360004824	927
2	46409003	46409004	1.605263157894737	rs35919434	73	C	T	19	-0.2832113251227976	0.7679140422003822	0.9986654359286652	6.6201112749651445e-06	1.0	0.0022381492868777993	alt	0.7679140422003822	6.6201112749651445e-06	0.0022381492868777993	927
2	46409137	46409138	1.5833333333333333	rs12615428	50	T	G	18	-0.22653032458989275	0.6968234058543568	0.9970185600753957	0.00015360396767628756	1.0	0.017969758468626765	alt	0.6968234058543568	0.00015360396767628756	0.017969758468626765	927
2	47199330	47199331	1.6111111111111112	rs75780950	98	T	C	9	1.184412025425334	-0.9770900175749891	9.425989087829228e-06	0.9997463325582153	0.002941633671486398	1.0	ref	1.184412025425334	9.425989087829228e-06	0.002941633671486398	927
2	48420731	48420732	1.6071428571428572	rs10454133	62	T	C	14	-0.2758417914054508	0.8654892810783114	0.9992924283813297	0.00043555506775387723	1.0	0.031000822980306666	alt	0.8654892810783114	0.00043555506775387723	0.031000822980306666	927
2	48420886	48420887	1.6538461538461537	rs10454134	51	G	A	13	-0.3964839860593307	0.6815060931262046	0.9824373818666026	0.0018900710093447141	1.0	0.078245082499097	alt	0.6815060931262046	0.0018900710093447141	0.078245082499097	927
2	53767791	53767792	1.6333333333333333	rs62137612	58	G	A	15	-0.41805950494844424	0.7087735562811096	0.997058944863356	0.000651158392166818	1.0	0.03942909846299673	alt	0.7087735562811096	0.000651158392166818	0.03942909846299673	927
2	53971043	53971044	1.6388888888888888	rs117296869	77	G	C	18	0.6760072905182564	-0.14463834999154068	0.0006974924023449743	0.9622163016753263	0.050530833505599296	1.0	ref	0.6760072905182564	0.0006974924023449743	0.050530833505599296	927
2	53971157	53971158	1.5714285714285714	rs2949815	61	G	T	14	-0.24922569296124505	0.63713400222528	0.9579764812293811	0.0023730255343800202	1.0	0.08914226474981242	alt	0.63713400222528	0.0023730255343800202	0.08914226474981242	927
2	54572468	54572469	1.6578947368421053	rs10170646	91	T	C	19	0.703491133731991	-0.04556369153042464	0.0001885240821755418	0.899655717549571	0.020671410848274945	0.993982365495264	ref	0.703491133731991	0.0001885240821755418	0.020671410848274945	927
2	54574387	54574388	1.59375	rs62134679	94	T	C	16	0.9309151533878409	-0.08211394619160799	0.00013510192544994974	0.9941055770731957	0.018270283718348202	1.0	ref	0.9309151533878409	0.00013510192544994974	0.018270283718348202	927
2	55050504	55050505	1.6578947368421053	rs6545468	180	C	G	19	0.6895458491895733	-0.03294247540913477	0.0001159476069292856	0.8403361844422317	0.01711345272813267	0.9752431457157757	ref	0.6895458491895733	0.0001159476069292856	0.01711345272813267	927
2	55232236	55232237	1.6578947368421053	rs17046778	100	T	G	19	0.9356938929737999	0.03686492285582039	1.2941685991754041e-05	0.9525638198521817	0.0034106187988312596	1.0	ref	0.9356938929737999	1.2941685991754041e-05	0.0034106187988312596	927
2	70141465	70141466	1.7083333333333333	rs12989257	52	T	C	12	-0.45180174642819815	0.7399859047017417	0.9961099547899966	0.0018777615830681824	1.0	0.078245082499097	alt	0.7399859047017417	0.0018777615830681824	0.078245082499097	927
2	86195669	86195670	1.8	rs34809504	50	G	C	5	1.2861646455716425	-0.7501555114616515	0.00041986730328559	0.9997804154450722	0.0378533699873253	1.0	ref	1.2861646455716425	0.00041986730328559	0.0378533699873253	927
2	96208851	96208852	1.7777777777777777	rs6725867	67	T	C	18	-0.11512218170549868	0.7343641072295929	0.9795532546261091	0.00023328779088283225	1.0	0.02158811308472295	alt	0.7343641072295929	0.00023328779088283225	0.02158811308472295	927
2	96208852	96208853	1.7777777777777777	rs6725872	67	T	C	18	-0.11512218170549868	0.7343641072295929	0.9795532546261091	0.00023328779088283225	1.0	0.02158811308472295	alt	0.7343641072295929	0.00023328779088283225	0.02158811308472295	927
2	105455802	105455803	1.8125	rs12623377	64	T	A	16	-0.21353273212710416	0.6755136458161143	0.9929493064775342	0.0009765703617687198	1.0	0.05213086786441705	alt	0.6755136458161143	0.0009765703617687198	0.05213086786441705	927
2	108786644	108786645	1.8	rs826554	63	G	C	15	0.7667598589149041	-0.18313504358281943	0.002061470482264598	0.9469770894586446	0.09397062636570197	1.0	ref	0.7667598589149041	0.002061470482264598	0.09397062636570197	927
2	108989310	108989311	1.8333333333333333	rs3749110	39	G	A	6	-0.23588229471707783	0.9948508090003586	0.994293626008169	0.002455852595174152	1.0	0.09034862469807868	alt	0.9948508090003586	0.002455852595174152	0.09034862469807868	927
2	109614114	109614115	1.7777777777777777	rs7579996	70	C	A	18	-0.04170170592290318	0.7833052184859148	0.9710645464313022	0.00039103943979576473	1.0	0.030505251502672533	alt	0.7833052184859148	0.00039103943979576473	0.030505251502672533	927
2	110106330	110106331	1.7333333333333334	rs12104935	50	G	A	15	0.9721815829257909	-0.44664820137669065	0.00030164359816904423	0.9974416976682267	0.029848001896873474	1.0	ref	0.9721815829257909	0.00030164359816904423	0.029848001896873474	927
2	113199243	113199244	1.7307692307692308	rs2305133	51	C	G	13	-0.40631155889232123	0.6193051938599216	0.9774162651557717	0.0018193294166469539	1.0	0.07702399317028973	alt	0.6193051938599216	0.0018193294166469539	0.07702399317028973	927
2	113889907	113889908	1.875	rs2279838	79	G	T	16	-0.38041847400677753	0.710858610285787	0.9978826250686699	6.152128260806982e-05	1.0	0.009599686290036125	alt	0.710858610285787	6.152128260806982e-05	0.009599686290036125	927
2	120367829	120367830	1.9	rs62168307	57	C	T	5	-0.41319993520812687	1.4806322168377193	0.9996135993255102	0.00012505971526979308	1.0	0.017637467344824805	alt	1.4806322168377193	0.00012505971526979308	0.017637467344824805	927
2	120399391	120399392	1.763157894736842	rs12616213	113	C	T	19	0.8873505750386352	-0.0003054617234257446	1.5897095017127704e-05	0.9968936588916374	0.0037937949696757118	1.0	ref	0.8873505750386352	1.5897095017127704e-05	0.0037937949696757118	927
2	127107331	127107332	1.763157894736842	rs56827597	84	A	T	19	0.5866406840464247	-0.0704298588793418	0.0023404547612610608	0.8819054904859538	0.09909504203767334	0.9880132981789427	ref	0.5866406840464247	0.0023404547612610608	0.09909504203767334	927
2	134918316	134918317	1.7142857142857142	rs2218558	45	G	A	14	-0.28502835537063	0.8896690897746551	0.9995231076778948	0.0004066769053417684	1.0	0.030505251502672533	alt	0.8896690897746551	0.0004066769053417684	0.030505251502672533	927
2	135741595	135741596	1.75	rs1438307	71	G	T	16	0.03688397067270524	0.8350459838485195	0.9789436862611676	0.000650411703671519	1.0	0.03942909846299673	alt	0.8350459838485195	0.000650411703671519	0.03942909846299673	927
2	171999787	171999788	3.4615384615384617	rs6729945	103	C	G	13	-0.031891807281976214	0.8923022872584124	0.9848211563925948	0.0003420543306572208	1.0	0.027754288389526892	alt	0.8923022872584124	0.0003420543306572208	0.027754288389526892	927
2	179974979	179974980	2.0	rs9989852	42	G	A	3	-1.4569000036288893	1.5408069472631603	1.0	0.00020534183837090313	1.0	0.02136081636591677	alt	1.5408069472631603	0.00020534183837090313	0.02136081636591677	927
2	180645004	180645005	2.0	rs62178022	79	T	C	16	0.6029833671156423	-0.12371780204429478	0.0012881514106066704	0.9255371975839938	0.0746575753261609	1.0	ref	0.6029833671156423	0.0012881514106066704	0.0746575753261609	927
2	219498765	219498766	1.8461538461538463	rs2280039	42	A	G	13	0.699479876813853	-0.2438835637250201	0.0003642760274208492	0.9952244838672626	0.03436901961038105	1.0	ref	0.699479876813853	0.0003642760274208492	0.03436901961038105	927
2	221572445	221572446	1.8611111111111112	rs16825430	79	C	A	18	-0.11679419043868738	0.5024548187396722	0.7747223675503039	0.0019367850280307497	0.9465638896572561	0.07857536858720751	alt	0.5024548187396722	0.0019367850280307497	0.07857536858720751	927
2	222433526	222433527	1.875	rs7556867	46	G	A	4	-1.6695992472073398	1.3773045799894013	0.9943996635176148	0.00028795271954540065	1.0	0.02485583368501469	alt	1.3773045799894013	0.00028795271954540065	0.02485583368501469	927
2	223941694	223941695	1.84375	rs2272318	64	G	A	16	0.7125729482561807	-0.26346352010144736	0.0013926981494004542	0.9896142715976559	0.07739967660435126	1.0	ref	0.7125729482561807	0.0013926981494004542	0.07739967660435126	927
2	224585443	224585444	1.8823529411764706	rs3768886	113	G	C	17	0.7674714879801418	0.02133370338268404	0.0019074033913627263	0.9383208153964478	0.08998064603207652	1.0	ref	0.7674714879801418	0.0019074033913627263	0.08998064603207652	927
20	16021214	16021215	1.0	rs775102	30	G	A	6	0.9723989776561138	-0.14485993919201803	0.001575081779712933	0.9899565773522053	0.08088742759867555	1.0	ref	0.9723989776561138	0.001575081779712933	0.08088742759867555	927
20	31696343	31696344	1.5555555555555556	rs17338790	38	G	A	9	-0.4416459203629052	0.8593387246766281	0.9954359029904737	0.0010465512795030016	1.0	0.05374504482207187	alt	0.8593387246766281	0.0010465512795030016	0.05374504482207187	927
20	36951752	36951753	1.5714285714285714	rs28372906	45	A	G	7	-0.1765674621334371	0.9310376871023476	0.9438083015864819	0.002791738823383076	1.0	0.09905604106453209	alt	0.9310376871023476	0.002791738823383076	0.09905604106453209	927
20	38134652	38134653	1.4	rs17196913	47	G	C	5	1.3268859155340127	-0.3618245822831051	0.00010491621218551518	0.9987822780264014	0.016676333077052147	1.0	ref	1.3268859155340127	0.00010491621218551518	0.016676333077052147	927
20	43537081	43537082	1.0	rs6130412	37	G	A	1	-1.5268855215315398	1.5950832167480957	0.9920955798583846	0.00288863808231322	1.0	0.09949951446521885	alt	1.5950832167480957	0.00288863808231322	0.09949951446521885	927
20	43845128	43845129	1.1111111111111112	rs4810395	48	C	G	9	0.8752257635451541	0.1360371764095795	0.0023650548789722046	0.9233707117019794	0.09909504203767334	1.0	ref	0.8752257635451541	0.0023650548789722046	0.09909504203767334	927
20	54067761	54067762	1.0909090909090908	rs103926	100	G	A	11	0.004407330796389927	0.6947162118258979	0.8726837713759082	0.0011240838283273632	0.9763638417271762	0.05637102733955394	alt	0.6947162118258979	0.0011240838283273632	0.05637102733955394	927
20	57031516	57031517	1.0909090909090908	rs2865354	34	A	G	11	0.6417277410173515	-0.11508559920783176	0.0022771874508375617	0.9129322145100126	0.09828244136221265	0.9994404286494574	ref	0.6417277410173515	0.0022771874508375617	0.09828244136221265	927
20	57618201	57618202	1.0909090909090908	rs1831323	51	G	A	11	0.7470678085022372	0.06438155889113661	0.0018175688290332165	0.9041056235977888	0.08961445710689434	0.9962553844011446	ref	0.7470678085022372	0.0018175688290332165	0.08961445710689434	927
20	58515536	58515537	1.25	rs11907563	33	G	A	4	-1.0637056557662214	1.0603176686263036	0.9964280815613618	0.0011254752808735197	1.0	0.05637102733955394	alt	1.0603176686263036	0.0011254752808735197	0.05637102733955394	927
20	59078430	59078431	1.1	rs6026676	23	T	G	5	0.9654516153266448	-0.8448034074636401	0.00035556138019269087	0.9890607719240496	0.03434553617718445	1.0	ref	0.9654516153266448	0.00035556138019269087	0.03434553617718445	927
22	37696843	37696844	1.6666666666666667	rs1468075	55	T	C	6	1.0328584760967023	-0.37863686872191227	0.0004738963940943713	0.9859699667530865	0.04005411814251801	1.0	ref	1.0328584760967023	0.0004738963940943713	0.04005411814251801	927
22	40636858	40636859	2.0	rs4140512	63	A	G	7	-0.22263103930543687	1.3708910431018764	0.9202691490628464	5.810351318255432e-05	0.9932914203060824	0.009429038119264915	alt	1.3708910431018764	5.810351318255432e-05	0.009429038119264915	927
22	46762546	46762547	2.0	rs2295441	54	T	C	4	-0.6741927942182431	1.6420688080140795	0.9775458597758865	0.00021160790903377617	1.0	0.021462332173750747	alt	1.6420688080140795	0.00021160790903377617	0.021462332173750747	927
3	84725083	84725084	2.1	rs79940559	57	C	T	5	-0.4169711164376701	1.7199660111382282	0.9447761935702818	5.145596598315631e-05	1.0	0.009076384956246311	alt	1.7199660111382282	5.145596598315631e-05	0.009076384956246311	927
3	87733923	87733924	1.9166666666666667	rs7649340	42	A	G	6	-0.7774529312680306	1.2690982545394016	0.999517328273555	6.68679358364098e-05	1.0	0.010047526506974613	alt	1.2690982545394016	6.68679358364098e-05	0.010047526506974613	927
3	100401424	100401425	1.5277777777777777	rs3806615	79	G	C	18	-0.19101387091987268	0.7148691008378589	0.9477726635147233	0.00015881484866105003	1.0	0.017969758468626765	alt	0.7148691008378589	0.00015881484866105003	0.017969758468626765	927
3	100492449	100492450	1.5277777777777777	rs7616839	96	A	G	18	0.08319629322671591	0.705391906530231	0.8630852820453154	0.0003223470563261796	0.9759174066256355	0.02724504182323564	alt	0.705391906530231	0.0003223470563261796	0.02724504182323564	927
3	100492480	100492481	1.5277777777777777	rs12634371	117	A	G	18	0.07419485309877097	0.6625888446013403	0.7758407226537023	0.0006164704257967772	0.9465638896572561	0.039396600712027545	alt	0.6625888446013403	0.0006164704257967772	0.039396600712027545	927
3	109910974	109910975	1.7	rs581999	55	C	T	5	0.013870472617817913	1.2685937532903087	0.9898164316295995	0.0014320397423432658	1.0	0.06518413921165919	alt	1.2685937532903087	0.0014320397423432658	0.06518413921165919	927
3	113019777	113019778	1.5833333333333333	rs7633507	39	C	T	6	-0.5751905672138417	1.1030577810100912	0.9978343543247505	0.0027509793148079915	1.0	0.09876746088651346	alt	1.1030577810100912	0.0027509793148079915	0.09876746088651346	927
3	114093796	114093797	1.75	rs12630513	58	T	C	6	-1.2302157505195237	1.224422477494925	0.9999576136649533	0.00014775365742234045	1.0	0.017969758468626765	alt	1.224422477494925	0.00014775365742234045	0.017969758468626765	927
3	119498464	119498465	1.7058823529411764	rs2280670	80	C	T	17	0.7113318968768001	-0.11956920972744597	0.00014576551699658932	0.994398234927974	0.01848033445172384	1.0	ref	0.7113318968768001	0.00014576551699658932	0.01848033445172384	927
3	121749946	121749947	1.7058823529411764	rs1574133	88	G	C	17	0.8255418068147926	-0.04030016432538604	0.00014409404520182234	0.9926556399964274	0.01848033445172384	1.0	ref	0.8255418068147926	0.00014409404520182234	0.01848033445172384	927
3	124986367	124986368	1.8125	rs6798390	55	A	G	8	0.9169070140341106	-0.3332068764191337	0.000899307804879326	0.9975225108105943	0.059070472779685385	1.0	ref	0.9169070140341106	0.000899307804879326	0.059070472779685385	927
3	129663169	129663170	1.7058823529411764	rs4234699	78	A	G	17	0.6580757047501885	-0.14694257940253602	0.0004504041264326886	0.9847702605965292	0.038878500871008886	1.0	ref	0.6580757047501885	0.0004504041264326886	0.038878500871008886	927
3	130396101	130396102	1.7857142857142858	rs9859195	48	G	T	7	-1.3337165432849312	0.9565351442099334	0.9979653409508666	0.0028472926623316786	1.0	0.09949951446521885	alt	0.9565351442099334	0.0028472926623316786	0.09949951446521885	927
3	138079221	138079222	1.75	rs2622710	58	G	C	12	-0.26058782244778855	1.1494070043611895	0.9992631603213534	1.0946314440818133e-05	1.0	0.002775574855399948	alt	1.1494070043611895	1.0946314440818133e-05	0.002775574855399948	927
3	149387061	149387062	1.6538461538461537	rs2059991	42	C	T	13	-0.12313435226633523	0.918598914721707	0.9988829493333914	0.00023753405419580346	1.0	0.02158811308472295	alt	0.918598914721707	0.00023753405419580346	0.02158811308472295	927
3	149678558	149678559	1.7142857142857142	rs66749974	59	T	G	14	0.6058424682196684	-0.14004756709941724	0.002217403363594278	0.9844456400674643	0.09709523635237824	1.0	ref	0.6058424682196684	0.002217403363594278	0.09709523635237824	927
3	156605862	156605863	1.411764705882353	rs79583142	67	G	T	17	0.5904402245262621	-0.18403577876324825	0.0007623452601821508	0.9437357015660299	0.052420927467101454	1.0	ref	0.5904402245262621	0.0007623452601821508	0.052420927467101454	927
3	171961059	171961060	1.3928571428571428	rs78714057	64	G	A	14	0.12125492652630901	0.69691830500378	0.966356518981164	0.0013037625733234447	1.0	0.06239849083580806	alt	0.69691830500378	0.0013037625733234447	0.06239849083580806	927
3	177590144	177590145	1.4166666666666667	rs6443477	73	A	C	18	-0.39958069940026636	1.160071003861622	0.9999998692539207	3.6043291007294767e-07	1.0	0.0003460757425064978	alt	1.160071003861622	3.6043291007294767e-07	0.0003460757425064978	927
3	179322862	179322863	1.4166666666666667	rs62410443	87	A	G	18	0.5616769745239505	-0.01988639619387626	0.0017735374177667365	0.7929663422416495	0.08883013955406975	0.960733673308827	ref	0.5616769745239505	0.0017735374177667365	0.08883013955406975	927
3	183099539	183099540	1.4166666666666667	rs937652	61	C	G	18	0.1295903290412173	0.5672341043261959	0.7832335638109653	0.002371622784755138	0.9465638896572561	0.08914226474981242	alt	0.5672341043261959	0.002371622784755138	0.08914226474981242	927
3	184561774	184561775	1.4166666666666667	rs59006496	72	C	T	18	-0.04704691289174537	0.7436696083944194	0.990980351750648	0.00023945405196266518	1.0	0.02158811308472295	alt	0.7436696083944194	0.00023945405196266518	0.02158811308472295	927
3	191774578	191774579	1.3571428571428572	rs144598209	64	T	A	7	0.9434219541944084	-0.5619840591050006	0.001267589016811462	0.9780439084557876	0.07453056001745074	1.0	ref	0.9434219541944084	0.001267589016811462	0.07453056001745074	927
3	193872498	193872499	1.4166666666666667	rs9839480	94	C	A	18	0.6657300000291175	0.25911414852082676	0.001435221402172314	0.6111385615759359	0.07763590971484104	0.9234931491494921	ref	0.6657300000291175	0.001435221402172314	0.07763590971484104	927
3	194003460	194003461	1.4166666666666667	rs10804421	90	G	A	18	-0.05722678505995751	0.7166799055635319	0.9490733601170427	5.667352439393144e-05	1.0	0.009429038119264915	alt	0.7166799055635319	5.667352439393144e-05	0.009429038119264915	927
3	195876794	195876795	1.411764705882353	rs12494741	47	G	A	17	0.6577676211849283	-0.2860392646035052	0.00015832058346625666	0.9959666850280028	0.0185145444117167	1.0	ref	0.6577676211849283	0.00015832058346625666	0.0185145444117167	927
3	196528862	196528863	1.4	rs11711952	42	G	C	15	0.7941336303502629	0.0183444050431438	0.00044971082408850255	0.9588552877626252	0.038878500871008886	1.0	ref	0.7941336303502629	0.00044971082408850255	0.038878500871008886	927
4	2262584	2262585	1.0	rs2233030	26	A	G	3	1.2134879812051835	-0.12950397792139176	0.0021587496732183736	0.9897485390264381	0.09624227938732903	1.0	ref	1.2134879812051835	0.0021587496732183736	0.09624227938732903	927
4	10007124	10007125	1.0	rs67968745	72	G	A	10	0.7949375489442471	0.10210322753976239	0.0012098510285061077	0.9144624789752682	0.07238843477388382	0.9997235993539917	ref	0.7949375489442471	0.0012098510285061077	0.07238843477388382	927
4	15002271	15002272	1.0	rs1532347	31	C	G	5	-0.45453215332075414	1.0457104698557331	0.9969804171390221	0.0014460371035369306	1.0	0.06518413921165919	alt	1.0457104698557331	0.0014460371035369306	0.06518413921165919	927
4	38188776	38188777	2.0	rs11096931	61	C	T	10	-0.35399508196640467	0.9104282435323338	0.9800451192644418	0.0007199983992942243	1.0	0.04160403380884407	alt	0.9104282435323338	0.0007199983992942243	0.04160403380884407	927
5	1113128	1113129	3.1666666666666665	rs4580814	39	G	T	6	-0.929662662444457	0.9641754149619506	0.939645543035916	0.0010247799597102145	1.0	0.05330169610954282	alt	0.9641754149619506	0.0010247799597102145	0.05330169610954282	927
5	36242251	36242252	1.85	rs10075150	80	A	G	10	-0.17803803432080811	0.9171706276946103	0.9846487969954999	0.0006817689654624525	1.0	0.040675539601193675	alt	0.9171706276946103	0.0006817689654624525	0.040675539601193675	927
5	39425129	39425130	1.9285714285714286	rs3756456	52	G	C	7	-0.1911831207764555	0.8281745647950235	0.9309469359240703	0.002411518519771187	0.998207983211198	0.08975716178634592	alt	0.8281745647950235	0.002411518519771187	0.08975716178634592	927
5	40437845	40437846	2.0833333333333335	rs9292777	64	C	T	6	0.950811443856838	-0.30010680836796205	0.0008139525895438564	0.9902859863123133	0.05503676092965709	1.0	ref	0.950811443856838	0.0008139525895438564	0.05503676092965709	927
5	43483857	43483858	2.05	rs13161668	128	G	C	10	-0.13164251786282963	0.7170357876755294	0.9536757886735874	0.0006312001593004167	1.0	0.039396600712027545	alt	0.7170357876755294	0.0006312001593004167	0.039396600712027545	927
6	11771025	11771026	3.75	rs9470047	116	T	C	16	0.024093654623873095	1.0504972042347747	0.9917512773696504	2.6345086866436857e-05	1.0	0.005937889856507462	alt	1.0504972042347747	2.6345086866436857e-05	0.005937889856507462	927
6	24646955	24646956	2.0	rs1883594	59	G	C	15	-0.06535338344825102	0.8151788443334671	0.9513909899759653	0.00042366977573987696	1.0	0.030693362146012156	alt	0.8151788443334671	0.00042366977573987696	0.030693362146012156	927
6	24721355	24721356	2.0	rs1923186	64	T	G	15	-0.34949552770654874	0.977207896759665	0.9320216515661863	3.7273692960257956e-05	0.998207983211198	0.007808965570714976	alt	0.977207896759665	3.7273692960257956e-05	0.007808965570714976	927
6	47188778	47188779	2.0	rs4714998	68	G	A	9	-0.3436829719074669	0.9332214628242363	0.9837978833822283	0.0005901624919436543	1.0	0.03925064311172796	alt	0.9332214628242363	0.0005901624919436543	0.03925064311172796	927
6	119349783	119349784	3.1333333333333333	rs115490458	67	C	T	15	0.919701793071203	0.33553551555888617	0.0004066241043884272	0.9378675355994535	0.037492590715996574	1.0	ref	0.919701793071203	0.0004066241043884272	0.037492590715996574	927
6	129710347	129710348	3.5	rs17057678	81	T	C	4	-0.5739300628786139	1.52456812888324	0.999237367665658	0.0001683142277071277	1.0	0.017969758468626765	alt	1.52456812888324	0.0001683142277071277	0.017969758468626765	927
6	134537208	134537209	2.5555555555555554	rs7752190	69	T	C	9	1.222187734260227	-0.5151566993731478	7.862939167244245e-06	0.9985156246640995	0.0029245823337860346	1.0	ref	1.222187734260227	7.862939167244245e-06	0.0029245823337860346	927
6	136250326	136250327	2.6	rs797553	80	G	A	15	0.8915264255925949	-0.08529953250422817	0.00013054863517886407	0.9816849105705194	0.018263303893815568	1.0	ref	0.8915264255925949	0.00013054863517886407	0.018263303893815568	927
6	136550533	136550534	2.6	rs2277099	100	A	G	15	1.2330123997892806	-0.2634186348643952	7.129474142997373e-08	0.9999998206994075	0.00011502914307145025	1.0	ref	1.2330123997892806	7.129474142997373e-08	0.00011502914307145025	927
6	137219382	137219383	2.533333333333333	rs2234711	71	A	G	15	-0.04105408170985269	1.2169784859576458	0.9917062720026263	1.211701396006627e-06	1.0	0.0006144840704498607	alt	1.2169784859576458	1.211701396006627e-06	0.0006144840704498607	927
6	158836108	158836109	2.4545454545454546	rs3103000	82	A	G	11	-0.23752105291647632	1.0567893913612376	0.9979653903521843	7.846095450812477e-06	1.0	0.0024485853264574016	alt	1.0567893913612376	7.846095450812477e-06	0.0024485853264574016	927
6	158849912	158849913	2.4285714285714284	rs2129211	83	A	G	14	-0.1308384078840294	0.9274498313765628	0.9943029793138013	1.242999718224997e-05	1.0	0.002966382268728714	alt	0.9274498313765628	1.242999718224997e-05	0.002966382268728714	927
7	7182549	7182550	3.0588235294117645	rs740531	116	C	G	17	0.057444009126030864	1.1266525509483356	0.9984162693661164	6.354247248139445e-06	1.0	0.0022381492868777993	alt	1.1266525509483356	6.354247248139445e-06	0.0022381492868777993	927
7	7182562	7182563	3.076923076923077	rs740530	106	C	T	13	0.6921123086049915	-0.019725070382453035	0.0015519745172513028	0.9545564965890083	0.08072257200626327	1.0	ref	0.6921123086049915	0.0015519745172513028	0.08072257200626327	927
7	16915632	16915633	3.066666666666667	rs6461286	100	A	G	15	0.036042525402809014	0.8801927704046685	0.9874147538113823	0.0005508842376245083	1.0	0.03724895586737717	alt	0.8801927704046685	0.0005508842376245083	0.03724895586737717	927
7	17940657	17940658	3.0	rs10268632	51	A	C	9	0.9314278434022407	-0.21829232638733795	0.002051525005259201	0.9786301513682687	0.09397062636570197	1.0	ref	0.9314278434022407	0.002051525005259201	0.09397062636570197	927
7	23014385	23014386	3.066666666666667	rs4719725	84	G	C	15	0.8810992675374235	-0.006581998161878329	0.000920728487474854	0.9708705375376796	0.05929199164580132	1.0	ref	0.8810992675374235	0.000920728487474854	0.05929199164580132	927
7	32477214	32477215	3.5	rs2392063	65	T	C	4	-0.7405493412608496	1.2167711443048794	0.9929185968555804	0.0013574531927390454	1.0	0.06280696188907803	alt	1.2167711443048794	0.0013574531927390454	0.06280696188907803	927
7	33062849	33062850	3.2857142857142856	rs13228639	103	C	T	7	-0.5912270739233829	1.096733684523056	0.9975786765408741	0.0008819155012660633	1.0	0.048350421468059714	alt	1.096733684523056	0.0008819155012660633	0.048350421468059714	927
7	33062901	33062902	3.1538461538461537	rs13228827	119	G	A	13	-0.396287868457316	0.8759026155745879	0.9960639709198222	1.047396532610401e-05	1.0	0.002775574855399948	alt	0.8759026155745879	1.047396532610401e-05	0.002775574855399948	927
7	33063099	33063100	3.125	rs10262141	95	G	C	16	-0.18385581691755287	0.8065607523438085	0.995239583014586	4.2345881822955255e-05	1.0	0.007808965570714976	alt	0.8065607523438085	4.2345881822955255e-05	0.007808965570714976	927
7	33063201	33063202	3.1333333333333333	rs72555715	132	C	T	15	0.9165626675088112	-0.3482979932786003	1.4118091964194843e-06	0.9998936487166064	0.0008182442728391211	1.0	ref	0.9165626675088112	1.4118091964194843e-06	0.0008182442728391211	927
7	36109350	36109351	3.5	rs9655366	88	T	C	2	1.5307782797399212	-1.0799299201829937	0.0015238422198048539	0.9656192763544919	0.0802886738408869	1.0	ref	1.5307782797399212	0.0015238422198048539	0.0802886738408869	927
7	36152996	36152997	3.1176470588235294	rs12533197	204	T	G	17	0.6881606709908357	-0.053680961196615334	0.0006599440070013557	0.9533200327176964	0.050530833505599296	1.0	ref	0.6881606709908357	0.0006599440070013557	0.050530833505599296	927
7	50534928	50534929	4.0	rs11763051	168	T	C	11	1.0174049617764755	-0.06254044546370294	8.061801062176834e-06	0.999786786403878	0.0029245823337860346	1.0	ref	1.0174049617764755	8.061801062176834e-06	0.0029245823337860346	927
7	55186342	55186343	4.2	rs2075107	157	T	C	5	1.269014298174408	-0.13800273644159772	0.00021008988789250803	0.9987642666469964	0.022429859873155395	1.0	ref	1.269014298174408	0.00021008988789250803	0.022429859873155395	927
7	103344763	103344764	2.625	rs2074624	48	C	G	8	-0.2720531429407863	1.0031793695395548	0.9301730205682999	0.0004135540627673131	0.9980724529081175	0.030505251502672533	alt	1.0031793695395548	0.0004135540627673131	0.030505251502672533	927
7	135170739	135170740	3.0	rs292507	105	G	A	15	0.03623432835197357	0.9040196020688487	0.9289437686431004	0.0006223906295075844	0.997405202700094	0.039396600712027545	alt	0.9040196020688487	0.0006223906295075844	0.039396600712027545	927
7	139340347	139340348	3.0	rs11765421	91	G	A	17	-0.11448737851826975	0.6311885073473977	0.9943926067710179	0.00013102348571380153	1.0	0.01771874271802976	alt	0.6311885073473977	0.00013102348571380153	0.01771874271802976	927
7	141738139	141738140	3.0	rs62486738	67	C	A	10	0.21661140940374893	0.9760624128422685	0.9907233701794274	0.00046468454490133297	1.0	0.03250388273559841	alt	0.9760624128422685	0.00046468454490133297	0.03250388273559841	927
7	155297445	155297446	3.0	rs9768501	52	A	G	9	1.10071613251276	-0.25953139426150473	9.920799693705926e-05	0.9396784161634208	0.016676333077052147	1.0	ref	1.10071613251276	9.920799693705926e-05	0.016676333077052147	927
7	155922225	155922226	3.0	rs62481743	99	C	A	11	0.8367102047563669	-0.05272984274225628	0.0006969060139319337	0.9949980708498666	0.050530833505599296	1.0	ref	0.8367102047563669	0.0006969060139319337	0.050530833505599296	927
7	155922386	155922387	3.0	rs6459968	59	A	G	10	1.0346263848176784	0.037824019082324564	0.0021035232451845514	0.9310927094061894	0.09482215339681917	1.0	ref	1.0346263848176784	0.0021035232451845514	0.09482215339681917	927
7	155951608	155951609	3.0	rs1870735	127	C	G	17	0.6438965189563868	-0.019329668392268302	0.001609287390606858	0.918382358644693	0.0816109867961503	1.0	ref	0.6438965189563868	0.001609287390606858	0.0816109867961503	927
7	158740120	158740121	3.0	rs59345485	50	G	C	7	0.03977131247103459	1.2172197736553507	0.961076391285582	0.0020221966032083743	1.0	0.08043187861976837	alt	1.2172197736553507	0.0020221966032083743	0.08043187861976837	927
7	158829721	158829722	3.0	rs115040231	70	C	T	9	-0.12534324676328873	1.0822044460963907	0.9903883005290948	0.0007280962288459278	1.0	0.04160403380884407	alt	1.0822044460963907	0.0007280962288459278	0.04160403380884407	927
7	158856612	158856613	3.0	rs2788472	105	T	C	17	0.5285754849951793	-0.10170423352526635	0.0018845457018081208	0.8445217293158456	0.08994825779100643	0.975635882383555	ref	0.5285754849951793	0.0018845457018081208	0.08994825779100643	927
8	94373367	94373368	1.1666666666666667	rs2445727	51	T	C	9	0.8562663879163266	-0.19551624616254884	0.0006229752082476191	0.995439855568956	0.04955706705609001	1.0	ref	0.8562663879163266	0.0006229752082476191	0.04955706705609001	927
8	100310533	100310534	1.1333333333333333	rs1660345	45	C	A	15	0.699904992353252	-0.09204578697530244	0.0012133136713394378	0.9639602056108963	0.07238843477388382	1.0	ref	0.699904992353252	0.0012133136713394378	0.07238843477388382	927
8	100472383	100472384	1.15	rs881491	52	G	C	10	-0.41347204991819864	1.05473830884884	0.9955646511320272	9.332988580704099e-06	1.0	0.002704566762279752	alt	1.05473830884884	9.332988580704099e-06	0.002704566762279752	927
8	108443442	108443443	1.1333333333333333	rs3737500	93	T	A	15	0.846951128817494	0.11739768567815984	6.0229728056833214e-05	0.9630582903087161	0.011591975796254891	1.0	ref	0.846951128817494	6.0229728056833214e-05	0.011591975796254891	927
8	109865865	109865866	1.25	rs7833816	49	A	G	6	-0.5143961005195089	0.9506706445084439	0.995112117861197	0.0010220453665167814	1.0	0.05330169610954282	alt	0.9506706445084439	0.0010220453665167814	0.05330169610954282	927
8	109865932	109865933	1.25	rs7834319	39	G	A	4	-0.4487609039709871	1.0738680464725672	0.9669626689196957	0.0017137552011164574	1.0	0.07557287881445074	alt	1.0738680464725672	0.0017137552011164574	0.07557287881445074	927
8	140634076	140634077	1.2916666666666667	rs11166985	72	A	G	12	1.166853959966778	-0.5735895572376363	8.505975578367038e-08	0.9999974409095932	0.00011502914307145025	1.0	ref	1.166853959966778	8.505975578367038e-08	0.00011502914307145025	927
8	144786874	144786875	1.3666666666666667	rs4637890	58	G	A	15	0.27056425253047833	0.9010928856350299	0.9609170275718568	0.001362339819137014	1.0	0.06280696188907803	alt	0.9010928856350299	0.001362339819137014	0.06280696188907803	927
8	144787413	144787414	1.4230769230769231	rs2955233	53	A	G	13	1.1360190464986895	-0.16553122585482996	1.1902702586167117e-06	0.99998739996113	0.0008048210732013333	1.0	ref	1.1360190464986895	1.1902702586167117e-06	0.0008048210732013333	927
8	144792396	144792397	1.4166666666666667	rs2954658	37	C	T	12	-0.3408830509235803	0.8284790338962618	0.9975269682551094	0.0001402445563751185	1.0	0.017780380162932995	alt	0.8284790338962618	0.0001402445563751185	0.017780380162932995	927
8	145003003	145003004	1.3928571428571428	rs2294042	75	C	T	14	1.1545878351367151	-0.1465628330564819	6.195970727852785e-07	0.9973229522679529	0.0005027410648579749	1.0	ref	1.1545878351367151	6.195970727852785e-07	0.0005027410648579749	927
9	98989806	98989807	2.0	rs1543709	55	C	T	4	1.4660323522765901	-0.18252455712089144	0.00018136809648687765	0.9982682180884611	0.02043917687353507	1.0	ref	1.4660323522765901	0.00018136809648687765	0.02043917687353507	927
9	129081003	129081004	2.0	rs28365568	76	G	A	9	1.462602476402956	0.095569885158233	3.656406850112419e-06	0.9976539886990262	0.0016482269545451203	1.0	ref	1.462602476402956	3.656406850112419e-06	0.0016482269545451203	927
