#chr	start	end	mean_bad	id	max_cover	ref	alt	n_reps	ref_comb_es	alt_comb_es	ref_comb_pval	alt_comb_pval	ref_fdr_comb_pval	alt_fdr_comb_pval	pref_allele	comb_es	comb_pval	fdr_comb_pval	2320
1	65762322	65762323	1.0	rs10889582	35	T	G	5	-0.31258285894690724	0.981384021235155	0.9951111638632338	0.0006783443915600553	1.0	0.05359612996962885	alt	0.981384021235155	0.0006783443915600553	0.05359612996962885	2320
1	74733102	74733103	1.0	rs41289224	117	G	A	9	0.03980776877713398	0.7743497635213502	0.9318516340563028	0.0008315302451023732	1.0	0.05827846102972929	alt	0.7743497635213502	0.0008315302451023732	0.05827846102972929	2320
1	76862678	76862679	1.0	rs1875650	30	C	G	3	-0.2944438879835523	1.215366307085782	0.9502585518767964	0.001986354843376695	1.0	0.09210574612211321	alt	1.215366307085782	0.001986354843376695	0.09210574612211321	2320
1	79900156	79900157	1.0	rs80266529	30	A	G	5	1.0929117678598794	-0.35316695442219104	0.0011884487728894067	0.9758004799670197	0.07514653010116094	1.0	ref	1.0929117678598794	0.0011884487728894067	0.07514653010116094	2320
1	80154224	80154225	1.0	rs12145686	40	C	A	3	0.25958692695225316	1.867893259815713	0.9998149922780263	0.00015668488364466282	1.0	0.022850721256694212	alt	1.867893259815713	0.00015668488364466282	0.022850721256694212	2320
1	82226316	82226317	1.0	rs6659379	59	A	G	9	-0.018648018864362455	0.8489980796108518	0.9761934486997506	0.0021083067913081925	1.0	0.0953083690168551	alt	0.8489980796108518	0.0021083067913081925	0.0953083690168551	2320
1	89306432	89306433	1.0	rs138100262	25	G	A	3	-0.7190931654222801	1.227705943209359	0.9915123965592377	0.0009281850241128198	1.0	0.059981608967422315	alt	1.227705943209359	0.0009281850241128198	0.059981608967422315	2320
1	106620819	106620820	1.0	rs11184940	110	C	T	9	0.11261252456778238	0.9137184949103511	0.9039663860859996	0.0019267327403488003	0.9958273677773993	0.09026692973178162	alt	0.9137184949103511	0.0019267327403488003	0.09026692973178162	2320
1	145281302	145281303	1.0	rs146588621	32	A	G	6	1.2181910248409822	-0.22606224105066564	0.0006832804949459766	0.9994111042186883	0.05419493188860983	1.0	ref	1.2181910248409822	0.0006832804949459766	0.05419493188860983	2320
1	157968756	157968757	1.0	rs2777813	31	G	A	7	0.8593957108906153	-0.6347632109281831	0.00023866612721796696	0.9965626079402662	0.031275639453693584	1.0	ref	0.8593957108906153	0.00023866612721796696	0.031275639453693584	2320
1	165092800	165092801	1.0	rs6691653	32	T	C	4	1.1500545574790753	-0.9722545057262004	0.0004389962373801035	0.9968775723529631	0.040931013995005316	1.0	ref	1.1500545574790753	0.0004389962373801035	0.040931013995005316	2320
1	165456242	165456243	1.0	rs2194900	33	A	G	3	-0.822915300033301	1.1666376320693013	0.9933353202473184	0.0013765693638508611	1.0	0.07278912390607886	alt	1.1666376320693013	0.0013765693638508611	0.07278912390607886	2320
1	165456298	165456299	1.0	rs7519141	34	A	G	5	-0.7087696286155507	1.3506013125320906	0.967313400422662	5.477681359318858e-05	1.0	0.011792665440705027	alt	1.3506013125320906	5.477681359318858e-05	0.011792665440705027	2320
1	165598317	165598318	1.0	rs4147148	69	T	G	9	0.8035813260992308	0.14212945964880028	0.0016185396680047633	0.8900174577017442	0.09069148106775941	0.9899788230457832	ref	0.8035813260992308	0.0016185396680047633	0.09069148106775941	2320
1	168719599	168719600	1.0	rs11582481	37	A	C	5	1.0302850747049992	-0.5081334537985672	0.0010038330503704788	0.9832802094003223	0.06704196250658108	1.0	ref	1.0302850747049992	0.0010038330503704788	0.06704196250658108	2320
1	171424647	171424648	1.0	rs7540116	37	T	C	4	1.0655428466718042	-0.7764421751256563	0.0008870991375241964	0.9971468349602194	0.06471909405593283	1.0	ref	1.0655428466718042	0.0008870991375241964	0.06471909405593283	2320
1	171424660	171424661	1.0	rs12121150	48	C	T	4	1.1441268745938356	-0.8307565116593876	0.00025252716397955953	0.9981937295257697	0.03215986784088982	1.0	ref	1.1441268745938356	0.00025252716397955953	0.03215986784088982	2320
1	187654809	187654810	1.0	rs10912115	40	G	A	7	1.3126701481326772	0.002789664948729481	4.619776207312107e-05	0.9903587942743795	0.010443004116629018	1.0	ref	1.3126701481326772	4.619776207312107e-05	0.010443004116629018	2320
1	195791955	195791956	1.0	rs2989982	44	A	G	6	1.1696071558820567	-0.7311787559955979	0.0001900177383553442	0.9967005520420945	0.026845943597015972	1.0	ref	1.1696071558820567	0.0001900177383553442	0.026845943597015972	2320
1	195792075	195792076	1.0	rs3010164	74	C	T	6	1.2744748089148565	-0.5016945451331705	3.44647621032291e-07	0.9999568260625707	0.00044518625562485367	1.0	ref	1.2744748089148565	3.44647621032291e-07	0.00044518625562485367	2320
1	211196998	211196999	1.0	rs3125843	26	T	G	5	1.104463436426684	-0.7183141996619107	5.4220734395662284e-05	0.9999163296062344	0.011957655619648254	1.0	ref	1.104463436426684	5.4220734395662284e-05	0.011957655619648254	2320
1	215476247	215476248	1.0	rs1876406	43	T	A	5	1.301542062887713	-1.3762172509054547	8.074934626323074e-06	0.9998347613311516	0.002969449474402993	1.0	ref	1.301542062887713	8.074934626323074e-06	0.002969449474402993	2320
1	218874526	218874527	1.0	rs11118171	56	A	T	8	0.8290808764321973	-0.23546737375195423	0.0005008875723932414	0.9782229940942098	0.04354832143826624	1.0	ref	0.8290808764321973	0.0005008875723932414	0.04354832143826624	2320
1	237032218	237032219	1.0	rs12127489	27	C	T	1	-2.020765566175815	1.6002308311133349	1.0	0.0023360713748206943	1.0	0.09963564797702225	alt	1.6002308311133349	0.0023360713748206943	0.09963564797702225	2320
1	238384625	238384626	1.0	rs1342068	32	C	T	3	-0.2711229450112948	1.3400542381815228	0.9957201750652197	0.0010429869607916508	1.0	0.06370883701081592	alt	1.3400542381815228	0.0010429869607916508	0.06370883701081592	2320
1	241213211	241213212	1.0	rs2686226	66	T	C	7	2.0072352123536734	0.07221749106716774	1.2660785053688313e-06	0.999999614427025	0.0007868320516573313	1.0	ref	2.0072352123536734	1.2660785053688313e-06	0.0007868320516573313	2320
1	242019141	242019142	1.0	rs1519906	57	C	T	7	0.216451251544633	0.8989299347211532	0.8774707060075506	0.00046102923035535367	0.9902147040026498	0.04262592304846834	alt	0.8989299347211532	0.00046102923035535367	0.04262592304846834	2320
1	245859834	245859835	1.0	rs10924363	32	G	T	5	-0.40089170666773233	1.1330224210849849	0.9991660055960162	0.00023284947552969684	1.0	0.029653872644218572	alt	1.1330224210849849	0.00023284947552969684	0.029653872644218572	2320
1	246166568	246166569	1.0	rs2878075	57	C	T	9	0.6783036155673031	-0.1708715208754609	0.001044356567349227	0.9504577770052827	0.06757457245407018	1.0	ref	0.6783036155673031	0.001044356567349227	0.06757457245407018	2320
1	246932012	246932013	1.0	rs182092266	79	G	A	8	0.16740418055637143	0.8683404114938236	0.965212180331666	0.00034117953034093354	1.0	0.03505619674253092	alt	0.8683404114938236	0.00034117953034093354	0.03505619674253092	2320
10	6912632	6912633	1.0	rs4748519	40	G	A	8	1.2420275115096164	-0.2641364648041393	3.7147651780934067e-06	0.9997530667882583	0.0016794453370160291	1.0	ref	1.2420275115096164	3.7147651780934067e-06	0.0016794453370160291	2320
10	6912664	6912665	1.0	rs4748520	29	T	G	5	1.147826843842123	-0.3302998452662513	0.00045051297025109895	0.9944178768764041	0.04104289738689407	1.0	ref	1.147826843842123	0.00045051297025109895	0.04104289738689407	2320
10	19432208	19432209	1.0	rs2496097	35	T	C	8	0.33452164525439027	0.9646072440031461	0.943542445854658	0.0003934520507374936	1.0	0.03855838570601587	alt	0.9646072440031461	0.0003934520507374936	0.03855838570601587	2320
10	24383233	24383234	1.0	rs7906883	45	A	G	7	1.5483798893463006	-0.06609462877443811	6.287595664442395e-08	0.9999993467740513	0.00014213109999472033	1.0	ref	1.5483798893463006	6.287595664442395e-08	0.00014213109999472033	2320
10	26946186	26946187	1.0	rs10829142	50	G	A	8	0.9168988342137792	-0.24754337155574704	0.00021887373043197317	0.99471901206209	0.029708319871498804	1.0	ref	0.9168988342137792	0.00021887373043197317	0.029708319871498804	2320
10	42960695	42960696	1.0	rs3121315	35	C	T	7	0.8860859367570924	-0.39449398775467864	0.0011109802630358007	0.9943422800275328	0.07074284181950499	1.0	ref	0.8860859367570924	0.0011109802630358007	0.07074284181950499	2320
10	46546892	46546893	1.0	rs4244615	34	C	T	4	1.4538566653151508	-1.5891098677357247	4.505728415505971e-06	0.999974250567346	0.001783205853753203	1.0	ref	1.4538566653151508	4.505728415505971e-06	0.001783205853753203	2320
10	55146371	55146372	1.0	rs7905853	46	C	T	5	0.9442261498356526	-0.5362089888466017	0.0003502526736492954	0.9811761240028798	0.037702198513534874	1.0	ref	0.9442261498356526	0.0003502526736492954	0.037702198513534874	2320
10	55161078	55161079	1.0	rs2589452	41	C	A	3	1.2493866637140274	-0.7482781776988332	0.0010945033702980096	0.9984831621498875	0.07018793953357874	1.0	ref	1.2493866637140274	0.0010945033702980096	0.07018793953357874	2320
10	55161111	55161112	1.0	rs2589453	49	C	T	5	1.4297742132369087	-0.8967543391014487	1.3052953743485921e-06	0.9999433632154251	0.0007868320516573313	1.0	ref	1.4297742132369087	1.3052953743485921e-06	0.0007868320516573313	2320
10	66505466	66505467	1.0	rs72791598	44	C	T	8	0.8938258791716227	-0.009079697780178336	0.0013081834036046379	0.9729617858180529	0.0769019797353265	1.0	ref	0.8938258791716227	0.0013081834036046379	0.0769019797353265	2320
10	66505559	66505560	1.0	rs72791600	51	G	A	7	1.270272441998296	-0.3199966178685687	1.9627957774405193e-06	0.9998553690579336	0.0011092249637260734	1.0	ref	1.270272441998296	1.9627957774405193e-06	0.0011092249637260734	2320
10	66505567	66505568	1.0	rs72791601	46	A	G	7	1.4487163308142095	-0.5576003142527337	2.908870145358642e-08	0.9999169878389259	0.0001315100192716642	1.0	ref	1.4487163308142095	2.908870145358642e-08	0.0001315100192716642	2320
10	80503213	80503214	1.0	rs72819601	47	C	T	4	-0.1603874548063816	1.3535775898420304	0.9984304614881376	0.0001409622761325022	1.0	0.021975532772242845	alt	1.3535775898420304	0.0001409622761325022	0.021975532772242845	2320
10	84540213	84540214	1.0	rs183269691	69	C	T	8	1.2572065175513107	-0.5850080143991527	4.910119547775031e-08	0.9999884420542059	0.00014213109999472033	1.0	ref	1.2572065175513107	4.910119547775031e-08	0.00014213109999472033	2320
10	105074137	105074138	1.0	rs790743	56	G	C	5	-0.21532377163375993	0.9925424730546507	0.9814505500110348	0.001437719419678519	1.0	0.07483294473045739	alt	0.9925424730546507	0.001437719419678519	0.07483294473045739	2320
10	105074212	105074213	1.0	rs790742	52	G	A	6	-0.17440730156854645	0.8853411239142619	0.9474534190079879	0.0021802916143337527	1.0	0.09564612164741637	alt	0.8853411239142619	0.0021802916143337527	0.09564612164741637	2320
10	111593924	111593925	1.0	rs1914088	38	T	C	6	-0.41575012299256786	1.377228179404619	0.9999872045542292	1.111751663498756e-06	1.0	0.0007547955817988346	alt	1.377228179404619	1.111751663498756e-06	0.0007547955817988346	2320
10	111593995	111593996	1.0	rs1914089	32	A	G	4	-1.3279858944961966	1.414187317851395	0.9742479629409593	7.709674277526968e-06	1.0	0.003319565467495183	alt	1.414187317851395	7.709674277526968e-06	0.003319565467495183	2320
10	111594019	111594020	1.0	rs1914090	27	T	C	3	-0.718815674875546	1.2377810664001667	0.9721373149680457	0.0008255195649962937	1.0	0.05827846102972929	alt	1.2377810664001667	0.0008255195649962937	0.05827846102972929	2320
10	116974834	116974835	1.0	rs11197861	29	T	C	5	-0.2347153514742213	0.996631902595104	0.9978204360340174	0.0021810427669353215	1.0	0.09564612164741637	alt	0.996631902595104	0.0021810427669353215	0.09564612164741637	2320
11	5923396	5923397	1.0	rs1840177	39	T	G	6	0.9845140385030038	-0.529587963055893	0.0003388066689374176	0.9813879372361906	0.03748898707358949	1.0	ref	0.9845140385030038	0.0003388066689374176	0.03748898707358949	2320
11	15716716	15716717	1.0	rs7103138	73	G	A	7	-0.3204392071788782	0.819811389608093	0.9733709097250626	0.00026054079096524547	1.0	0.030594932881918824	alt	0.819811389608093	0.00026054079096524547	0.030594932881918824	2320
11	21177505	21177506	1.0	rs4338525	46	G	A	8	-0.17538082950696338	0.7206203729621412	0.984153449613046	0.0015832440126877152	1.0	0.07997593498727552	alt	0.7206203729621412	0.0015832440126877152	0.07997593498727552	2320
11	21177650	21177651	1.0	rs10833474	49	A	G	8	-0.17315770988010667	0.8030303980754502	0.9729384003153264	0.0010258499690549844	1.0	0.06353243438489842	alt	0.8030303980754502	0.0010258499690549844	0.06353243438489842	2320
11	24400441	24400442	1.0	rs6484048	53	A	G	8	1.1689366029640131	-0.39580565721506045	1.0454576604709367e-06	0.9999714278749395	0.0007271560127675546	1.0	ref	1.1689366029640131	1.0454576604709367e-06	0.0007271560127675546	2320
11	24400537	24400538	1.0	rs6484049	39	C	G	5	1.4855386820894663	-0.9843903891152628	7.046561550582586e-07	0.9999979789719208	0.0006052461935678099	1.0	ref	1.4855386820894663	7.046561550582586e-07	0.0006052461935678099	2320
11	36868549	36868550	1.0	rs7937807	55	G	A	7	0.20810734983453827	0.9323988236559084	0.9822566765001383	0.0017011181078175207	1.0	0.08269628995100012	alt	0.9323988236559084	0.0017011181078175207	0.08269628995100012	2320
11	37504992	37504993	1.0	rs74759245	78	C	T	7	1.1085871821802353	-0.00241785803386263	0.0009879032243611465	0.9902844108778089	0.0669535883333211	1.0	ref	1.1085871821802353	0.0009879032243611465	0.0669535883333211	2320
11	42175330	42175331	1.0	rs4755594	50	C	T	7	0.9563346330179687	-0.7369776705529352	4.1650377868533375e-05	0.999435950252146	0.00965647991505843	1.0	ref	0.9563346330179687	4.1650377868533375e-05	0.00965647991505843	2320
11	42410433	42410434	1.0	rs7480950	41	T	C	5	-0.2940854589198911	1.2886424733717243	0.9998738360499015	3.605010131888152e-05	1.0	0.009054583781259075	alt	1.2886424733717243	3.605010131888152e-05	0.009054583781259075	2320
11	42631715	42631716	1.0	rs77681725	63	G	A	8	-0.10170969052502124	0.791906843074091	0.9714076398227707	0.0020702881059072365	1.0	0.09454315683643047	alt	0.791906843074091	0.0020702881059072365	0.09454315683643047	2320
11	43937637	43937638	1.0	rs2037301	27	C	T	6	0.7188615629837292	-0.7420649607479037	0.0018032719336600047	0.9271462555614844	0.09763583727038182	0.9995746985955353	ref	0.7188615629837292	0.0018032719336600047	0.09763583727038182	2320
11	56706664	56706665	1.0	rs7113096	72	T	A	7	0.7810485146214472	-0.26790688126059853	0.0007655063759141663	0.9795110346571547	0.05915990300013583	1.0	ref	0.7810485146214472	0.0007655063759141663	0.05915990300013583	2320
11	57712259	57712260	1.0	rs1424751	47	G	C	6	1.067742535138922	0.1680638716298844	0.0018403992786422574	0.9856393868804887	0.09839981778375718	1.0	ref	1.067742535138922	0.0018403992786422574	0.09839981778375718	2320
11	80083878	80083879	1.0	rs12271091	52	T	A	8	-0.0655088413346422	0.9442035715166859	0.8143569129482129	0.0006729209733717274	0.9828073015819427	0.05359612996962885	alt	0.9442035715166859	0.0006729209733717274	0.05359612996962885	2320
11	83156651	83156652	1.0	rs12269877	113	G	T	8	1.0012003050057479	-0.4954114638535445	7.962458189008599e-08	0.9999609739688899	0.0001439930938900315	1.0	ref	1.0012003050057479	7.962458189008599e-08	0.0001439930938900315	2320
11	84818208	84818209	1.25	rs10792782	67	C	A	8	0.8952009028146993	-0.03871877618053156	0.0004276697936403287	0.9526136289612324	0.040931013995005316	1.0	ref	0.8952009028146993	0.0004276697936403287	0.040931013995005316	2320
11	86623365	86623366	1.4	rs7115834	41	C	A	5	-0.9402822598210756	1.2383317892963754	0.9726640123815893	0.00011962973821782127	1.0	0.020031335054917405	alt	1.2383317892963754	0.00011962973821782127	0.020031335054917405	2320
11	113190489	113190490	1.25	rs11214535	50	T	C	8	-0.3198522609004314	0.9574115152836246	0.9985919921570073	0.00020222692285819173	1.0	0.027705088431572267	alt	0.9574115152836246	0.00020222692285819173	0.027705088431572267	2320
11	115163090	115163091	1.25	rs11215390	50	G	A	6	-0.5439668876805367	0.8834170810857076	0.9899058542917571	0.000730450858918455	1.0	0.05550198879277874	alt	0.8834170810857076	0.000730450858918455	0.05550198879277874	2320
11	116367064	116367065	1.25	rs488435	57	C	T	8	-0.2083659202138533	1.200035442655568	0.9998798275047756	3.0676273255524344e-05	1.0	0.00840529887201367	alt	1.200035442655568	3.0676273255524344e-05	0.00840529887201367	2320
11	116367252	116367253	1.2857142857142858	rs490296	59	T	C	7	-0.4425821832799769	0.9461690345492959	0.9956002830237538	0.0005762898090125656	1.0	0.04937831843971225	alt	0.9461690345492959	0.0005762898090125656	0.04937831843971225	2320
11	126970006	126970007	1.25	rs78492059	36	C	T	6	-0.6196883103941863	0.9545193993161706	0.999409484085677	0.0008378898400646768	1.0	0.05827846102972929	alt	0.9545193993161706	0.0008378898400646768	0.05827846102972929	2320
11	131033165	131033166	1.25	rs875982	62	C	T	8	0.8132210781344021	-0.18927439020125508	0.0017095491175113603	0.9527982850430095	0.0948327798805995	1.0	ref	0.8132210781344021	0.0017095491175113603	0.0948327798805995	2320
11	131033197	131033198	1.25	rs875981	68	C	T	8	0.8836974321701867	-0.24707036502292423	0.0006797105114063386	0.984967815256701	0.05419493188860983	1.0	ref	0.8836974321701867	0.0006797105114063386	0.05419493188860983	2320
11	132065031	132065032	1.3333333333333333	rs1793636	56	G	C	6	0.9379450440306136	-0.8054566199429449	0.0004276889713920164	0.9958884913677074	0.040931013995005316	1.0	ref	0.9379450440306136	0.0004276889713920164	0.040931013995005316	2320
11	133854762	133854763	1.3333333333333333	rs75345100	42	T	C	6	-0.39376869946713305	1.060028692695317	0.998623401019247	0.00030707412795041064	1.0	0.034204302071347004	alt	1.060028692695317	0.00030707412795041064	0.034204302071347004	2320
12	8243214	8243215	1.25	rs4883091	46	A	T	8	1.3503804273425082	-0.32577420979943655	4.489577418566357e-06	0.9999728177068552	0.001783205853753203	1.0	ref	1.3503804273425082	4.489577418566357e-06	0.001783205853753203	2320
12	15978823	15978824	1.4	rs2061752	46	C	T	5	-0.6755077149043572	1.07245134243496	0.9925315353381521	0.0007640982249527648	1.0	0.05571754959695887	alt	1.07245134243496	0.0007640982249527648	0.05571754959695887	2320
12	21437853	21437854	1.25	rs2110165	60	C	A	8	-0.18885868406974238	0.8302914778831706	0.9464446154320981	0.0010830683933043155	1.0	0.06440908499227731	alt	0.8302914778831706	0.0010830683933043155	0.06440908499227731	2320
12	30417965	30417966	1.0	rs1506370	48	A	G	7	-0.21279265554185073	0.9147809930703491	0.9854707172384338	0.0006816583661255604	1.0	0.05359612996962885	alt	0.9147809930703491	0.0006816583661255604	0.05359612996962885	2320
12	43586731	43586732	1.0	rs957217	46	A	G	4	-0.6419486709176871	1.8260498652470525	0.9999980323017531	6.988257147283546e-07	1.0	0.0007020869013970868	alt	1.8260498652470525	6.988257147283546e-07	0.0007020869013970868	2320
12	59041990	59041991	1.0	rs190680644	28	A	T	3	1.3092511876445418	-1.4058036824793767	0.00013982373337947384	0.9996753137410649	0.02330503462282435	1.0	ref	1.3092511876445418	0.00013982373337947384	0.02330503462282435	2320
12	74286064	74286065	1.0	rs476953	45	A	G	6	0.8425062828376518	-0.3079957488406871	0.0009414717386370176	0.9947466537962463	0.06495523752496929	1.0	ref	0.8425062828376518	0.0009414717386370176	0.06495523752496929	2320
12	74449973	74449974	1.0	rs2126135	42	T	C	7	1.3063396422220683	0.42550578398209116	0.00015931735549308817	0.9974573800048285	0.024416059802855987	1.0	ref	1.3063396422220683	0.00015931735549308817	0.024416059802855987	2320
12	79127398	79127399	1.0	rs12312411	36	G	A	7	0.8829609271292505	-0.47928925499947167	0.0012682186544543343	0.9935507392517599	0.0769019797353265	1.0	ref	0.8829609271292505	0.0012682186544543343	0.0769019797353265	2320
12	82314681	82314682	1.0	rs113849936	80	G	C	8	0.9260328592897502	-0.048216868462639464	0.0004321248087798044	0.9731023148722103	0.040931013995005316	1.0	ref	0.9260328592897502	0.0004321248087798044	0.040931013995005316	2320
12	84772487	84772488	1.0	rs2198282	27	T	C	6	0.9835548249818798	-0.293886324748343	0.0010462773881408788	0.9803165000755454	0.06757457245407018	1.0	ref	0.9835548249818798	0.0010462773881408788	0.06757457245407018	2320
12	115156154	115156155	1.0	rs146439261	72	C	A	8	-0.15723936308783926	0.8062620423609625	0.9691727793351587	0.0003387423899262643	1.0	0.03505619674253092	alt	0.8062620423609625	0.0003387423899262643	0.03505619674253092	2320
12	116925238	116925239	1.0	rs7952766	50	T	G	8	1.313078158192254	-0.1333160499051634	2.3814357381088997e-06	0.9919673526516045	0.001266643643763569	1.0	ref	1.313078158192254	2.3814357381088997e-06	0.001266643643763569	2320
12	116925244	116925245	1.0	rs4562926	49	G	A	8	1.2474692359226047	-0.13495654152488049	8.538562965547203e-06	0.9998670932194361	0.002969449474402993	1.0	ref	1.2474692359226047	8.538562965547203e-06	0.002969449474402993	2320
12	117699693	117699694	1.0	rs56336826	34	G	C	3	1.5510127377227538	-1.1558232590960271	3.456397501935542e-05	0.9550207175678583	0.008929356060714622	1.0	ref	1.5510127377227538	3.456397501935542e-05	0.008929356060714622	2320
12	127355233	127355234	1.0	rs10773391	34	C	G	3	1.5530110562657804	-1.2642829937306486	0.0003876736334882639	0.9731169169938955	0.039385898808998676	1.0	ref	1.5530110562657804	0.0003876736334882639	0.039385898808998676	2320
12	127559912	127559913	1.0	rs11059260	46	A	G	5	1.4271879611453735	-0.29886252623692167	1.289936154591036e-05	0.9992107205461154	0.00402193196890074	1.0	ref	1.4271879611453735	1.289936154591036e-05	0.00402193196890074	2320
13	20120726	20120727	1.0	rs28435138	42	G	A	5	1.1208476212431955	-0.40389744806590777	0.0006617623114055219	0.9891374575867731	0.05342548946186366	1.0	ref	1.1208476212431955	0.0006617623114055219	0.05342548946186366	2320
13	28719904	28719905	1.0	rs66964313	43	G	C	7	-0.8747520610611669	1.0798607263332345	0.9991373084279298	1.0503757601616216e-05	1.0	0.004129346792774514	alt	1.0798607263332345	1.0503757601616216e-05	0.004129346792774514	2320
13	28750409	28750410	1.0	rs1792037	29	G	C	5	-0.7901443665783237	1.136597112268643	0.999604995067783	8.878869998953378e-05	1.0	0.016384233169497234	alt	1.136597112268643	8.878869998953378e-05	0.016384233169497234	2320
13	37656880	37656881	1.0	rs7331553	85	G	A	8	-0.05201310837419751	0.8110801850154892	0.9472488378493137	0.0008680987812209443	1.0	0.05901766300601337	alt	0.8110801850154892	0.0008680987812209443	0.05901766300601337	2320
13	50589312	50589313	1.0	rs1239688	31	C	A	6	0.8583811028922606	-0.2765570662588382	0.0013078490572430684	0.9487211922725161	0.0769019797353265	1.0	ref	0.8583811028922606	0.0013078490572430684	0.0769019797353265	2320
13	54210900	54210901	1.0	rs1360776	38	T	C	6	-0.19013362816439028	1.0305990632053394	0.9878586987116492	0.0007533587762697607	1.0	0.05571754959695887	alt	1.0305990632053394	0.0007533587762697607	0.05571754959695887	2320
13	63435904	63435905	1.0	rs7326081	24	T	G	2	-1.7359189141351055	1.3142913194101176	1.0	0.0006904699005080181	1.0	0.053820938279254306	alt	1.3142913194101176	0.0006904699005080181	0.053820938279254306	2320
13	74270142	74270143	1.0	rs9592977	38	G	A	7	0.8941716650657925	-0.3226404998739359	0.0006598324742536072	0.9653519561385691	0.05342548946186366	1.0	ref	0.8941716650657925	0.0006598324742536072	0.05342548946186366	2320
13	78137808	78137809	1.0	rs9635016	36	A	G	7	0.13290940587434463	0.9244898916427288	0.9790752971258108	0.0014699333386857534	1.0	0.07551782527498058	alt	0.9244898916427288	0.0014699333386857534	0.07551782527498058	2320
13	101049411	101049412	1.0	rs628949	27	G	C	1	-2.020765566175815	1.6002308311133349	1.0	0.0023360713748206943	1.0	0.09963564797702225	alt	1.6002308311133349	0.0023360713748206943	0.09963564797702225	2320
13	102707547	102707548	1.0	rs584269	28	G	T	5	-0.8189606607944003	0.919420478636795	0.9921605885453971	0.0010710085972486065	1.0	0.06440908499227731	alt	0.919420478636795	0.0010710085972486065	0.06440908499227731	2320
13	112886110	112886111	1.0	rs3742238	26	C	T	4	-0.964618144161614	0.9262202702014006	0.9948838729478385	0.0023314083361794433	1.0	0.09963564797702225	alt	0.9262202702014006	0.0023314083361794433	0.09963564797702225	2320
14	20613295	20613296	1.0	rs1799877	62	G	T	8	1.3067127065706154	0.18941966186382958	3.174758620352236e-05	0.9988600181336297	0.008442990425066153	1.0	ref	1.3067127065706154	3.174758620352236e-05	0.008442990425066153	2320
14	20633221	20633222	1.0	rs11621739	35	C	T	4	1.2148749133839414	-0.7299745166098994	0.0002315195604732093	0.999182491682113	0.03078529214409939	1.0	ref	1.2148749133839414	0.0002315195604732093	0.03078529214409939	2320
14	32745145	32745146	1.0	rs4462503	26	T	G	5	1.0704589167544636	-0.6429936436138585	0.0001867582793179627	0.9993546962500518	0.026845943597015972	1.0	ref	1.0704589167544636	0.0001867582793179627	0.026845943597015972	2320
14	72665320	72665321	1.0	rs757572	43	C	T	8	0.831660265221555	0.13030115017621646	0.0018623032787085407	0.9636403980053625	0.0984733698601323	1.0	ref	0.831660265221555	0.0018623032787085407	0.0984733698601323	2320
14	77663496	77663497	1.0	rs28541608	42	T	G	8	-0.4612633141798973	0.8193452696181873	0.9965833156683858	0.00011376483001459485	1.0	0.01940870930173522	alt	0.8193452696181873	0.00011376483001459485	0.01940870930173522	2320
14	80931229	80931230	1.0	rs8017038	67	G	T	8	0.2221232243913001	0.9629718506745	0.902886299630378	0.00024294335176254148	0.9958273677773993	0.029710136431876616	alt	0.9629718506745	0.00024294335176254148	0.029710136431876616	2320
14	81561267	81561268	1.0	rs8005622	43	C	T	7	-0.4020486439101312	1.3892408499062443	0.9998177250568522	4.833811575542658e-06	1.0	0.0023003854876871956	alt	1.3892408499062443	4.833811575542658e-06	0.0023003854876871956	2320
14	85234087	85234088	1.0	rs1667511	27	G	A	4	1.1361066908196995	-1.1554924154407882	0.0001267851510829684	0.9955467859110179	0.02238850011278316	1.0	ref	1.1361066908196995	0.0001267851510829684	0.02238850011278316	2320
14	88272486	88272487	1.0	rs74940643	37	G	A	6	-0.1999222200696167	1.1108983151679144	0.9991812550834211	9.89814195565825e-05	1.0	0.017211346069819597	alt	1.1108983151679144	9.89814195565825e-05	0.017211346069819597	2320
14	96271551	96271552	1.0	rs12895319	43	G	C	8	0.4190983229464154	0.9698915444846508	0.9293184031858401	0.0007175798620419378	1.0	0.05498607722528137	alt	0.9698915444846508	0.0007175798620419378	0.05498607722528137	2320
14	96811536	96811537	1.0	rs4900348	25	G	A	4	-0.6028623231283536	1.1009042583584863	0.9992160622744257	0.0004747107602954165	1.0	0.04292334694591156	alt	1.1009042583584863	0.0004747107602954165	0.04292334694591156	2320
15	31457674	31457675	1.0	rs4779528	27	C	T	4	-0.5085788027366827	1.04953120759164	0.9580136132030251	0.0004646658645046655	1.0	0.04262592304846834	alt	1.04953120759164	0.0004646658645046655	0.04262592304846834	2320
15	36612575	36612576	1.0	rs4923719	45	C	G	7	0.5687973418235175	1.0887156578482433	0.9708943633101093	0.0005310818723310776	1.0	0.04617348355401542	alt	1.0887156578482433	0.0005310818723310776	0.04617348355401542	2320
15	52496958	52496959	1.0	rs56043792	37	T	G	7	0.9648582006923271	-0.1434196286393017	0.00029003667101237053	0.8715737945485043	0.035827592147794636	0.9841944738102687	ref	0.9648582006923271	0.00029003667101237053	0.035827592147794636	2320
15	52873988	52873989	1.0	rs1899731	30	T	C	1	1.761410371229823	-2.1600103248008007	0.0013097660782172397	1.0	0.0769019797353265	1.0	ref	1.761410371229823	0.0013097660782172397	0.0769019797353265	2320
15	53072137	53072138	1.75	rs335504	84	G	C	8	0.918089112910441	-0.17474167230711984	0.0009231687958123978	0.9874401532467368	0.06482451327323589	1.0	ref	0.918089112910441	0.0009231687958123978	0.06482451327323589	2320
15	53072298	53072299	1.3333333333333333	rs8024788	81	T	A	6	-0.09158976957736446	0.9458657753707524	0.9598704003480993	0.0004230256591319474	1.0	0.040263136946011246	alt	0.9458657753707524	0.0004230256591319474	0.040263136946011246	2320
15	53072339	53072340	1.75	rs73402072	99	T	C	8	0.27578513672090066	0.9105216454036382	0.9853016057913712	0.0006759933503436976	1.0	0.05359612996962885	alt	0.9105216454036382	0.0006759933503436976	0.05359612996962885	2320
15	53072382	53072383	1.75	rs8024847	94	T	G	8	0.31438196032520593	1.072729397444399	0.9789293669353832	0.00031397446050893623	1.0	0.034204302071347004	alt	1.072729397444399	0.00031397446050893623	0.034204302071347004	2320
15	54131505	54131506	1.0	rs4774681	51	C	A	2	-1.7717076794184825	1.6306330860783966	0.9992640145849596	0.0003852111908415971	1.0	0.038275599863623305	alt	1.6306330860783966	0.0003852111908415971	0.038275599863623305	2320
15	54131633	54131634	1.4	rs7170578	62	G	C	5	-1.0402694796825571	1.4939634820140535	0.999988321153408	1.3849695433535431e-06	1.0	0.0008348596407335157	alt	1.4939634820140535	1.3849695433535431e-06	0.0008348596407335157	2320
15	54131665	54131666	1.4	rs7170148	59	A	G	5	-0.790501052501249	1.4182288805790946	0.9999072546710553	3.4135439596998295e-06	1.0	0.0017147369157558808	alt	1.4182288805790946	3.4135439596998295e-06	0.0017147369157558808	2320
15	91867028	91867029	1.0	rs34252225	29	A	G	5	-0.42077801754814154	0.9511581584186151	0.990184662642943	0.00214253295133583	1.0	0.09564612164741637	alt	0.9511581584186151	0.00214253295133583	0.09564612164741637	2320
15	93929552	93929553	1.0	rs4435205	61	T	A	8	-0.1880112944628317	1.071501145578697	0.9990207491841805	6.73094080648568e-06	1.0	0.0030430583386121756	alt	1.071501145578697	6.73094080648568e-06	0.0030430583386121756	2320
16	10206418	10206419	1.0	rs7200416	42	C	G	7	-0.18072207408407165	1.032247853251504	0.9918847719492109	0.0004008502827212444	1.0	0.03855838570601587	alt	1.032247853251504	0.0004008502827212444	0.03855838570601587	2320
16	10428954	10428955	1.0	rs6497991	33	T	G	3	1.1723179481071582	-0.566931907374449	0.0013023200407713904	0.9964086117064551	0.0769019797353265	1.0	ref	1.1723179481071582	0.0013023200407713904	0.0769019797353265	2320
16	12612846	12612847	1.0	rs200808278	30	G	C	3	1.3149997996888443	-0.4709530486547905	0.0012805020028053861	0.9989809247987417	0.0769019797353265	1.0	ref	1.3149997996888443	0.0012805020028053861	0.0769019797353265	2320
16	19879508	19879509	1.0	rs74766298	60	G	T	8	0.9439608702208981	-0.10321268343122778	0.00021080655271925222	0.9756291388820076	0.029324813072115055	1.0	ref	0.9439608702208981	0.00021080655271925222	0.029324813072115055	2320
16	31664818	31664819	1.0	rs2178179	71	C	T	8	0.9661777077610879	0.11624842486573639	0.0013518663234259908	0.9779162815618603	0.07864131731038167	1.0	ref	0.9661777077610879	0.0013518663234259908	0.07864131731038167	2320
16	31715124	31715125	1.0	rs4889551	25	G	A	6	-0.8034519170534486	0.7609024818238861	0.9956724648592815	0.0013047953966395676	1.0	0.07131763102707504	alt	0.7609024818238861	0.0013047953966395676	0.07131763102707504	2320
16	52617801	52617802	1.0	rs11075561	36	A	G	4	1.3672672135000559	-1.0246376398914179	2.1603852833349174e-05	0.9998756704125212	0.006104438666223226	1.0	ref	1.3672672135000559	2.1603852833349174e-05	0.006104438666223226	2320
16	54080911	54080912	1.0	rs16953002	48	G	A	8	-0.5246458293131062	0.9488059026732726	0.9989037044273813	2.360773329457182e-05	1.0	0.007317018873220655	alt	0.9488059026732726	2.360773329457182e-05	0.007317018873220655	2320
16	64864706	64864707	1.0	rs76246223	47	C	A	7	1.3219520973487486	-0.11466790305679296	0.00031599362538812636	0.9989515640774309	0.036630953343069726	1.0	ref	1.3219520973487486	0.00031599362538812636	0.036630953343069726	2320
16	70162280	70162281	1.0	rs7269	30	A	G	3	-0.643504199727368	1.3678428688646433	0.814293198522892	0.0002497202354371403	0.9828073015819427	0.029710136431876616	alt	1.3678428688646433	0.0002497202354371403	0.029710136431876616	2320
16	70162282	70162283	1.0	rs1044876	30	T	G	3	-0.643504199727368	1.3678428688646433	0.814293198522892	0.0002497202354371403	0.9828073015819427	0.029710136431876616	alt	1.3678428688646433	0.0002497202354371403	0.029710136431876616	2320
16	72990376	72990377	1.0	rs1858800	41	C	T	5	-0.47254977001427223	1.2805627068567031	0.9997278054959398	9.174483827493756e-06	1.0	0.0037707128530999334	alt	1.2805627068567031	9.174483827493756e-06	0.0037707128530999334	2320
17	10800587	10800588	1.0	rs114497859	61	C	T	7	0.9428439540891728	-0.08040103450972177	0.0004578144680911851	0.9735899108899481	0.04104289738689407	1.0	ref	0.9428439540891728	0.0004578144680911851	0.04104289738689407	2320
17	14776373	14776374	1.0	rs736988	49	A	G	7	-0.09430705272779981	1.0178176915720725	0.9921551856734434	0.00020103414352048662	1.0	0.027705088431572267	alt	1.0178176915720725	0.00020103414352048662	0.027705088431572267	2320
17	14776423	14776424	1.0	rs12453061	33	C	G	6	-0.48711438579160315	0.8622913558459839	0.9879120828476663	0.0009353469215225112	1.0	0.059981608967422315	alt	0.8622913558459839	0.0009353469215225112	0.059981608967422315	2320
18	11857634	11857635	1.0	rs73409587	52	A	G	6	1.5593646643118209	0.08595526833284231	8.298273524481564e-06	0.9997721785137178	0.002969449474402993	1.0	ref	1.5593646643118209	8.298273524481564e-06	0.002969449474402993	2320
18	27860293	27860294	1.0	rs4800827	40	T	C	4	-1.2152300406204635	1.6473288145280918	0.9999867131991981	8.030922345313873e-07	1.0	0.0007261559984632803	alt	1.6473288145280918	8.030922345313873e-07	0.0007261559984632803	2320
18	28284265	28284266	1.0	rs12605913	39	C	T	4	-0.8565629279321392	0.9784085563611334	0.9940862715762875	0.0006663852412337554	1.0	0.05359612996962885	alt	0.9784085563611334	0.0006663852412337554	0.05359612996962885	2320
18	28284381	28284382	1.0	rs12605802	69	G	C	6	-0.3441659570759723	0.9217848526321926	0.9896837317523206	0.0002464413816789037	1.0	0.029710136431876616	alt	0.9217848526321926	0.0002464413816789037	0.029710136431876616	2320
18	28284436	28284437	1.0	rs12605821	54	G	A	7	-0.3238149839010233	0.9502979010841544	0.9967587509128204	5.339678632018835e-05	1.0	0.011775944924564467	alt	0.9502979010841544	5.339678632018835e-05	0.011775944924564467	2320
18	33812358	33812359	1.0	rs1389532	76	C	T	8	0.8975438786850104	0.0570180554111136	0.0008875434265578048	0.9454003575628522	0.06471909405593283	1.0	ref	0.8975438786850104	0.0008875434265578048	0.06471909405593283	2320
18	35041266	35041267	1.0	rs530081	29	A	G	5	-0.3030681523411618	1.1235744240266181	0.9974772312189809	0.00036428606135288573	1.0	0.03700982659272801	alt	1.1235744240266181	0.00036428606135288573	0.03700982659272801	2320
18	50879110	50879111	1.0	rs1510395	54	C	G	8	0.9352313740505136	0.20784234950753844	0.00156585172642765	0.9551065122356709	0.08849019568974256	1.0	ref	0.9352313740505136	0.00156585172642765	0.08849019568974256	2320
18	57210449	57210450	1.0	rs34981775	36	C	G	5	1.3386128178310233	-0.15031671329619145	0.0003038706333541198	0.9992447447786772	0.035827592147794636	1.0	ref	1.3386128178310233	0.0003038706333541198	0.035827592147794636	2320
18	76131032	76131033	1.0	rs72968917	42	A	G	3	1.6307971942618948	-1.5637043853573802	0.0001035696463145048	0.9995422385675982	0.019509932124494842	1.0	ref	1.6307971942618948	0.0001035696463145048	0.019509932124494842	2320
18	76338789	76338790	1.0	rs599416	34	T	G	1	-2.111848022252696	1.8873663847719429	0.9993867121744855	0.0006157782533831597	1.0	0.05203613987935075	alt	1.8873663847719429	0.0006157782533831597	0.05203613987935075	2320
18	79960331	79960332	1.0	rs8087966	33	T	A	4	1.565529958643677	-1.6948599061289187	1.0117326924513235e-06	0.9998893466958014	0.0007271560127675546	1.0	ref	1.565529958643677	1.0117326924513235e-06	0.0007271560127675546	2320
19	20052118	20052119	1.7	rs55815247	53	G	A	5	1.2268341456612566	-0.22115536801034583	0.0008842237503811577	0.8065630497125252	0.06471909405593283	0.9634158309901074	ref	1.2268341456612566	0.0008842237503811577	0.06471909405593283	2320
19	20052152	20052153	1.6666666666666667	rs6511075	60	G	A	6	1.2520461014848374	-0.32014229457277604	0.0001443355384735859	0.9998331947012207	0.02330503462282435	1.0	ref	1.2520461014848374	0.0001443355384735859	0.02330503462282435	2320
19	20052158	20052159	1.6666666666666667	rs6511076	61	C	A	6	1.2955603200414447	-0.2833640631821299	9.259931154464938e-05	0.9998976151863975	0.018606288333038214	1.0	ref	1.2955603200414447	9.259931154464938e-05	0.018606288333038214	2320
19	20052175	20052176	1.6428571428571428	rs6511077	72	T	C	7	1.0633592393495872	-0.29096528339336414	0.0001287549221261584	0.9982736499432086	0.02238850011278316	1.0	ref	1.0633592393495872	0.0001287549221261584	0.02238850011278316	2320
19	37655484	37655485	1.0	rs3101747	39	C	G	6	-0.2829064129105452	1.0663497360123617	0.9390220742169916	0.0001291501361134357	1.0	0.021232282377048828	alt	1.0663497360123617	0.0001291501361134357	0.021232282377048828	2320
19	37655498	37655499	1.0	rs3101746	37	T	A	7	-0.1084898160376246	1.0564428952807385	0.9958622856363646	0.00014469997018490125	1.0	0.022175883566303	alt	1.0564428952807385	0.00014469997018490125	0.022175883566303	2320
19	52923491	52923492	1.0	rs1978618	31	C	T	6	-0.19361560240220427	1.0232247443655722	0.9936827649141856	0.0016482790447904943	1.0	0.08144119739341886	alt	1.0232247443655722	0.0016482790447904943	0.08144119739341886	2320
19	54464716	54464717	1.0	rs57253914	41	A	G	7	0.08952448045113076	1.0022996646174964	0.9915690508858622	0.001356189478205393	1.0	0.07213332507019508	alt	1.0022996646174964	0.001356189478205393	0.07213332507019508	2320
19	54464812	54464813	1.0	rs116767237	58	G	A	8	-0.28032407544912663	0.9062311245754422	0.9947882105215013	0.00023926420662092931	1.0	0.029710136431876616	alt	0.9062311245754422	0.00023926420662092931	0.029710136431876616	2320
2	8087456	8087457	1.0	rs67480711	54	T	C	8	1.0353836231628595	-0.2230003840067677	1.2293709621179144e-05	0.9981412703035041	0.004018891601851788	1.0	ref	1.0353836231628595	1.2293709621179144e-05	0.004018891601851788	2320
2	15170339	15170340	1.0	rs11890160	36	G	A	6	0.015965862307657265	1.105012157901278	0.6711027775197034	0.0010498359560508264	0.9509657166083881	0.06370883701081592	alt	1.105012157901278	0.0010498359560508264	0.06370883701081592	2320
2	15730889	15730890	1.0	rs16855291	25	C	T	7	-0.2969149172735085	0.8648870023651491	0.994739349033186	0.0016322132184937927	1.0	0.08144119739341886	alt	0.8648870023651491	0.0016322132184937927	0.08144119739341886	2320
2	15912373	15912374	1.0	rs76566574	35	C	T	5	-0.2254248494596648	1.2399690623381174	0.9443219395984178	0.0009302764918410741	1.0	0.059981608967422315	alt	1.2399690623381174	0.0009302764918410741	0.059981608967422315	2320
2	20490803	20490804	1.0	rs342063	24	A	C	3	-0.6627261714813133	1.2208850831612321	0.8624134593804403	0.0008887564346065062	0.9902147040026498	0.05997116180382111	alt	1.2208850831612321	0.0008887564346065062	0.05997116180382111	2320
2	35080682	35080683	1.0	rs4670431	36	A	C	7	-0.25730617318949944	0.9169500631286508	0.9931117735788806	0.0011705797471075565	1.0	0.06741644632704794	alt	0.9169500631286508	0.0011705797471075565	0.06741644632704794	2320
2	35081179	35081180	1.0	rs7591751	39	A	G	8	-0.37841282465058745	0.9361897676451513	0.9944747376373927	9.386175221336027e-05	1.0	0.016701371948095557	alt	0.9361897676451513	9.386175221336027e-05	0.016701371948095557	2320
2	35081182	35081183	1.0	rs13401247	34	C	G	7	0.8984242034603686	-0.43613909444671717	0.0002975602582041196	0.9969393536724569	0.035827592147794636	1.0	ref	0.8984242034603686	0.0002975602582041196	0.035827592147794636	2320
2	48381419	48381420	1.0	rs11689645	35	G	C	5	-0.8136682601579359	0.9600173391864216	0.9980823973999903	0.0004667071866620621	1.0	0.04262592304846834	alt	0.9600173391864216	0.0004667071866620621	0.04262592304846834	2320
2	62579150	62579151	1.0	rs9636442	26	A	G	2	-1.6223368622168985	1.2205442108379865	0.9925574527413684	0.0018194713548246976	1.0	0.08658768415960483	alt	1.2205442108379865	0.0018194713548246976	0.08658768415960483	2320
2	62579237	62579238	1.0	rs1906201	25	C	T	4	-1.1297889096103009	0.9434628435413824	0.990191043845965	0.0008630385082708367	1.0	0.05901766300601337	alt	0.9434628435413824	0.0008630385082708367	0.05901766300601337	2320
2	74741112	74741113	1.0	rs205621	27	C	A	7	0.9081726849683962	-0.5515181536679113	0.00015479927706347685	0.9967484098953519	0.024132673503585476	1.0	ref	0.9081726849683962	0.00015479927706347685	0.024132673503585476	2320
2	100292171	100292172	1.0	rs764828	43	A	C	8	-0.06175634301503226	0.835731056652003	0.9401249646639211	0.0012017007495522885	1.0	0.06815170950705698	alt	0.835731056652003	0.0012017007495522885	0.06815170950705698	2320
2	128869394	128869395	1.0	rs12466168	47	G	C	7	-0.40475539993060056	1.3618615099003932	0.9999843472672626	9.567910441585184e-07	1.0	0.0007547955817988346	alt	1.3618615099003932	9.567910441585184e-07	0.0007547955817988346	2320
2	131492519	131492520	1.0	rs12988424	26	T	G	5	1.0599907502208874	-0.7467350495332571	0.00018761246130794397	0.9908891414130563	0.026845943597015972	1.0	ref	1.0599907502208874	0.00018761246130794397	0.026845943597015972	2320
2	137380791	137380792	1.0	rs4954376	44	G	A	6	0.8084184438804602	-0.33481019531032175	0.0016248639607362339	0.9862355327124533	0.09069148106775941	1.0	ref	0.8084184438804602	0.0016248639607362339	0.09069148106775941	2320
2	138274628	138274629	1.0	rs12478035	49	C	T	7	0.8033779886707002	-0.025355228440673144	0.0018014813172521772	0.9588811101599249	0.09763583727038182	1.0	ref	0.8033779886707002	0.0018014813172521772	0.09763583727038182	2320
2	138274696	138274697	1.0	rs12478040	48	C	T	8	0.9944160208731568	-0.2143704012189274	0.00014195867667622135	0.9970421485381769	0.02330503462282435	1.0	ref	0.9944160208731568	0.00014195867667622135	0.02330503462282435	2320
2	142218577	142218578	1.0	rs1628975	57	T	C	6	0.9714513061895945	-0.5036286745439211	9.675448373267672e-05	0.9961654578171598	0.018855015040972173	1.0	ref	0.9714513061895945	9.675448373267672e-05	0.018855015040972173	2320
2	156956404	156956405	1.0	rs59388727	27	A	G	8	-0.24849671785644717	0.701548392152829	0.9962363945135422	0.002118666464541902	1.0	0.0953083690168551	alt	0.701548392152829	0.002118666464541902	0.0953083690168551	2320
2	192735560	192735561	1.0	rs934948	31	A	T	2	-1.9438159555934496	1.524569468065451	0.9984044943205889	0.0002105512266367862	1.0	0.028019950475444703	alt	1.524569468065451	0.0002105512266367862	0.028019950475444703	2320
2	195623155	195623156	1.0	rs73072032	58	T	C	8	0.21975010729777772	0.9576321961488684	0.9308458921037386	0.0014483261809146255	1.0	0.07483294473045739	alt	0.9576321961488684	0.0014483261809146255	0.07483294473045739	2320
2	196068463	196068464	1.0	rs13028754	44	T	C	7	0.7430622193755696	-0.4792588609906243	0.0008699463473261509	0.9493791330428596	0.06471909405593283	1.0	ref	0.7430622193755696	0.0008699463473261509	0.06471909405593283	2320
2	205679577	205679578	1.0	rs1517527	53	C	T	8	0.6991016263781402	-0.35617431891652146	0.000785112182972305	0.9645785783653257	0.06016088439352187	1.0	ref	0.6991016263781402	0.000785112182972305	0.06016088439352187	2320
2	212451815	212451816	1.0	rs1505371	26	A	G	5	1.0051169652557965	-0.4477942839597633	0.0004927354710398262	0.9957770435858234	0.04325547698196222	1.0	ref	1.0051169652557965	0.0004927354710398262	0.04325547698196222	2320
2	212451861	212451862	1.0	rs17259208	48	T	C	8	1.0525442384621502	0.006251086682424745	4.0040363391614735e-05	0.9948177121752131	0.00964814471849879	1.0	ref	1.0525442384621502	4.0040363391614735e-05	0.00964814471849879	2320
20	39190844	39190845	1.25	rs66956286	79	G	T	8	-0.11715903205415584	1.035934450962474	0.9699250491162672	0.0004505048058062455	1.0	0.04243192139687575	alt	1.035934450962474	0.0004505048058062455	0.04243192139687575	2320
20	58818885	58818886	1.0	rs3746709	36	C	T	5	-0.33843938883753366	1.0041997448367503	0.9901696515370418	0.0013289151561106712	1.0	0.07131763102707504	alt	1.0041997448367503	0.0013289151561106712	0.07131763102707504	2320
21	17690875	17690876	1.0	rs2824444	35	T	C	5	0.8997884103193796	-0.8191860829159066	0.0009482516427002817	0.9983135656046348	0.06495523752496929	1.0	ref	0.8997884103193796	0.0009482516427002817	0.06495523752496929	2320
21	25451845	25451846	1.0	rs4637211	39	A	G	3	1.3423355633700362	-0.8791486258995896	0.00013501312688381768	0.9969968508764603	0.02303374892987697	1.0	ref	1.3423355633700362	0.00013501312688381768	0.02303374892987697	2320
21	25834577	25834578	1.0	rs13051501	31	G	A	6	1.2892560304722656	-0.3003123658968666	0.00012381663889960042	0.9996611612410939	0.02238850011278316	1.0	ref	1.2892560304722656	0.00012381663889960042	0.02238850011278316	2320
3	4421323	4421324	1.0	rs711662	75	A	C	8	-0.5809036702037401	1.1319884247066914	0.9999477963282672	2.502755720101469e-07	1.0	0.0005042630337923678	alt	1.1319884247066914	2.502755720101469e-07	0.0005042630337923678	2320
3	7884267	7884268	1.0	rs78990784	37	C	T	5	0.2566318474576298	1.317698221843406	0.9910886582610636	0.0009310640656487885	1.0	0.059981608967422315	alt	1.317698221843406	0.0009310640656487885	0.059981608967422315	2320
3	7884279	7884280	1.0	rs6776608	48	A	G	7	0.3655672701553039	1.2518483206944198	0.9945701946086325	0.0009274892498322411	1.0	0.059981608967422315	alt	1.2518483206944198	0.0009274892498322411	0.059981608967422315	2320
3	8176950	8176951	1.0	rs62236761	39	A	G	7	-0.28301849901113696	1.320046910593183	0.9999675840515573	1.168672654853316e-06	1.0	0.0007547955817988346	alt	1.320046910593183	1.168672654853316e-06	0.0007547955817988346	2320
3	21017418	21017419	1.0	rs2173233	26	A	G	2	-1.5810832475023076	1.3661572319646538	0.9993366611803361	0.0005788654893396924	1.0	0.04937831843971225	alt	1.3661572319646538	0.0005788654893396924	0.04937831843971225	2320
3	21117593	21117594	1.0	rs80119851	29	C	T	1	-2.1471930327488935	1.7257617131971936	1.0	0.0012394666264682944	1.0	0.06875617936519213	alt	1.7257617131971936	0.0012394666264682944	0.06875617936519213	2320
3	26657365	26657366	3.25	rs11720649	48	A	C	4	-1.1918397883152378	1.4848930392248716	1.0	0.00018819113852137074	1.0	0.026587879289222408	alt	1.4848930392248716	0.00018819113852137074	0.026587879289222408	2320
3	26657750	26657751	2.0	rs6551128	57	C	T	3	1.3403047579216136	-0.544490661944155	0.0005304151498860758	0.918160523857185	0.04567632176447521	0.996460768478039	ref	1.3403047579216136	0.0005304151498860758	0.04567632176447521	2320
3	34864169	34864170	1.0	rs7652586	48	C	A	4	1.3852278924138033	-0.8835765140267111	1.2445140992241767e-05	0.9976360524627504	0.004018891601851788	1.0	ref	1.3852278924138033	1.2445140992241767e-05	0.004018891601851788	2320
3	36696116	36696117	1.0	rs9814185	42	A	G	9	0.15816605561352154	1.0784702045497216	0.9390471102292471	0.0007603469739395184	1.0	0.05571754959695887	alt	1.0784702045497216	0.0007603469739395184	0.05571754959695887	2320
3	53892059	53892060	1.0	rs1992154	83	G	T	9	0.7126595114676058	0.04361792248671659	0.0012914963367248527	0.9482958938890532	0.0769019797353265	1.0	ref	0.7126595114676058	0.0012914963367248527	0.0769019797353265	2320
3	54047130	54047131	1.0	rs58813881	36	T	C	4	-1.3647685919858876	1.6103951099440903	0.9999795142253746	3.0620244572863495e-07	1.0	0.0005042630337923678	alt	1.6103951099440903	3.0620244572863495e-07	0.0005042630337923678	2320
3	56557149	56557150	1.0	rs73079891	68	A	G	9	0.15193913654112812	0.7559997461373873	0.8129201914845827	0.0020112704980967517	0.9828073015819427	0.09278524410097361	alt	0.7559997461373873	0.0020112704980967517	0.09278524410097361	2320
3	62109724	62109725	1.0	rs35213231	70	A	G	9	0.8246321962530192	-0.30511679178080253	0.00017314041450328647	0.978720641052435	0.02585829453758271	1.0	ref	0.8246321962530192	0.00017314041450328647	0.02585829453758271	2320
3	62109871	62109872	1.0	rs9866809	64	C	A	8	0.8830383589756098	0.09640888480398879	0.0015127509520238144	0.815177409556295	0.0860270069698071	0.9657746215528792	ref	0.8830383589756098	0.0015127509520238144	0.0860270069698071	2320
3	62719148	62719149	1.0	rs9880593	72	C	G	9	-0.21001581667153285	0.8863009303370855	0.9854031780593069	2.2342767457643382e-05	1.0	0.007215117976857552	alt	0.8863009303370855	2.2342767457643382e-05	0.007215117976857552	2320
3	62719150	62719151	1.0	rs7636667	72	A	C	9	-0.21001581667153285	0.8863009303370855	0.9854031780593069	2.2342767457643382e-05	1.0	0.007215117976857552	alt	0.8863009303370855	2.2342767457643382e-05	0.007215117976857552	2320
3	82572973	82572974	1.5	rs35507461	59	T	G	1	-3.3236699162125896	2.30033817838531	1.0	0.001089868392370983	1.0	0.06440908499227731	alt	2.30033817838531	0.001089868392370983	0.06440908499227731	2320
3	94626789	94626790	1.25	rs6798991	51	T	G	8	1.2462020739203816	-0.3285247059983909	3.0533847177439463e-06	0.9999991359889827	0.0015187982372080132	1.0	ref	1.2462020739203816	3.0533847177439463e-06	0.0015187982372080132	2320
3	107872001	107872002	1.0	rs4479594	37	G	C	5	0.985285068473	-0.2934042272136784	0.0009224933342289569	0.9960059365389767	0.06482451327323589	1.0	ref	0.985285068473	0.0009224933342289569	0.06482451327323589	2320
3	107885242	107885243	1.0	rs960471	31	A	G	4	-0.3217645874711985	1.215400046656442	0.9874352824932294	0.0007434429644947672	1.0	0.05555546516497261	alt	1.215400046656442	0.0007434429644947672	0.05555546516497261	2320
3	110527544	110527545	1.0	rs1512663	59	G	A	9	0.14975094097681874	1.0691109994122876	0.963475428265513	0.0009458750294223514	1.0	0.06022959166223169	alt	1.0691109994122876	0.0009458750294223514	0.06022959166223169	2320
3	120435795	120435796	1.0	rs6764364	35	A	G	4	-0.452519806921424	1.1512388061169507	0.9959081984569527	0.0012059581421288562	1.0	0.06815170950705698	alt	1.1512388061169507	0.0012059581421288562	0.06815170950705698	2320
3	121019159	121019160	1.0	rs680233	40	G	A	6	1.2515747174174243	-0.34317174758969266	4.535914027463356e-06	0.9999043674551168	0.001783205853753203	1.0	ref	1.2515747174174243	4.535914027463356e-06	0.001783205853753203	2320
3	130111581	130111582	1.0	rs72990317	33	A	G	8	1.2673826761888578	-0.7035356088161353	9.800560221569199e-08	0.999985773962485	0.00014769444253904783	1.0	ref	1.2673826761888578	9.800560221569199e-08	0.00014769444253904783	2320
3	131904174	131904175	1.0	rs9835574	29	A	C	2	1.4815820955589265	-1.813720410957485	0.0003769955606332892	1.0	0.039385898808998676	1.0	ref	1.4815820955589265	0.0003769955606332892	0.039385898808998676	2320
3	131904180	131904181	1.0	rs9873429	29	C	T	2	1.5301893250062015	-1.893585435034228	0.0002201346418259699	1.0	0.029708319871498804	1.0	ref	1.5301893250062015	0.0002201346418259699	0.029708319871498804	2320
3	132225792	132225793	1.0	rs11714139	34	G	A	6	0.8778459748968632	-0.7016773593090897	0.00043909625719039104	0.9925581956578948	0.040931013995005316	1.0	ref	0.8778459748968632	0.00043909625719039104	0.040931013995005316	2320
3	136862768	136862769	1.0	rs71630059	38	G	A	6	0.9678401186744764	0.2494902317248832	0.0005748136286024887	0.8572263241915672	0.048574437661903766	0.980874139169918	ref	0.9678401186744764	0.0005748136286024887	0.048574437661903766	2320
3	138863154	138863155	1.0	rs11706016	41	A	C	8	0.04198978087543512	0.955883175277048	0.982874664199951	0.0009588213353813555	1.0	0.06062701059103647	alt	0.955883175277048	0.0009588213353813555	0.06062701059103647	2320
3	139435092	139435093	1.0	rs6774691	50	G	A	9	0.3378848305107598	0.9269742396940516	0.9890752804749614	0.00017793350602369193	1.0	0.025537694626447976	alt	0.9269742396940516	0.00017793350602369193	0.025537694626447976	2320
3	142808247	142808248	1.0	rs9868886	38	T	G	5	0.15810397059794293	0.9894104639280906	0.9227669920205701	0.001973325077346219	1.0	0.09197322345033254	alt	0.9894104639280906	0.001973325077346219	0.09197322345033254	2320
3	158709799	158709800	1.0	rs6783879	32	T	G	5	-0.6198583034642082	1.0360306206321073	0.998706321941387	0.00032391022341039864	1.0	0.03445642635384499	alt	1.0360306206321073	0.00032391022341039864	0.03445642635384499	2320
3	166663441	166663442	1.0	rs13098408	33	G	A	5	-0.636481413154885	0.9598810822914671	0.9977526600634035	0.00039810356041754426	1.0	0.03855838570601587	alt	0.9598810822914671	0.00039810356041754426	0.03855838570601587	2320
3	177590225	177590226	1.0	rs6769466	30	G	A	5	-0.6565306152975634	1.0917550397708236	0.9982341258473584	0.00032001448439311116	1.0	0.03444727342717275	alt	1.0917550397708236	0.00032001448439311116	0.03444727342717275	2320
4	8547621	8547622	1.4375	rs189057662	66	C	T	8	-0.3350106150784814	0.7678116752827322	0.960303339032351	0.0009197511340874095	1.0	0.059981608967422315	alt	0.7678116752827322	0.0009197511340874095	0.059981608967422315	2320
4	9945031	9945032	1.0714285714285714	rs4475146	46	C	A	7	-0.41567481387170585	0.8925652122740803	0.9830072564190231	0.0009731803952215105	1.0	0.061107618983284005	alt	0.8925652122740803	0.0009731803952215105	0.061107618983284005	2320
4	10003810	10003811	1.0714285714285714	rs6853437	31	G	A	7	-0.5539052013104282	0.9831147679458385	0.9990290958732755	0.00023031050011468128	1.0	0.029653872644218572	alt	0.9831147679458385	0.00023031050011468128	0.029653872644218572	2320
4	12458904	12458905	1.0	rs62295011	32	T	G	2	-1.8624232932958944	1.607459168199343	1.0	0.00021072291885979207	1.0	0.028019950475444703	alt	1.607459168199343	0.00021072291885979207	0.028019950475444703	2320
4	22548220	22548221	1.1	rs6853963	26	A	T	5	-0.7084080063543347	0.8935948436875312	0.9156563374013258	0.0015729788523353916	0.9982472267600975	0.07990379091470005	alt	0.8935948436875312	0.0015729788523353916	0.07990379091470005	2320
4	30950900	30950901	1.0625	rs56190579	59	C	T	8	-0.27239951241940286	0.9094506250008711	0.991733372172222	0.0007860800881192936	1.0	0.056410604418846454	alt	0.9094506250008711	0.0007860800881192936	0.056410604418846454	2320
4	34932889	34932890	1.0	rs12643784	54	A	T	3	1.9226710781652878	-1.5238634210231805	4.1346731951763943e-07	0.9999995816925249	0.00046732143788481194	1.0	ref	1.9226710781652878	4.1346731951763943e-07	0.00046732143788481194	2320
4	34932919	34932920	1.0	rs10222705	37	C	T	1	2.0081744134600186	-2.218803041228565	0.00042784755779815367	0.9996686373451442	0.040931013995005316	1.0	ref	2.0081744134600186	0.00042784755779815367	0.040931013995005316	2320
4	36432721	36432722	1.0	rs4519815	29	T	C	3	-0.9962571056622591	1.1433600954509635	0.979517351413886	0.0008043247617143942	1.0	0.05726538972772875	alt	1.1433600954509635	0.0008043247617143942	0.05726538972772875	2320
4	37290684	37290685	1.0	rs1369415	33	C	T	2	-1.779138816150565	1.5522453428223697	0.9965790378185178	0.00014933806562446924	1.0	0.022505246489607514	alt	1.5522453428223697	0.00014933806562446924	0.022505246489607514	2320
4	40910819	40910820	1.0	rs78415009	41	G	A	2	-1.5302677219622063	1.3686721965647979	0.994162312014217	0.0017715637479547418	1.0	0.08520467770748286	alt	1.3686721965647979	0.0017715637479547418	0.08520467770748286	2320
4	41710000	41710001	1.0	rs76366783	46	C	T	7	0.3574288029803407	0.9280379902327108	0.9790930589146349	0.0015923950460685213	1.0	0.07999131114750871	alt	0.9280379902327108	0.0015923950460685213	0.07999131114750871	2320
4	45622081	45622082	1.0	rs13141454	37	G	C	7	-0.13256686987367639	1.0141062020017855	0.983496678466815	0.0001389125418571216	1.0	0.021975532772242845	alt	1.0141062020017855	0.0001389125418571216	0.021975532772242845	2320
4	48944611	48944612	1.0	rs2605256	24	A	G	2	-1.6524569139743783	1.2452135180172323	1.0	0.001251766304134063	1.0	0.06901506659744024	alt	1.2452135180172323	0.001251766304134063	0.06901506659744024	2320
4	64608680	64608681	1.0	rs41523544	80	G	C	6	-0.31039444550282125	0.8682441181358903	0.9841913215977462	0.0003362165103421734	1.0	0.03505619674253092	alt	0.8682441181358903	0.0003362165103421734	0.03505619674253092	2320
4	67036223	67036224	1.0	rs1897979	44	T	C	5	-0.41453142787972047	1.0911860728939737	0.91866452801743	0.0006395279204522758	0.9990210078502559	0.053051481254398875	alt	1.0911860728939737	0.0006395279204522758	0.053051481254398875	2320
4	83570153	83570154	1.0	rs56208893	25	C	T	4	-0.8074776805936317	1.0367596190232995	0.9702387346948557	0.0008624841571791713	1.0	0.05901766300601337	alt	1.0367596190232995	0.0008624841571791713	0.05901766300601337	2320
4	86339238	86339239	1.0	rs6852494	50	C	A	8	-0.10355855260298633	0.9514027577379364	0.982375405770525	0.0015486788895427619	1.0	0.07911386734037092	alt	0.9514027577379364	0.0015486788895427619	0.07911386734037092	2320
4	93814313	93814314	1.0	rs992917	34	T	A	4	-0.5190002213616451	1.4022368123743125	0.9997423050634392	0.0005007836717998889	1.0	0.044392999611907805	alt	1.4022368123743125	0.0005007836717998889	0.044392999611907805	2320
4	94532625	94532626	1.0	rs2510781	37	T	G	6	-0.13352612952551052	1.6592231351844884	0.9915619614461803	3.326629043806288e-05	1.0	0.008594108518313274	alt	1.6592231351844884	3.326629043806288e-05	0.008594108518313274	2320
4	94532657	94532658	1.0	rs2452570	25	T	C	4	-0.8111187662639202	1.0983325604040117	0.9818094347090874	0.002063548077899605	1.0	0.09454315683643047	alt	1.0983325604040117	0.002063548077899605	0.09454315683643047	2320
4	102627991	102627992	1.0	rs10213251	41	C	T	8	-0.05982789429254842	0.8813160839633	0.9618376691321036	0.0011662704850211889	1.0	0.06741644632704794	alt	0.8813160839633	0.0011662704850211889	0.06741644632704794	2320
4	103450871	103450872	1.0	rs17221044	33	C	T	1	1.8088656052366119	-2.008929327864534	0.0012111256306759964	0.9988200824856607	0.07552412381084386	1.0	ref	1.8088656052366119	0.0012111256306759964	0.07552412381084386	2320
4	121696961	121696962	1.0	rs113588187	54	C	T	8	0.17103359987078703	0.7738722111640125	0.9490769002874208	0.002117260563626227	1.0	0.0953083690168551	alt	0.7738722111640125	0.002117260563626227	0.0953083690168551	2320
4	126939574	126939575	1.0	rs7654524	30	T	C	2	1.4677459455603592	-1.4876404124768952	0.00043103494377631026	0.9995529835020843	0.040931013995005316	1.0	ref	1.4677459455603592	0.00043103494377631026	0.040931013995005316	2320
4	128776985	128776986	1.0	rs4975189	41	T	G	7	1.10327299696884	-0.45813001345307436	0.0001097328613272491	0.999686757323801	0.020249072084101764	1.0	ref	1.10327299696884	0.0001097328613272491	0.020249072084101764	2320
4	129328312	129328313	1.0	rs4604071	45	C	A	4	1.7583996178681023	-0.2737378201844589	4.787380370405935e-07	0.9999962121006367	0.0004809721478801162	1.0	ref	1.7583996178681023	4.787380370405935e-07	0.0004809721478801162	2320
4	129377309	129377310	1.0	rs12506624	100	C	G	8	0.006479261560451699	1.059191505887539	0.9972393125811921	1.4186277617112766e-05	1.0	0.005130892888557345	alt	1.059191505887539	1.4186277617112766e-05	0.005130892888557345	2320
4	148007362	148007363	1.0	rs185452775	62	A	G	7	-0.38422620956415526	1.3346389797598044	0.9999893571944908	2.2356338070219513e-07	1.0	0.0005042630337923678	alt	1.3346389797598044	2.2356338070219513e-07	0.0005042630337923678	2320
4	148007421	148007422	1.0	rs111680260	70	G	A	8	-0.15907685172178498	0.9567885034235128	0.991528642314386	5.1458086378551306e-05	1.0	0.011775944924564467	alt	0.9567885034235128	5.1458086378551306e-05	0.011775944924564467	2320
4	154722485	154722486	1.0	rs17374304	44	T	C	7	-0.07430629914890266	0.8044983164352323	0.9582866088702002	0.001803735797047392	1.0	0.08629301098890221	alt	0.8044983164352323	0.001803735797047392	0.08629301098890221	2320
4	156261477	156261478	1.0	rs13131866	35	T	C	6	-0.17013720022153567	0.8870794352122359	0.9924515419313583	0.0017219558095302309	1.0	0.08326162796669705	alt	0.8870794352122359	0.0017219558095302309	0.08326162796669705	2320
4	188113358	188113359	1.0	rs10015609	77	C	T	8	0.9090195881056047	0.07714551105817458	0.0009450326687780262	0.9451764231600143	0.06495523752496929	1.0	ref	0.9090195881056047	0.0009450326687780262	0.06495523752496929	2320
4	188400610	188400611	1.0	rs13123809	32	T	C	3	1.292393882512549	-0.8833700667414411	0.000330696551128714	0.9985752398212576	0.0373769776913229	1.0	ref	1.292393882512549	0.000330696551128714	0.0373769776913229	2320
5	3311328	3311329	1.0	rs77823427	95	A	G	9	0.9098576323630195	-0.01804929988313643	0.000301405428180994	0.9804983867280554	0.035827592147794636	1.0	ref	0.9098576323630195	0.000301405428180994	0.035827592147794636	2320
5	3741160	3741161	1.0	rs924674	42	A	T	5	1.3334182762581115	0.5459913715292293	5.770113919972972e-05	0.5474058529879858	0.012422230967713242	0.8633601469941335	ref	1.3334182762581115	5.770113919972972e-05	0.012422230967713242	2320
5	3741451	3741452	1.0	rs2398625	25	C	T	2	1.3757163290243353	-1.4993028375937385	0.000623247466273957	0.9879065296933802	0.05170095036742311	1.0	ref	1.3757163290243353	0.000623247466273957	0.05170095036742311	2320
5	3741601	3741602	1.0	rs17651701	34	G	A	5	1.4908128259706703	-0.5301867301892329	0.0018500297526253839	0.9911406318644698	0.09839981778375718	1.0	ref	1.4908128259706703	0.0018500297526253839	0.09839981778375718	2320
5	5126621	5126622	1.0	rs10037211	40	C	T	1	-2.7110844207529285	2.270082229421004	1.0	5.2295795831359214e-05	1.0	0.011775944924564467	alt	2.270082229421004	5.2295795831359214e-05	0.011775944924564467	2320
5	6636442	6636443	1.0	rs471604	74	C	G	8	0.27409929610515493	1.0858235290233036	0.9691629629942454	0.0006236980920492134	1.0	0.05221739026212025	alt	1.0858235290233036	0.0006236980920492134	0.05221739026212025	2320
5	9046916	9046917	1.0	rs189854	48	C	G	7	-0.4773167952305469	1.2851189772087213	0.9999591787554575	1.6033383150438834e-06	1.0	0.0009060865652891746	alt	1.2851189772087213	1.6033383150438834e-06	0.0009060865652891746	2320
5	15993248	15993249	1.0	rs32825	64	A	G	7	-0.1340262139094867	1.152550962980342	0.9987904762098209	2.5003902277553278e-05	1.0	0.007317018873220655	alt	1.152550962980342	2.5003902277553278e-05	0.007317018873220655	2320
5	16411495	16411496	1.0	rs335946	38	C	G	7	-0.46467658293220643	0.9683685133090972	0.9886408168030523	7.749750873416793e-05	1.0	0.014909201573922264	alt	0.9683685133090972	7.749750873416793e-05	0.014909201573922264	2320
5	21807164	21807165	1.0	rs11955980	34	T	A	1	-2.4279466441117337	1.9987802076036094	1.0	0.0002757992727013618	1.0	0.031879162868584984	alt	1.9987802076036094	0.0002757992727013618	0.031879162868584984	2320
5	42887336	42887337	1.0	rs315263	31	G	C	6	0.9240951535386792	0.016434935676204715	0.0010154839386753904	0.9700697800625044	0.06704196250658108	1.0	ref	0.9240951535386792	0.0010154839386753904	0.06704196250658108	2320
5	42984456	42984457	1.0	rs12188691	26	A	G	7	-0.5670911551622946	0.7725219496727662	0.9893829331772489	0.0010809299357133178	1.0	0.06440908499227731	alt	0.7725219496727662	0.0010809299357133178	0.06440908499227731	2320
5	42984478	42984479	1.0	rs309908	36	G	A	7	0.9478977174262535	-0.2986824015488078	0.0017215119577209418	0.9955215119673332	0.0949140922055656	1.0	ref	0.9478977174262535	0.0017215119577209418	0.0949140922055656	2320
5	44665189	44665190	1.0	rs114036354	71	T	C	8	0.2829406736991024	1.186259769399205	0.9980569984230269	4.6867254544807746e-07	1.0	0.0005297171444926895	alt	1.186259769399205	4.6867254544807746e-07	0.0005297171444926895	2320
5	50303346	50303347	1.0	rs4865699	108	C	T	8	0.692317323351847	-0.25550601658628314	0.00038509491601287904	0.9609202147079543	0.039385898808998676	1.0	ref	0.692317323351847	0.00038509491601287904	0.039385898808998676	2320
5	50807783	50807784	1.0	rs26072	59	C	T	8	0.9039772368798176	-0.5209213954500366	4.0547389880884105e-05	0.9967888348621287	0.00964814471849879	1.0	ref	0.9039772368798176	4.0547389880884105e-05	0.00964814471849879	2320
5	50807983	50807984	1.0	rs16877029	38	G	A	6	0.8803411211150396	-0.45765629482950526	0.0014136609512474438	0.9780152244299261	0.08109118985591299	1.0	ref	0.8803411211150396	0.0014136609512474438	0.08109118985591299	2320
5	82421282	82421283	1.0	rs224939	30	C	A	6	0.8745830201457874	-0.5125000453874838	0.000692561191614023	0.9554581044763772	0.05445337647455649	1.0	ref	0.8745830201457874	0.000692561191614023	0.05445337647455649	2320
5	83474716	83474717	1.0	rs77050045	27	G	A	5	-0.4985700885452532	0.921162468999502	0.9957763646545118	0.0007388110571950964	1.0	0.05555546516497261	alt	0.921162468999502	0.0007388110571950964	0.05555546516497261	2320
5	94362962	94362963	1.0	rs42245	39	C	T	6	-0.24309495788335225	0.866376814567064	0.9881326162587241	0.0016415307187248888	1.0	0.08144119739341886	alt	0.866376814567064	0.0016415307187248888	0.08144119739341886	2320
5	110378266	110378267	1.0	rs149640859	26	A	G	3	1.338977256109633	-1.570860758374871	9.8007709237524e-05	0.9908310987214466	0.018855015040972173	1.0	ref	1.338977256109633	9.8007709237524e-05	0.018855015040972173	2320
5	113034613	113034614	1.0	rs878073	34	A	G	1	-1.8350624751963314	1.7390507082381599	0.9974803046818655	0.0014293930673878058	1.0	0.07483294473045739	alt	1.7390507082381599	0.0014293930673878058	0.07483294473045739	2320
5	113038999	113039000	1.0	rs6594660	113	G	A	9	-0.3415844673068548	0.7900063361064122	0.9956495057124437	6.263915277362957e-05	1.0	0.0125862937639813	alt	0.7900063361064122	6.263915277362957e-05	0.0125862937639813	2320
5	113039050	113039051	1.0	rs6594661	90	C	T	9	-0.2015152566094481	0.7156366002496941	0.9743783541678332	0.0003102049423207068	1.0	0.034204302071347004	alt	0.7156366002496941	0.0003102049423207068	0.034204302071347004	2320
5	116764232	116764233	1.0	rs768895	63	G	C	9	0.7609090578157477	-0.45896729914868706	0.0003051011496770833	0.985190653052793	0.035827592147794636	1.0	ref	0.7609090578157477	0.0003051011496770833	0.035827592147794636	2320
5	155129342	155129343	1.0	rs13179828	34	C	G	6	0.837059872798776	-0.45553700733921965	0.0009922341115533098	0.9939620701927675	0.0669535883333211	1.0	ref	0.837059872798776	0.0009922341115533098	0.0669535883333211	2320
5	157731430	157731431	1.0	rs2270818	44	C	A	9	-0.03456615084043759	0.8827202235484687	0.9626469531020989	0.001680537148065732	1.0	0.08213738860978567	alt	0.8827202235484687	0.001680537148065732	0.08213738860978567	2320
5	160168027	160168028	1.0	rs75583333	25	C	A	2	1.3015750697704893	-1.6806062818865537	0.0010232018166233343	1.0	0.06704196250658108	1.0	ref	1.3015750697704893	0.0010232018166233343	0.06704196250658108	2320
5	160169380	160169381	1.0	rs116512869	37	C	T	5	1.3451658908260282	-0.4303873154887054	1.7435243874961768e-05	0.9994117924394503	0.0050854669392711065	1.0	ref	1.3451658908260282	1.7435243874961768e-05	0.0050854669392711065	2320
5	163379818	163379819	1.0	rs10746556	68	G	T	9	0.9722283178671423	-0.013490189210868291	7.447705609048204e-05	0.9907066527868162	0.015660966073724154	1.0	ref	0.9722283178671423	7.447705609048204e-05	0.015660966073724154	2320
5	164532133	164532134	1.0	rs11135317	33	C	A	2	1.4414594228151805	-1.028558976575539	0.0007645856823051792	0.9975206809092876	0.05915990300013583	1.0	ref	1.4414594228151805	0.0007645856823051792	0.05915990300013583	2320
5	166014455	166014456	1.0	rs17460320	54	C	A	7	1.2148151145171422	-0.2425108016801141	3.191458361750968e-06	0.9996817710353196	0.0015187982372080132	1.0	ref	1.2148151145171422	3.191458361750968e-06	0.0015187982372080132	2320
6	5112512	5112513	1.0	rs394252	24	T	C	4	-0.7201684165830338	0.9361750117451145	0.9866066527780695	0.0011014077794464028	1.0	0.06466837105035309	alt	0.9361750117451145	0.0011014077794464028	0.06466837105035309	2320
6	5112579	5112580	1.0	rs441482	29	C	T	7	-0.950800812199954	0.9513012941483019	0.997831691485039	2.508599702165896e-05	1.0	0.007317018873220655	alt	0.9513012941483019	2.508599702165896e-05	0.007317018873220655	2320
6	5112618	5112619	1.0	rs441463	25	C	T	6	-0.736084252625292	0.826773222685668	0.9718383814242556	0.001320495773092125	1.0	0.07131763102707504	alt	0.826773222685668	0.001320495773092125	0.07131763102707504	2320
6	23420805	23420806	1.0	rs4521580	57	A	G	8	-0.4485588565880814	1.1410747752393513	0.999469331545634	1.0867335441241895e-06	1.0	0.0007547955817988346	alt	1.1410747752393513	1.0867335441241895e-06	0.0007547955817988346	2320
6	25175556	25175557	1.0	rs4346843	36	A	C	6	-0.7767516863911607	1.0416976248101815	0.9990289532915763	6.692776462330077e-05	1.0	0.013155670602693166	alt	1.0416976248101815	6.692776462330077e-05	0.013155670602693166	2320
6	69026400	69026401	1.0	rs1889878	46	C	T	4	1.0109483969431077	-0.722005165428496	0.0004390242860488608	0.991653970460638	0.040931013995005316	1.0	ref	1.0109483969431077	0.0004390242860488608	0.040931013995005316	2320
6	69026927	69026928	1.0	rs947220	40	G	C	3	1.2484687621281387	-0.818087609343783	0.00044715055360169666	0.9955411342908123	0.04104289738689407	1.0	ref	1.2484687621281387	0.00044715055360169666	0.04104289738689407	2320
6	85465141	85465142	1.0	rs7746186	33	C	T	8	-0.03746519706541775	0.8182361902658002	0.9754803266839027	0.0021778784703047143	1.0	0.09564612164741637	alt	0.8182361902658002	0.0021778784703047143	0.09564612164741637	2320
6	117168172	117168173	1.0	rs10484309	57	C	A	8	0.7915215069456023	0.15432425880367306	0.0013567845056867442	0.9682710985656218	0.07864131731038167	1.0	ref	0.7915215069456023	0.0013567845056867442	0.07864131731038167	2320
6	119830622	119830623	1.0	rs2884240	65	A	T	9	0.9528045080820933	0.06175653968088014	0.00014766942798637137	0.9826238723517265	0.023425034523732808	1.0	ref	0.9528045080820933	0.00014766942798637137	0.023425034523732808	2320
6	159577680	159577681	1.0	rs6455659	33	T	C	2	1.5175408358859879	-1.0265615795418035	0.0008438254395587203	0.99936555762157	0.06411655146630209	1.0	ref	1.5175408358859879	0.0008438254395587203	0.06411655146630209	2320
6	161435099	161435100	1.0	rs12661014	24	A	G	2	-1.7753831604024986	1.3510749747107256	1.0	0.0005183562432826285	1.0	0.04550463254137405	alt	1.3510749747107256	0.0005183562432826285	0.04550463254137405	2320
6	162965108	162965109	1.0	rs7742535	63	C	T	9	-0.23473769787336715	0.7064439318649601	0.9597319575607064	0.0007818901810417857	1.0	0.056410604418846454	alt	0.7064439318649601	0.0007818901810417857	0.056410604418846454	2320
6	163226871	163226872	1.0	rs12192550	41	T	G	6	0.039477812479418395	1.3209201720355241	0.9927739618318785	0.0010390023099281639	1.0	0.06370883701081592	alt	1.3209201720355241	0.0010390023099281639	0.06370883701081592	2320
6	166956722	166956723	1.0	rs2247315	51	A	C	8	0.8811464097051118	-0.20343056318582697	0.0003832393768932954	0.8817628590723652	0.039385898808998676	0.9873822896034891	ref	0.8811464097051118	0.0003832393768932954	0.039385898808998676	2320
6	167700418	167700419	1.0	rs523696	37	C	T	5	1.3972558258283034	-0.12289766507855951	0.00034812153366607944	0.9831784475881251	0.037702198513534874	1.0	ref	1.3972558258283034	0.00034812153366607944	0.037702198513534874	2320
7	3283548	3283549	1.0	rs1525558	37	A	T	6	-0.12985979842536197	1.1179590692543941	0.9994637809077175	8.361550626358554e-05	1.0	0.015751070992402926	alt	1.1179590692543941	8.361550626358554e-05	0.015751070992402926	2320
7	21106427	21106428	1.0	rs17735947	35	A	G	8	0.848334720789322	-0.4011468328275508	0.000914711044868874	0.9831662158811298	0.06482451327323589	1.0	ref	0.848334720789322	0.000914711044868874	0.06482451327323589	2320
7	35524652	35524653	1.0	rs343073	26	G	C	4	0.9743895172661066	-0.514266991332298	0.0018445239350705625	0.9172172578662638	0.09839981778375718	0.996460768478039	ref	0.9743895172661066	0.0018445239350705625	0.09839981778375718	2320
7	36507008	36507009	1.0	rs4723533	33	T	C	1	1.8088656052366119	-2.008929327864534	0.0012111256306759964	0.9988200824856607	0.07552412381084386	1.0	ref	1.8088656052366119	0.0012111256306759964	0.07552412381084386	2320
7	55255112	55255113	1.0	rs62456537	40	C	T	7	1.2195573599200726	-0.31187848325930484	3.144189980933488e-05	0.9996860099868345	0.008442990425066153	1.0	ref	1.2195573599200726	3.144189980933488e-05	0.008442990425066153	2320
7	64639012	64639013	1.0	rs67005038	85	G	A	8	0.7418030570935001	0.4625153628477738	0.001227429410759564	0.6978613055880731	0.07601655295950671	0.9300933243044428	ref	0.7418030570935001	0.001227429410759564	0.07601655295950671	2320
7	66629020	66629021	1.0	rs35526611	49	C	T	8	0.019697459850428013	0.7876353338889562	0.9670024422662802	0.0022863800796507033	1.0	0.09939158019327721	alt	0.7876353338889562	0.0022863800796507033	0.09939158019327721	2320
7	67937944	67937945	1.0	rs17749241	98	C	T	9	0.4782080333104246	1.3393998933454365	0.9999284746747916	3.4218846163766255e-07	1.0	0.0005042630337923678	alt	1.3393998933454365	3.4218846163766255e-07	0.0005042630337923678	2320
7	75739359	75739360	1.0	rs62475483	30	T	C	5	1.1182857399905102	-0.3385252453697285	0.001019978881797061	0.9990830601742651	0.06704196250658108	1.0	ref	1.1182857399905102	0.001019978881797061	0.06704196250658108	2320
7	79451798	79451799	1.0	rs73147497	36	A	G	6	-0.5824736876163601	0.8352329790421346	0.9855539114494625	0.0011087832884648047	1.0	0.06468140964063719	alt	0.8352329790421346	0.0011087832884648047	0.06468140964063719	2320
7	97872575	97872576	1.0	rs72615155	94	C	T	9	0.9831532173321468	-0.06410136101960792	3.648965972266632e-05	0.9949875562341127	0.009164986200343022	1.0	ref	0.9831532173321468	3.648965972266632e-05	0.009164986200343022	2320
7	118755151	118755152	1.0	rs76646236	54	A	T	9	-0.050177340730383484	0.877787110800704	0.9775620725732506	0.00027852840816392546	1.0	0.031879162868584984	alt	0.877787110800704	0.00027852840816392546	0.031879162868584984	2320
7	123534787	123534788	1.0	rs10428991	48	T	G	9	0.9070817652102628	-0.05674298390232339	0.00025185821226777046	0.9965587412007193	0.03215986784088982	1.0	ref	0.9070817652102628	0.00025185821226777046	0.03215986784088982	2320
7	135774466	135774467	1.0	rs36019693	36	G	A	5	-0.0028168441978417558	1.2847198324991054	0.9829734992861622	9.420150070259603e-05	1.0	0.016701371948095557	alt	1.2847198324991054	9.420150070259603e-05	0.016701371948095557	2320
7	139442112	139442113	1.0	rs4732380	39	C	T	6	-0.14324962325886864	1.1407862968507714	0.9973151061363528	0.0013324740963129387	1.0	0.07131763102707504	alt	1.1407862968507714	0.0013324740963129387	0.07131763102707504	2320
7	150400028	150400029	1.0	rs6957480	34	G	A	5	-0.6228807402031793	1.1558333736414141	0.999586932319797	5.975567019076837e-05	1.0	0.0122797902242029	alt	1.1558333736414141	5.975567019076837e-05	0.0122797902242029	2320
7	150400059	150400060	1.0	rs6957590	32	G	A	5	-0.1400471388192613	0.9723496679134233	0.9931594851382256	0.0011835716638938655	1.0	0.06773325939828058	alt	0.9723496679134233	0.0011835716638938655	0.06773325939828058	2320
7	155166871	155166872	1.0	rs2576154	41	G	A	1	-2.7541701381896817	2.3107242139183497	1.0	4.017940795193596e-05	1.0	0.009818978559497432	alt	2.3107242139183497	4.017940795193596e-05	0.009818978559497432	2320
7	155230490	155230491	1.0	rs6964381	91	A	G	9	0.9697734100392802	0.20263495362794626	0.0003227047126856866	0.9829037082921105	0.036935392558278206	1.0	ref	0.9697734100392802	0.0003227047126856866	0.036935392558278206	2320
7	155585410	155585411	1.0	rs55778626	35	G	A	7	0.8987869716880535	-0.34767343065018336	0.0014169882766240048	0.9947232897120517	0.08109118985591299	1.0	ref	0.8987869716880535	0.0014169882766240048	0.08109118985591299	2320
7	155938420	155938421	1.0	rs1809301	29	A	G	1	-2.1471930327488935	1.7257617131971936	1.0	0.0012394666264682944	1.0	0.06875617936519213	alt	1.7257617131971936	0.0012394666264682944	0.06875617936519213	2320
7	155938461	155938462	1.0	rs1870374	29	C	T	1	-2.1471930327488935	1.7257617131971936	1.0	0.0012394666264682944	1.0	0.06875617936519213	alt	1.7257617131971936	0.0012394666264682944	0.06875617936519213	2320
8	6516734	6516735	1.0	rs2916725	48	C	T	6	1.4806121346935648	-0.5369644214813621	7.363092379170437e-07	0.9999977400337555	0.0006052461935678099	1.0	ref	1.4806121346935648	7.363092379170437e-07	0.0006052461935678099	2320
8	6516784	6516785	1.0	rs2442626	43	T	C	6	-0.18449412257043524	1.1135360680867272	0.9986577109232614	5.181730935033972e-05	1.0	0.011775944924564467	alt	1.1135360680867272	5.181730935033972e-05	0.011775944924564467	2320
8	6516793	6516794	1.0	rs2515430	40	T	C	7	-0.27954466026189684	1.0876174526666929	0.9995936433131638	2.191260788975951e-05	1.0	0.007215117976857552	alt	1.0876174526666929	2.191260788975951e-05	0.007215117976857552	2320
8	6900956	6900957	1.0	rs2702930	46	A	C	8	-0.11089798579430041	0.9637548051335556	0.9935310259346575	0.0006514246085484186	1.0	0.05354710282268001	alt	0.9637548051335556	0.0006514246085484186	0.05354710282268001	2320
8	9088865	9088866	1.0	rs17646897	54	C	A	8	0.8697473950851167	-0.31430543275320644	9.258336676845911e-05	0.9873449176664215	0.018606288333038214	1.0	ref	0.8697473950851167	9.258336676845911e-05	0.018606288333038214	2320
8	9088880	9088881	1.0	rs7825188	54	G	A	8	-0.4144965612488911	0.903444907367604	0.9920449981610907	5.945461150642642e-05	1.0	0.0122797902242029	alt	0.903444907367604	5.945461150642642e-05	0.0122797902242029	2320
8	11846786	11846787	1.0	rs1692813	45	G	T	8	-0.20525178176379583	0.6987634967041709	0.9314822241929999	0.0021896424663807993	1.0	0.09564612164741637	alt	0.6987634967041709	0.0021896424663807993	0.09564612164741637	2320
8	11846788	11846789	1.0	rs1692814	45	T	C	8	-0.20525178176379583	0.6987634967041709	0.9314822241929999	0.0021896424663807993	1.0	0.09564612164741637	alt	0.6987634967041709	0.0021896424663807993	0.09564612164741637	2320
8	15356634	15356635	1.0	rs4831699	51	T	C	4	0.1343274156074149	1.2279693449504148	0.9919897441562673	0.0003833959925074514	1.0	0.038275599863623305	alt	1.2279693449504148	0.0003833959925074514	0.038275599863623305	2320
8	16811089	16811090	1.0	rs35542305	57	G	C	4	-0.36167275053690706	1.8259951758608406	0.9996080766029536	2.1879794195203904e-06	1.0	0.0011637476418413747	alt	1.8259951758608406	2.1879794195203904e-06	0.0011637476418413747	2320
8	16826280	16826281	1.0	rs597056	49	C	T	6	1.4917398583994153	0.46542546250408046	0.0017515261143436626	0.7304714440722668	0.09598363106603272	0.9404702829704453	ref	1.4917398583994153	0.0017515261143436626	0.09598363106603272	2320
8	19666488	19666489	1.0	rs62494489	33	G	C	6	0.9086895482668391	-0.5636162641756286	0.0009248354581118591	0.9991087480068616	0.06482451327323589	1.0	ref	0.9086895482668391	0.0009248354581118591	0.06482451327323589	2320
8	31286266	31286267	1.0	rs7002808	38	G	T	5	-0.17156080658149947	1.3734687288665592	0.999727952118434	1.1955279056038829e-05	1.0	0.004504151384362629	alt	1.3734687288665592	1.1955279056038829e-05	0.004504151384362629	2320
8	31286281	31286282	1.0	rs6985426	33	A	G	7	0.0773812566633959	1.3066516744487853	0.99713716339852	0.00022500905008321535	1.0	0.02948596856307874	alt	1.3066516744487853	0.00022500905008321535	0.02948596856307874	2320
8	31286355	31286356	1.0	rs6989579	37	T	G	6	-0.2703561488602764	0.9811331561877831	0.9897309795162451	0.00015384290712368325	1.0	0.02280405846249744	alt	0.9811331561877831	0.00015384290712368325	0.02280405846249744	2320
8	40099124	40099125	1.0	rs6990187	36	T	A	2	-0.6443516192214603	1.56568944532422	0.9978610362211184	0.001017196230799451	1.0	0.06343095392336992	alt	1.56568944532422	0.001017196230799451	0.06343095392336992	2320
8	40600477	40600478	1.0	rs1868998	60	T	C	8	-0.298761579448327	1.0786668374816644	0.9993637816271116	3.206834651160436e-05	1.0	0.008528293798762548	alt	1.0786668374816644	3.206834651160436e-05	0.008528293798762548	2320
8	42292843	42292844	1.0	rs4282553	32	C	T	3	-0.6551495152186239	1.1425071195374945	0.9941420191785397	0.0013329661185109136	1.0	0.07131763102707504	alt	1.1425071195374945	0.0013329661185109136	0.07131763102707504	2320
8	49172074	49172075	1.0	rs62508988	26	A	G	2	1.3706469498712268	-1.570860758374871	0.0006306982592195714	0.9908310987214466	0.05184339690784877	1.0	ref	1.3706469498712268	0.0006306982592195714	0.05184339690784877	2320
8	52818702	52818703	1.0	rs722805	30	T	A	6	1.026586075081641	-0.6105997447810365	0.001271069604926671	0.9773310670102144	0.0769019797353265	1.0	ref	1.026586075081641	0.001271069604926671	0.0769019797353265	2320
8	52818765	52818766	1.0	rs1989378	40	A	T	4	1.4709637068658614	-0.7173403237371526	1.415930708011442e-05	0.9999017400862393	0.0042676151539464855	1.0	ref	1.4709637068658614	1.415930708011442e-05	0.0042676151539464855	2320
8	52818807	52818808	1.0	rs722804	41	T	C	4	1.1531933678052058	-0.7745526628395277	0.0004584530674713892	0.9976390535971743	0.04104289738689407	1.0	ref	1.1531933678052058	0.0004584530674713892	0.04104289738689407	2320
8	60568270	60568271	1.0	rs12681841	36	A	G	2	1.5848668403664967	-1.5326022165665392	0.0001744476848918984	0.9993671279116015	0.02585829453758271	1.0	ref	1.5848668403664967	0.0001744476848918984	0.02585829453758271	2320
8	79327062	79327063	1.0	rs1350681	26	A	G	6	-0.040097082261446475	0.9179999900730996	0.904741419576889	0.0019224211557186729	0.9958273677773993	0.09026692973178162	alt	0.9179999900730996	0.0019224211557186729	0.09026692973178162	2320
8	91180270	91180271	1.0	rs7822260	48	A	G	8	-1.001825445799262	1.1892125818035155	0.9999934574273031	1.7821199376503188e-07	1.0	0.0005042630337923678	alt	1.1892125818035155	1.7821199376503188e-07	0.0005042630337923678	2320
8	94373316	94373317	1.0	rs67808321	43	C	T	8	0.20061230235112426	0.8627522781357384	0.8386548462339938	0.0018302237415179436	0.9858534152013292	0.08664336686285469	alt	0.8627522781357384	0.0018302237415179436	0.08664336686285469	2320
8	95773109	95773110	1.0	rs3102534	40	C	T	7	0.9314685003516643	-0.21385981802867568	0.00046483396852027223	0.982184861379996	0.041206164150591196	1.0	ref	0.9314685003516643	0.00046483396852027223	0.041206164150591196	2320
8	95801952	95801953	1.0	rs895048	53	G	A	8	-0.22425112363941468	0.8328880851656073	0.9819912305278773	0.0004987063981349048	1.0	0.044392999611907805	alt	0.8328880851656073	0.0004987063981349048	0.044392999611907805	2320
8	95802109	95802110	1.0	rs3107034	59	G	T	8	-0.0629101969611016	0.8236095267037822	0.9398955712689618	0.0023346863324681015	1.0	0.09963564797702225	alt	0.8236095267037822	0.0023346863324681015	0.09963564797702225	2320
8	112079784	112079785	1.0	rs4436153	76	C	T	8	0.3004859998382178	1.263424434071775	0.9960931091594827	2.6651724043566774e-05	1.0	0.007530777775060336	alt	1.263424434071775	2.6651724043566774e-05	0.007530777775060336	2320
9	1979052	1979053	1.0833333333333333	rs16936187	29	G	A	6	-0.39544733019744066	1.0295716803619803	0.9963096554236288	0.0009234641735228629	1.0	0.059981608967422315	alt	1.0295716803619803	0.0009234641735228629	0.059981608967422315	2320
9	8628520	8628521	1.0625	rs12686394	81	G	A	8	0.30593987247742777	0.7739937681974144	0.9308907068242395	0.0007012949227904687	1.0	0.054197510186935194	alt	0.7739937681974144	0.0007012949227904687	0.054197510186935194	2320
9	8903226	8903227	1.125	rs35296100	30	G	A	4	1.1065623023449713	-1.2867312365380605	0.0003399797544828951	0.9997166712500671	0.03748898707358949	1.0	ref	1.1065623023449713	0.0003399797544828951	0.03748898707358949	2320
9	16368135	16368136	1.125	rs73645955	35	C	T	4	1.1714391094253922	-0.6914952903874659	0.0009115060932362276	0.9993116748305161	0.06482451327323589	1.0	ref	1.1714391094253922	0.0009115060932362276	0.06482451327323589	2320
9	20354430	20354431	1.0833333333333333	rs7854241	40	G	A	6	0.11375510350747195	1.5578692389496662	0.9090528532559699	0.0002994428159256294	0.9958273677773993	0.03384452426999426	alt	1.5578692389496662	0.0002994428159256294	0.03384452426999426	2320
9	27125057	27125058	1.0833333333333333	rs12339737	43	A	G	6	1.1452051008028001	0.07472422359437622	0.0003732290979433953	0.9991867733198937	0.039385898808998676	1.0	ref	1.1452051008028001	0.0003732290979433953	0.039385898808998676	2320
9	68843503	68843504	1.0	rs10511962	42	A	G	8	-0.25506162551005856	1.2608923251487565	0.9994938711565731	3.9038279545969633e-07	1.0	0.0005042630337923678	alt	1.2608923251487565	3.9038279545969633e-07	0.0005042630337923678	2320
9	69155837	69155838	1.0	rs4339703	33	C	T	6	1.2329907035628724	0.15998632341978566	0.0002778045245435199	0.9994282897275416	0.03488761820725703	1.0	ref	1.2329907035628724	0.0002778045245435199	0.03488761820725703	2320
9	75083349	75083350	1.0	rs2273768	26	A	C	4	-1.4932675396534245	1.1471706116200118	1.0	0.00013695693231077644	1.0	0.021975532772242845	alt	1.1471706116200118	0.00013695693231077644	0.021975532772242845	2320
9	75230068	75230069	1.0	rs1106242	110	C	T	8	0.8410980468398919	0.19245950198933726	0.0008649157529539964	0.9497977097247301	0.06471909405593283	1.0	ref	0.8410980468398919	0.0008649157529539964	0.06471909405593283	2320
9	85213136	85213137	1.0	rs11140889	30	A	C	6	-0.16148646837691316	0.852132964544155	0.9488322132104599	0.0014447072004789131	1.0	0.07483294473045739	alt	0.852132964544155	0.0014447072004789131	0.07483294473045739	2320
9	93095528	93095529	1.0	rs115249557	40	A	G	7	-0.23515776853898235	0.804623839823912	0.9789833900553393	0.0016647248338548548	1.0	0.08180674971584564	alt	0.804623839823912	0.0016647248338548548	0.08180674971584564	2320
9	118651744	118651745	1.0	rs10818209	36	C	T	8	1.1042062303507219	0.10785795794777303	0.0005910748022463551	0.9994238425381002	0.049486095943625394	1.0	ref	1.1042062303507219	0.0005910748022463551	0.049486095943625394	2320
9	120394482	120394483	1.0	rs4410972	34	G	C	3	1.3457725866820796	-0.25124758589211416	0.0005388634246712512	0.9975190349207982	0.0459660668479005	1.0	ref	1.3457725866820796	0.0005388634246712512	0.0459660668479005	2320
