#chr	start	end	mean_bad	id	max_cover	ref	alt	n_reps	ref_comb_es	alt_comb_es	ref_comb_pval	alt_comb_pval	ref_fdr_comb_pval	alt_fdr_comb_pval	pref_allele	comb_es	comb_pval	fdr_comb_pval	3361
1	95073026	95073027	1.0	rs41292697	51	G	A	2	1.5352831159907228	-0.6543699937463443	5.4403158791015446e-05	0.9988627191348814	0.01373889002391567	1.0	ref	1.5352831159907228	5.4403158791015446e-05	0.01373889002391567	3361
1	100249897	100249898	1.0	rs3806235	53	G	A	1	-1.2405428346510927	1.4897336935965861	0.9954281884052362	0.0005579743069185778	1.0	0.05909127901979649	alt	1.4897336935965861	0.0005579743069185778	0.05909127901979649	3361
1	108200419	108200420	1.0	rs576805	48	C	A	2	-0.27279831088969014	1.6102814855439682	0.99760628680944	0.00015795725826847897	1.0	0.027293351520811394	alt	1.6102814855439682	0.00015795725826847897	0.027293351520811394	3361
1	109548648	109548649	1.0	rs3737182	38	C	T	2	-1.059590707729415	1.176043174791825	0.9916321874126449	0.000996332282846525	1.0	0.09085996901625393	alt	1.176043174791825	0.000996332282846525	0.09085996901625393	3361
1	147242604	147242605	1.0	rs1890040	31	G	A	4	-0.2936335107537078	0.955718947140688	0.9866909846436974	0.0010795736172170551	1.0	0.095790275279016	alt	0.955718947140688	0.0010795736172170551	0.095790275279016	3361
1	180631833	180631834	1.0	rs4652524	23	A	G	2	-1.2194019374968765	1.1961735470553565	0.9732427748062016	0.0007370200184850406	0.9979425359464648	0.07332232486928449	alt	1.1961735470553565	0.0007370200184850406	0.07332232486928449	3361
1	180631869	180631870	1.0	rs4651075	48	A	G	2	-1.3447958459030271	1.8217169381915017	0.9999820504100236	7.144988570583989e-07	1.0	0.0005864249369306808	alt	1.8217169381915017	7.144988570583989e-07	0.0005864249369306808	3361
10	92291230	92291231	1.5	rs746842	53	C	G	2	-0.447445589513943	1.7856511340225543	0.997912841892793	0.00013460494457635068	1.0	0.027293351520811394	alt	1.7856511340225543	0.00013460494457635068	0.027293351520811394	3361
11	22626003	22626004	1.0	rs3740614	129	A	G	2	-0.5718553780665999	0.9076912051885067	0.9958358204230279	0.0002041235053104705	1.0	0.030621627393616745	alt	0.9076912051885067	0.0002041235053104705	0.030621627393616745	3361
11	34438924	34438925	1.5	rs7943316	63	A	T	1	-1.8776461729942464	2.0787327665042454	0.9997263179673896	6.694185472957766e-06	1.0	0.004395402181544069	alt	2.0787327665042454	6.694185472957766e-06	0.004395402181544069	3361
11	81869958	81869959	1.0	rs1459950	145	C	T	2	1.405752329921808	-1.2484675558996505	7.715102557635191e-08	0.999997286945634	0.0002532868169671633	1.0	ref	1.405752329921808	7.715102557635191e-08	0.0002532868169671633	3361
11	83071935	83071936	1.5	rs12802095	51	T	C	1	1.8853820093198674	-1.7309256837986124	9.879416690539406e-05	0.9986123380696625	0.019078897055906395	1.0	ref	1.8853820093198674	9.879416690539406e-05	0.019078897055906395	3361
11	119121466	119121467	1.0	rs583713	48	T	C	3	0.11352154109603818	1.5799304884925833	0.9994176408709851	1.2389618899831658e-05	1.0	0.0067791864746912225	alt	1.5799304884925833	1.2389618899831658e-05	0.0067791864746912225	3361
12	9648042	9648043	1.0	rs35015427	55	G	C	2	1.2754799551582114	-1.0258222707407165	0.0001653268410056485	0.9984535357219518	0.029341786530169386	1.0	ref	1.2754799551582114	0.0001653268410056485	0.029341786530169386	3361
12	14803541	14803542	1.125	rs2075268	111	A	G	4	-0.1376662295880591	2.1855779298831424	0.6184988132677955	4.606787024766435e-07	0.8563088847025975	0.0005041360600769402	alt	2.1855779298831424	4.606787024766435e-07	0.0005041360600769402	3361
12	38316720	38316721	1.0	rs7315028	41	G	A	2	1.2330993803928636	-0.68239730866513	0.0007964313780747471	0.9921411156714499	0.08170888169435608	1.0	ref	1.2330993803928636	0.0007964313780747471	0.08170888169435608	3361
12	116738124	116738125	1.5	rs11068167	46	T	C	1	-1.9538823329839476	1.9467674004761686	1.0	9.040183188889997e-05	1.0	0.022858451673027094	alt	1.9467674004761686	9.040183188889997e-05	0.022858451673027094	3361
12	125049672	125049673	1.0	rs12809858	50	T	C	1	-1.4067523805535402	1.6252112785405743	0.9977138786873454	0.0002496932565562409	1.0	0.034155956719755784	alt	1.6252112785405743	0.0002496932565562409	0.034155956719755784	3361
13	42992236	42992237	1.0	rs3825511	28	A	C	2	1.188356670788159	-0.9690332509019968	0.0010875160871673373	0.9950930957360142	0.09649500849109104	1.0	ref	1.188356670788159	0.0010875160871673373	0.09649500849109104	3361
13	94601776	94601777	1.0	rs3897474	113	C	T	2	-0.40474491102759486	0.9188400613674746	0.9926265823269628	0.0003765412777214879	1.0	0.0426270694744705	alt	0.9188400613674746	0.0003765412777214879	0.0426270694744705	3361
14	54509925	54509926	1.0	rs75987656	41	G	A	2	0.3207645339470752	2.0115046871419384	0.9980361035482477	0.00018199422402306138	1.0	0.029874351873385527	alt	2.0115046871419384	0.00018199422402306138	0.029874351873385527	3361
14	85934541	85934542	1.0	rs61991358	127	A	T	2	1.1113493076489138	-0.7109429704618242	1.2273932371876541e-05	0.9996221102055358	0.004029531997687069	1.0	ref	1.1113493076489138	1.2273932371876541e-05	0.004029531997687069	3361
16	14975050	14975051	1.0	rs28418438	44	C	G	1	2.171614738111376	-2.2492389795500825	1.7961260585084147e-06	0.9999541348000964	0.0014741704625207813	1.0	ref	2.171614738111376	1.7961260585084147e-06	0.0014741704625207813	3361
16	77190991	77190992	1.0	rs2232498	56	G	T	2	1.253309547417272	-0.3951713116434407	0.0009111521799165818	0.9888800929509336	0.0873322647414563	1.0	ref	1.253309547417272	0.0009111521799165818	0.0873322647414563	3361
16	84116898	84116899	1.0	rs16962855	68	G	A	2	-0.7380518480632242	1.3174265807002234	0.9984359612932989	7.282369997633071e-05	1.0	0.021734564274753974	alt	1.3174265807002234	7.282369997633071e-05	0.021734564274753974	3361
17	18260833	18260834	1.0	rs2746024	24	G	T	2	-1.4644112829692375	1.251190081974546	0.9890519935199398	0.0003590292709945802	1.0	0.04209618202411453	alt	1.251190081974546	0.0003590292709945802	0.04209618202411453	3361
17	46194145	46194146	1.0	rs62060951	36	G	C	1	1.668864747986131	-1.6371379843339433	0.0003861138298159999	0.9968550726898439	0.046358302723242914	1.0	ref	1.668864747986131	0.0003861138298159999	0.046358302723242914	3361
19	1040046	1040047	1.0	rs3764642	34	G	A	4	-0.4883687020523031	0.9616001970714998	0.9610801034070668	0.000585908619377884	0.9972215849916493	0.06011056241929979	alt	0.9616001970714998	0.000585908619377884	0.06011056241929979	3361
19	2042285	2042286	1.0	rs71337080	42	C	T	4	-0.15072674170250097	1.1931494122410409	0.9734586036146547	9.051473400833147e-05	0.9979425359464648	0.022858451673027094	alt	1.1931494122410409	9.051473400833147e-05	0.022858451673027094	3361
19	4724056	4724057	1.0	rs10420007	28	G	A	1	1.5200215271418553	-1.6976248545533528	0.0011527360791953043	0.9961734684858308	0.09959033021047853	1.0	ref	1.5200215271418553	0.0011527360791953043	0.09959033021047853	3361
19	21569338	21569339	1.0	rs73550345	47	C	T	2	1.1901811580777384	-0.9861292362869074	0.0005892878782078362	0.9919865645093986	0.06448773680521087	1.0	ref	1.1901811580777384	0.0005892878782078362	0.06448773680521087	3361
2	53994915	53994916	1.0	rs72799293	99	G	A	2	0.9706472171141262	-0.5529754183933939	0.0002931159263923155	0.9939622277311925	0.03701152255176815	1.0	ref	0.9706472171141262	0.0002931159263923155	0.03701152255176815	3361
2	161244749	161244750	1.0	rs11678980	76	G	A	2	1.421705965413922	-1.202139250596887	7.4360982234838064e-06	0.9997781024978586	0.0027125233852997037	1.0	ref	1.421705965413922	7.4360982234838064e-06	0.0027125233852997037	3361
2	175168486	175168487	1.5	rs268214	70	C	T	1	-1.4506664814886734	1.7607276359427075	0.9983368208375962	4.321994206847012e-05	1.0	0.015765674423420823	alt	1.7607276359427075	4.321994206847012e-05	0.015765674423420823	3361
2	215312056	215312057	1.1666666666666667	rs28366034	96	C	T	3	1.122415187723703	0.06133267647266343	0.00018225783237560205	0.9763466923400914	0.029341786530169386	1.0	ref	1.122415187723703	0.00018225783237560205	0.029341786530169386	3361
3	11770675	11770676	1.1666666666666667	rs6770635	105	C	T	3	1.478134825985608	0.10460633869103153	0.0006509462119337404	0.9743776894328173	0.06893730367027323	1.0	ref	1.478134825985608	0.0006509462119337404	0.06893730367027323	3361
3	19947074	19947075	1.0	rs62241279	83	A	G	3	0.9664877710057455	-0.3671418039081796	0.0009310475985229883	0.978691190080952	0.0873322647414563	1.0	ref	0.9664877710057455	0.0009310475985229883	0.0873322647414563	3361
3	125916029	125916030	1.5	rs7644184	76	T	C	1	1.5892871890620546	-1.2088854961034707	9.30214064007292e-05	0.9949026844313636	0.019078897055906395	1.0	ref	1.5892871890620546	9.30214064007292e-05	0.019078897055906395	3361
3	125916037	125916038	1.5	rs7632557	86	G	C	2	1.6248037657218986	-0.6808381293995506	2.753210575405838e-06	0.9975199696062897	0.0014742427812308536	1.0	ref	1.6248037657218986	2.753210575405838e-06	0.0014742427812308536	3361
3	130111581	130111582	1.5	rs72990317	67	A	G	1	1.4978845070279823	-1.1648061434842178	0.0003953799805820291	0.9906315735760566	0.046358302723242914	1.0	ref	1.4978845070279823	0.0003953799805820291	0.046358302723242914	3361
4	52862186	52862187	1.0	rs115003362	41	G	T	2	1.5436233300570834	-0.9195268254470985	6.656194565349246e-05	0.9989318980541975	0.014568191172027716	1.0	ref	1.5436233300570834	6.656194565349246e-05	0.014568191172027716	3361
4	52862187	52862188	1.0	rs116749252	41	C	T	2	1.5436233300570834	-0.9195268254470985	6.656194565349246e-05	0.9989318980541975	0.014568191172027716	1.0	ref	1.5436233300570834	6.656194565349246e-05	0.014568191172027716	3361
4	75941101	75941102	1.0	rs13126007	48	G	A	3	-0.6781332315404843	1.051116026958799	0.996079721252986	0.00040385539437186736	1.0	0.04419524199076135	alt	1.051116026958799	0.00040385539437186736	0.04419524199076135	3361
4	77076287	77076288	1.0	rs4252752	30	G	T	2	-0.6274217985782435	1.5841973264855564	0.8268176870903595	0.0001572013298460711	0.938022856654056	0.027293351520811394	alt	1.5841973264855564	0.0001572013298460711	0.027293351520811394	3361
4	98995235	98995236	1.0	rs6850128	37	T	A	2	-0.932722766612633	1.15550300241693	0.9519127752657445	0.0009255417019245837	0.994071544120789	0.08936921786524729	alt	1.15550300241693	0.0009255417019245837	0.08936921786524729	3361
4	121697036	121697037	1.0	rs28717001	36	T	G	2	-1.1556395755966837	1.5076405528132368	0.9992022933818032	6.673384554924473e-05	1.0	0.021734564274753974	alt	1.5076405528132368	6.673384554924473e-05	0.021734564274753974	3361
4	139301325	139301326	1.0	rs6851954	50	T	C	3	-0.0043000925383854015	1.2049320742835388	0.9823486307344177	0.001138275435482046	1.0	0.09834100670230414	alt	1.2049320742835388	0.001138275435482046	0.09834100670230414	3361
4	164956837	164956838	1.0	rs9762579	29	G	T	1	-2.136103653549752	1.744602660994231	1.0	0.0001511628476377832	1.0	0.027293351520811394	alt	1.744602660994231	0.0001511628476377832	0.027293351520811394	3361
4	186191474	186191475	1.0	rs7663027	50	G	C	2	1.184206791231996	-0.9441649380134489	0.0005676486043760591	0.9941836064443175	0.0642617368333311	1.0	ref	1.184206791231996	0.0005676486043760591	0.0642617368333311	3361
5	34929262	34929263	1.0	rs27555	31	T	G	3	-1.39037104515709	1.1907265971752297	0.9985977220864456	0.00013570385962240856	1.0	0.027293351520811394	alt	1.1907265971752297	0.00013570385962240856	0.027293351520811394	3361
5	65562859	65562860	1.25	rs432206	62	G	C	2	2.2252967469673473	-2.249603294347368	1.2922699525910119e-06	0.9999981722410061	0.0014141740847854307	1.0	ref	2.2252967469673473	1.2922699525910119e-06	0.0014141740847854307	3361
5	126778392	126778393	1.25	rs4075655	43	C	T	2	1.756205759984593	0.1854108148418653	0.0009075713188265043	0.9921466902351952	0.0873322647414563	1.0	ref	1.756205759984593	0.0009075713188265043	0.0873322647414563	3361
5	127073495	127073496	1.0	rs13154281	46	C	G	3	-0.7940503564623713	1.116272710922139	0.9985566739057172	0.0003459647246994593	1.0	0.042066747821789804	alt	1.116272710922139	0.0003459647246994593	0.042066747821789804	3361
5	128083164	128083165	1.0	rs564514340	50	A	G	1	2.118260321963522	-2.0437941227034155	2.3035496945489545e-06	0.9999411644104349	0.0014742427812308536	1.0	ref	2.118260321963522	2.3035496945489545e-06	0.0014742427812308536	3361
6	80004474	80004475	1.1666666666666667	rs45437302	178	C	G	3	1.6471014431053028	-0.2361758715590126	4.645083316669251e-06	0.9991174493415601	0.0019062260660781436	1.0	ref	1.6471014431053028	4.645083316669251e-06	0.0019062260660781436	3361
6	87472985	87472986	1.0	rs9450704	72	G	C	4	-0.33768848621662645	1.0317787401581793	0.9938024007267435	0.0003179808376559778	1.0	0.04015119577017597	alt	1.0317787401581793	0.0003179808376559778	0.04015119577017597	3361
6	95577390	95577391	1.0	rs7770751	61	C	T	2	1.738487127861903	-1.7682856966921037	7.065899871446449e-07	0.9999851892671417	0.0011598674638979346	1.0	ref	1.738487127861903	7.065899871446449e-07	0.0011598674638979346	3361
6	136793114	136793115	1.1666666666666667	rs1474988	58	G	A	3	0.7991148150556845	1.9409940741763196	0.9336454663267041	0.0011699708667638814	0.9824224570354388	0.09848754757912365	alt	1.9409940741763196	0.0011699708667638814	0.09848754757912365	3361
6	138773500	138773501	1.1666666666666667	rs59299306	34	A	G	3	1.7314266852577307	0.1849530296805007	3.143374800065786e-06	0.9940220241478454	0.0014742427812308536	1.0	ref	1.7314266852577307	3.143374800065786e-06	0.0014742427812308536	3361
6	154734184	154734185	1.25	rs4452651	32	A	G	2	1.7194043774213106	-0.2375011654029051	0.00020556231806088818	0.5833162629275793	0.029341786530169386	0.8838500232554641	ref	1.7194043774213106	0.00020556231806088818	0.029341786530169386	3361
6	154734188	154734189	1.25	rs4385322	32	C	T	2	1.7194043774213106	-0.2375011654029051	0.00020556231806088818	0.5833162629275793	0.029341786530169386	0.8838500232554641	ref	1.7194043774213106	0.00020556231806088818	0.029341786530169386	3361
7	1160340	1160341	1.0	rs147225237	29	C	T	1	1.7241366031494438	-2.0884860585239875	0.00019153140470407694	1.0	0.029341786530169386	1.0	ref	1.7241366031494438	0.00019153140470407694	0.029341786530169386	3361
7	36152996	36152997	1.5	rs12533197	55	T	G	1	-1.909571494968188	2.0518428118960386	0.9996139403284933	1.9066125935294565e-05	1.0	0.00894201306365315	alt	2.0518428118960386	1.9066125935294565e-05	0.00894201306365315	3361
7	39733395	39733396	1.1666666666666667	rs12701758	40	G	A	3	-1.468476216003841	1.2410245692	0.9957723282710941	0.000968287318801006	1.0	0.09082535050353437	alt	1.2410245692	0.000968287318801006	0.09082535050353437	3361
7	50740335	50740336	1.5	rs12536500	59	T	C	2	-1.008341033940344	1.3296494683473559	0.9954421495599913	0.0002375797033414152	1.0	0.03391192026390722	alt	1.3296494683473559	0.0002375797033414152	0.03391192026390722	3361
7	77122340	77122341	1.25	rs6962194	35	C	A	4	1.0596820390308586	-0.5757976907869171	0.0009806717030294413	0.95859081286647	0.0894318111401571	0.9969719488130422	ref	1.0596820390308586	0.0009806717030294413	0.0894318111401571	3361
7	108526377	108526378	1.0	rs138685541	114	C	G	2	1.0140885961199522	-0.6303886109036659	3.438035482432126e-05	0.9990307426526217	0.010150335269322137	1.0	ref	1.0140885961199522	3.438035482432126e-05	0.010150335269322137	3361
7	135148303	135148304	1.0	rs3735002	47	C	G	1	-1.7852640038072702	1.9066632462862083	0.9996406794855317	2.7286111743990017e-05	1.0	0.011197538106939903	alt	1.9066632462862083	2.7286111743990017e-05	0.011197538106939903	3361
8	12601480	12601481	1.0	rs2518989	38	C	A	1	1.9163576828693007	-1.983797340655944	3.710143869383663e-05	0.9995333321848462	0.010150335269322137	1.0	ref	1.9163576828693007	3.710143869383663e-05	0.010150335269322137	3361
8	70631553	70631554	1.0	rs268610	61	G	A	2	1.4283962172837263	-0.1488031885651615	0.00027468698166906267	0.9946754760605604	0.03607189443278131	1.0	ref	1.4283962172837263	0.00027468698166906267	0.03607189443278131	3361
8	80171624	80171625	1.0	rs10111451	64	T	C	2	1.1824215717382431	-1.1119034130934125	0.00026503585092781145	0.9968984449870593	0.03607189443278131	1.0	ref	1.1824215717382431	0.00026503585092781145	0.03607189443278131	3361
8	92966215	92966216	1.0	rs16915403	31	G	C	1	-1.932722766612633	1.7292914979529304	0.9989753872910588	0.0002052012801278003	1.0	0.030621627393616745	alt	1.7292914979529304	0.0002052012801278003	0.030621627393616745	3361
8	120472507	120472508	1.0	rs9649950	42	G	A	2	-1.566224873450905	1.4592239866608943	0.9978555367029314	0.00027587003829802214	1.0	0.036227253429296266	alt	1.4592239866608943	0.00027587003829802214	0.036227253429296266	3361
9	6757030	6757031	1.0	rs4742260	58	T	C	2	-0.898960251416699	1.373550331761842	0.9983835839359815	0.00013353438025296937	1.0	0.027293351520811394	alt	1.373550331761842	0.00013353438025296937	0.027293351520811394	3361
9	113410386	113410387	1.0	rs17525042	55	T	C	2	1.4215086679062923	-0.28798374764896756	0.00017873061614829188	0.9961587013430158	0.029341786530169386	1.0	ref	1.4215086679062923	0.00017873061614829188	0.029341786530169386	3361
